Type,Csid,Cgrid,Cap_kW,waitingLine,Vol_0min,Vol_30min,Vol_60min,ElapsedTime
F,90000000,0,0,0,0,0,0,60
F,90000001,1,0,0,0,0,0,60
F,90000200,0,0,0,0,0,0,60
F,90000201,1,0,0,0,0,0,60
F,90000400,0,0,0,0,0,0,60
F,90000401,1,0,0,0,0,0,60
F,90000800,0,0,0,0,0,0,60
F,90001000,0,0,0,0,0,0,60
F,90001200,0,0,0,0,0,0,60
F,90001201,1,0,0,0,0,0,60
F,90001600,0,0,0,0,0,0,60
F,90000000,0,0,0,0,0,0,120
F,90000001,1,0,0,0,0,0,120
F,90000200,0,0,0,0,0,0,120
F,90000201,1,0,0,0,0,0,120
F,90000400,0,0,0,0,0,0,120
F,90000401,1,0,0,0,0,0,120
F,90000800,0,0,0,0,0,0,120
F,90001000,0,0,0,0,0,0,120
F,90001200,0,0,0,0,0,0,120
F,90001201,1,0,0,0,0,0,120
F,90001600,0,0,0,0,0,0,120
F,90000000,0,90,1,1,0,0,180
F,90000001,1,0,1,0,0,0,180
F,90000200,0,0,0,0,0,0,180
F,90000201,1,0,0,0,0,0,180
F,90000400,0,0,0,0,0,0,180
F,90000401,1,0,0,0,0,0,180
F,90000800,0,0,0,0,0,0,180
F,90001000,0,0,0,0,0,0,180
F,90001200,0,0,0,0,0,0,180
F,90001201,1,0,0,0,0,0,180
F,90001600,0,0,0,0,0,0,180
F,90000000,0,90,1,1,0,0,240
F,90000001,1,0,1,0,0,0,240
F,90000200,0,0,0,0,0,0,240
F,90000201,1,0,0,0,0,0,240
F,90000400,0,0,0,0,0,0,240
F,90000401,1,0,0,0,0,0,240
F,90000800,0,0,0,0,0,0,240
F,90001000,0,0,0,0,0,0,240
F,90001200,0,0,0,0,0,0,240
F,90001201,1,0,0,0,0,0,240
F,90001600,0,0,0,0,0,0,240
F,90000000,0,90,1,1,0,0,300
F,90000001,1,0,1,0,0,0,300
F,90000200,0,0,0,0,0,0,300
F,90000201,1,0,0,0,0,0,300
F,90000400,0,0,0,0,0,0,300
F,90000401,1,0,0,0,0,0,300
F,90000800,0,0,0,0,0,0,300
F,90001000,0,0,0,0,0,0,300
F,90001200,0,0,0,0,0,0,300
F,90001201,1,0,0,0,0,0,300
F,90001600,0,0,0,0,0,0,300
F,90000000,0,90,1,1,0,0,360
F,90000001,1,0,1,0,0,0,360
F,90000200,0,0,0,0,0,0,360
F,90000201,1,0,0,0,0,0,360
F,90000400,0,0,0,0,0,0,360
F,90000401,1,0,0,0,0,0,360
F,90000800,0,0,0,0,0,0,360
F,90001000,0,0,0,0,0,0,360
F,90001200,0,0,0,0,0,0,360
F,90001201,1,0,0,0,0,0,360
F,90001600,0,0,0,0,0,0,360
F,90000000,0,90,1,1,0,0,420
F,90000001,1,0,1,0,0,0,420
F,90000200,0,0,0,0,0,0,420
F,90000201,1,0,0,0,0,0,420
F,90000400,0,0,0,0,0,0,420
F,90000401,1,0,0,0,0,0,420
F,90000800,0,0,0,0,0,0,420
F,90001000,0,0,0,0,0,0,420
F,90001200,0,0,0,0,0,0,420
F,90001201,1,0,0,0,0,0,420
F,90001600,0,0,0,0,0,0,420
F,90000000,0,90,1,1,0,0,480
F,90000001,1,0,1,0,0,0,480
F,90000200,0,0,0,0,0,0,480
F,90000201,1,0,0,0,0,0,480
F,90000400,0,0,0,0,0,0,480
F,90000401,1,0,0,0,0,0,480
F,90000800,0,0,0,0,0,0,480
F,90001000,0,0,0,0,0,0,480
F,90001200,0,0,0,0,0,0,480
F,90001201,1,0,0,0,0,0,480
F,90001600,0,0,0,0,0,0,480
F,90000000,0,90,1,1,0,0,540
F,90000001,1,0,1,0,0,0,540
F,90000200,0,0,0,0,0,0,540
F,90000201,1,0,0,0,0,0,540
F,90000400,0,0,0,0,0,0,540
F,90000401,1,0,0,0,0,0,540
F,90000800,0,0,0,0,0,0,540
F,90001000,0,0,0,0,0,0,540
F,90001200,0,0,0,0,0,0,540
F,90001201,1,0,0,0,0,0,540
F,90001600,0,0,0,0,0,0,540
F,90000000,0,90,1,1,0,0,600
F,90000001,1,0,1,0,0,0,600
F,90000200,0,0,0,0,0,0,600
F,90000201,1,0,0,0,0,0,600
F,90000400,0,0,0,0,0,0,600
F,90000401,1,0,0,0,0,0,600
F,90000800,0,0,0,0,0,0,600
F,90001000,0,0,0,0,0,0,600
F,90001200,0,0,0,0,0,0,600
F,90001201,1,0,0,0,0,0,600
F,90001600,0,0,0,0,0,0,600
F,90000000,0,90,1,1,0,0,660
F,90000001,1,0,1,0,0,0,660
F,90000200,0,0,0,0,0,0,660
F,90000201,1,0,0,0,0,0,660
F,90000400,0,0,0,0,0,0,660
F,90000401,1,0,0,0,0,0,660
F,90000800,0,0,0,0,0,0,660
F,90001000,0,0,0,0,0,0,660
F,90001200,0,0,0,0,0,0,660
F,90001201,1,0,0,0,0,0,660
F,90001600,0,0,0,0,0,0,660
F,90000000,0,90,1,1,0,0,720
F,90000001,1,0,1,0,0,0,720
F,90000200,0,0,0,0,0,0,720
F,90000201,1,0,0,0,0,0,720
F,90000400,0,0,0,0,0,0,720
F,90000401,1,0,0,0,0,0,720
F,90000800,0,0,0,0,0,0,720
F,90001000,0,0,0,0,0,0,720
F,90001200,0,0,0,0,0,0,720
F,90001201,1,0,0,0,0,0,720
F,90001600,0,0,0,0,0,0,720
F,90000000,0,90,1,1,0,0,780
F,90000001,1,0,1,0,0,0,780
F,90000200,0,0,0,0,0,0,780
F,90000201,1,0,0,0,0,0,780
F,90000400,0,0,0,0,0,0,780
F,90000401,1,0,0,0,0,0,780
F,90000800,0,0,0,0,0,0,780
F,90001000,0,0,0,0,0,0,780
F,90001200,0,0,0,0,0,0,780
F,90001201,1,0,0,0,0,0,780
F,90001600,0,0,0,0,0,0,780
F,90000000,0,90,1,1,0,0,840
F,90000001,1,0,1,0,0,0,840
F,90000200,0,0,0,0,0,0,840
F,90000201,1,0,0,0,0,0,840
F,90000400,0,0,0,0,0,0,840
F,90000401,1,0,0,0,0,0,840
F,90000800,0,0,0,0,0,0,840
F,90001000,0,0,0,0,0,0,840
F,90001200,0,0,0,0,0,0,840
F,90001201,1,0,0,0,0,0,840
F,90001600,0,0,0,0,0,0,840
F,90000000,0,90,1,1,0,0,900
F,90000001,1,0,1,0,0,0,900
F,90000200,0,0,0,0,0,0,900
F,90000201,1,0,0,0,0,0,900
F,90000400,0,0,0,0,0,0,900
F,90000401,1,0,0,0,0,0,900
F,90000800,0,0,0,0,0,0,900
F,90001000,0,0,0,0,0,0,900
F,90001200,0,0,0,0,0,0,900
F,90001201,1,0,0,0,0,0,900
F,90001600,0,0,0,0,0,0,900
F,90000000,0,90,1,1,0,0,960
F,90000001,1,0,1,0,0,0,960
F,90000200,0,0,0,0,0,0,960
F,90000201,1,0,0,0,0,0,960
F,90000400,0,0,0,0,0,0,960
F,90000401,1,0,0,0,0,0,960
F,90000800,0,0,0,0,0,0,960
F,90001000,0,0,0,0,0,0,960
F,90001200,0,0,0,0,0,0,960
F,90001201,1,0,0,0,0,0,960
F,90001600,0,0,0,0,0,0,960
F,90000000,0,90,1,1,0,0,1020
F,90000001,1,0,1,0,0,0,1020
F,90000200,0,0,0,0,0,0,1020
F,90000201,1,0,0,0,0,0,1020
F,90000400,0,0,0,0,0,0,1020
F,90000401,1,0,0,0,0,0,1020
F,90000800,0,0,0,0,0,0,1020
F,90001000,0,0,0,0,0,0,1020
F,90001200,0,0,0,0,0,0,1020
F,90001201,1,0,0,0,0,0,1020
F,90001600,0,0,0,0,0,0,1020
F,90000000,0,90,1,1,0,0,1080
F,90000001,1,0,1,0,0,0,1080
F,90000200,0,0,0,0,0,0,1080
F,90000201,1,0,0,0,0,0,1080
F,90000400,0,0,0,0,0,0,1080
F,90000401,1,0,0,0,0,0,1080
F,90000800,0,0,0,0,0,0,1080
F,90001000,0,0,0,0,0,0,1080
F,90001200,0,0,0,0,0,0,1080
F,90001201,1,0,0,0,0,0,1080
F,90001600,0,0,0,0,0,0,1080
F,90000000,0,90,1,1,0,0,1140
F,90000001,1,0,1,0,0,0,1140
F,90000200,0,0,0,0,0,0,1140
F,90000201,1,0,0,0,0,0,1140
F,90000400,0,0,0,0,0,0,1140
F,90000401,1,0,0,0,0,0,1140
F,90000800,0,0,0,0,0,0,1140
F,90001000,0,0,0,0,0,0,1140
F,90001200,0,0,0,0,0,0,1140
F,90001201,1,0,0,0,0,0,1140
F,90001600,0,0,0,0,0,0,1140
F,90000000,0,90,1,1,0,0,1200
F,90000001,1,0,1,0,0,0,1200
F,90000200,0,0,0,0,0,0,1200
F,90000201,1,0,0,0,0,0,1200
F,90000400,0,0,0,0,0,0,1200
F,90000401,1,0,0,0,0,0,1200
F,90000800,0,0,0,0,0,0,1200
F,90001000,0,0,0,0,0,0,1200
F,90001200,0,0,0,0,0,0,1200
F,90001201,1,0,0,0,0,0,1200
F,90001600,0,0,0,0,0,0,1200
F,90000000,0,90,1,1,0,0,1260
F,90000001,1,0,1,0,0,0,1260
F,90000200,0,0,0,0,0,0,1260
F,90000201,1,0,0,0,0,0,1260
F,90000400,0,0,0,0,0,0,1260
F,90000401,1,0,0,0,0,0,1260
F,90000800,0,0,0,0,0,0,1260
F,90001000,0,0,0,0,0,0,1260
F,90001200,0,0,0,0,0,0,1260
F,90001201,1,0,0,0,0,0,1260
F,90001600,0,0,0,0,0,0,1260
F,90000000,0,90,1,1,0,0,1320
F,90000001,1,0,1,0,0,0,1320
F,90000200,0,0,0,0,0,0,1320
F,90000201,1,0,0,0,0,0,1320
F,90000400,0,0,0,0,0,0,1320
F,90000401,1,0,0,0,0,0,1320
F,90000800,0,0,0,0,0,0,1320
F,90001000,0,0,0,0,0,0,1320
F,90001200,0,0,0,0,0,0,1320
F,90001201,1,0,0,0,0,0,1320
F,90001600,0,0,0,0,0,0,1320
F,90000000,0,90,1,1,0,0,1380
F,90000001,1,0,1,0,0,0,1380
F,90000200,0,0,0,0,0,0,1380
F,90000201,1,0,0,0,0,0,1380
F,90000400,0,0,0,0,0,0,1380
F,90000401,1,0,0,0,0,0,1380
F,90000800,0,0,0,0,0,0,1380
F,90001000,0,0,0,0,0,0,1380
F,90001200,0,0,0,0,0,0,1380
F,90001201,1,0,0,0,0,0,1380
F,90001600,0,0,0,0,0,0,1380
F,90000000,0,90,1,1,0,0,1440
F,90000001,1,0,1,0,0,0,1440
F,90000200,0,0,0,0,0,0,1440
F,90000201,1,0,0,0,0,0,1440
F,90000400,0,0,0,0,0,0,1440
F,90000401,1,0,0,0,0,0,1440
F,90000800,0,0,0,0,0,0,1440
F,90001000,0,0,0,0,0,0,1440
F,90001200,0,0,0,0,0,0,1440
F,90001201,1,0,0,0,0,0,1440
F,90001600,0,0,0,0,0,0,1440
F,90000000,0,90,1,1,0,0,1500
F,90000001,1,0,1,0,0,0,1500
F,90000200,0,0,0,0,0,0,1500
F,90000201,1,0,0,0,0,0,1500
F,90000400,0,0,0,0,0,0,1500
F,90000401,1,0,0,0,0,0,1500
F,90000800,0,0,0,0,0,0,1500
F,90001000,0,0,0,0,0,0,1500
F,90001200,0,0,0,0,0,0,1500
F,90001201,1,0,0,0,0,0,1500
F,90001600,0,0,0,0,0,0,1500
F,90000000,0,90,1,1,0,0,1560
F,90000001,1,0,1,0,0,0,1560
F,90000200,0,0,0,0,0,0,1560
F,90000201,1,0,0,0,0,0,1560
F,90000400,0,0,0,0,0,0,1560
F,90000401,1,0,0,0,0,0,1560
F,90000800,0,0,0,0,0,0,1560
F,90001000,0,0,0,0,0,0,1560
F,90001200,0,0,0,0,0,0,1560
F,90001201,1,0,0,0,0,0,1560
F,90001600,0,0,0,0,0,0,1560
F,90000000,0,0,0,0,0,0,1620
F,90000001,1,0,0,0,0,0,1620
F,90000200,0,0,0,0,0,0,1620
F,90000201,1,0,0,0,0,0,1620
F,90000400,0,0,0,0,0,0,1620
F,90000401,1,0,0,0,0,0,1620
F,90000800,0,0,0,0,0,0,1620
F,90001000,0,0,0,0,0,0,1620
F,90001200,0,0,0,0,0,0,1620
F,90001201,1,0,0,0,0,0,1620
F,90001600,0,0,0,0,0,0,1620
F,90000000,0,0,0,0,0,0,1680
F,90000001,1,0,0,0,0,0,1680
F,90000200,0,0,0,0,0,0,1680
F,90000201,1,0,0,0,0,0,1680
F,90000400,0,0,0,0,0,0,1680
F,90000401,1,0,0,0,0,0,1680
F,90000800,0,0,0,0,0,0,1680
F,90001000,0,0,0,0,0,0,1680
F,90001200,0,0,0,0,0,0,1680
F,90001201,1,0,0,0,0,0,1680
F,90001600,0,0,0,0,0,0,1680
F,90000000,0,0,0,0,0,0,1740
F,90000001,1,0,0,0,0,0,1740
F,90000200,0,0,0,0,0,0,1740
F,90000201,1,0,0,0,0,0,1740
F,90000400,0,0,0,0,0,0,1740
F,90000401,1,0,0,0,0,0,1740
F,90000800,0,0,0,0,0,0,1740
F,90001000,0,0,0,0,0,0,1740
F,90001200,0,0,0,0,0,0,1740
F,90001201,1,0,0,0,0,0,1740
F,90001600,0,0,0,0,0,0,1740
F,90000000,0,0,0,0,0,0,1800
F,90000001,1,0,0,0,0,0,1800
F,90000200,0,0,0,0,0,0,1800
F,90000201,1,0,0,0,0,0,1800
F,90000400,0,0,0,0,0,0,1800
F,90000401,1,0,0,0,0,0,1800
F,90000800,0,0,0,0,0,0,1800
F,90001000,0,0,0,0,0,0,1800
F,90001200,0,0,0,0,0,0,1800
F,90001201,1,0,0,0,0,0,1800
F,90001600,0,0,0,0,0,0,1800
F,90000000,0,0,0,0,0,0,1860
F,90000001,1,0,0,0,0,0,1860
F,90000200,0,0,0,0,0,0,1860
F,90000201,1,0,0,0,0,0,1860
F,90000400,0,0,0,0,0,0,1860
F,90000401,1,0,0,0,0,0,1860
F,90000800,0,0,0,0,0,0,1860
F,90001000,0,0,0,0,0,0,1860
F,90001200,0,0,0,0,0,0,1860
F,90001201,1,0,0,0,0,0,1860
F,90001600,0,0,0,0,0,0,1860
F,90000000,0,0,0,0,0,0,1920
F,90000001,1,0,0,0,0,0,1920
F,90000200,0,0,0,0,0,0,1920
F,90000201,1,0,0,0,0,0,1920
F,90000400,0,0,0,0,0,0,1920
F,90000401,1,0,0,0,0,0,1920
F,90000800,0,0,0,0,0,0,1920
F,90001000,0,0,0,0,0,0,1920
F,90001200,0,0,0,0,0,0,1920
F,90001201,1,0,0,0,0,0,1920
F,90001600,0,0,0,0,0,0,1920
F,90000000,0,0,0,0,0,0,1980
F,90000001,1,0,0,0,0,0,1980
F,90000200,0,0,0,0,0,0,1980
F,90000201,1,0,0,0,0,0,1980
F,90000400,0,0,0,0,0,0,1980
F,90000401,1,0,0,0,0,0,1980
F,90000800,0,0,0,0,0,0,1980
F,90001000,0,0,0,0,0,0,1980
F,90001200,0,0,0,0,0,0,1980
F,90001201,1,0,0,0,0,0,1980
F,90001600,0,0,0,0,0,0,1980
F,90000000,0,0,0,0,0,0,2040
F,90000001,1,0,0,0,0,0,2040
F,90000200,0,0,0,0,0,0,2040
F,90000201,1,0,0,0,0,0,2040
F,90000400,0,0,0,0,0,0,2040
F,90000401,1,0,0,0,0,0,2040
F,90000800,0,0,0,0,0,0,2040
F,90001000,0,0,0,0,0,0,2040
F,90001200,0,0,0,0,0,0,2040
F,90001201,1,0,0,0,0,0,2040
F,90001600,0,0,0,0,0,0,2040
F,90000000,0,0,0,0,0,0,2100
F,90000001,1,0,0,0,0,0,2100
F,90000200,0,0,0,0,0,0,2100
F,90000201,1,0,0,0,0,0,2100
F,90000400,0,0,0,0,0,0,2100
F,90000401,1,0,0,0,0,0,2100
F,90000800,0,0,0,0,0,0,2100
F,90001000,0,0,0,0,0,0,2100
F,90001200,0,0,0,0,0,0,2100
F,90001201,1,0,0,0,0,0,2100
F,90001600,0,0,0,0,0,0,2100
F,90000000,0,0,0,0,0,0,2160
F,90000001,1,0,0,0,0,0,2160
F,90000200,0,0,0,0,0,0,2160
F,90000201,1,0,0,0,0,0,2160
F,90000400,0,0,0,0,0,0,2160
F,90000401,1,0,0,0,0,0,2160
F,90000800,0,0,0,0,0,0,2160
F,90001000,0,0,0,0,0,0,2160
F,90001200,0,0,0,0,0,0,2160
F,90001201,1,0,0,0,0,0,2160
F,90001600,0,0,0,0,0,0,2160
F,90000000,0,0,0,0,0,0,2220
F,90000001,1,0,0,0,0,0,2220
F,90000200,0,0,0,0,0,0,2220
F,90000201,1,0,0,0,0,0,2220
F,90000400,0,0,0,0,0,0,2220
F,90000401,1,0,0,0,0,0,2220
F,90000800,0,0,0,0,0,0,2220
F,90001000,0,0,0,0,0,0,2220
F,90001200,0,0,0,0,0,0,2220
F,90001201,1,0,0,0,0,0,2220
F,90001600,0,0,0,0,0,0,2220
F,90000000,0,0,0,0,0,0,2280
F,90000001,1,0,0,0,0,0,2280
F,90000200,0,0,0,0,0,0,2280
F,90000201,1,0,0,0,0,0,2280
F,90000400,0,0,0,0,0,0,2280
F,90000401,1,0,0,0,0,0,2280
F,90000800,0,0,0,0,0,0,2280
F,90001000,0,0,0,0,0,0,2280
F,90001200,0,0,0,0,0,0,2280
F,90001201,1,0,0,0,0,0,2280
F,90001600,0,0,0,0,0,0,2280
F,90000000,0,0,0,0,0,0,2340
F,90000001,1,0,0,0,0,0,2340
F,90000200,0,0,0,0,0,0,2340
F,90000201,1,0,0,0,0,0,2340
F,90000400,0,0,0,0,0,0,2340
F,90000401,1,0,0,0,0,0,2340
F,90000800,0,0,0,0,0,0,2340
F,90001000,0,0,0,0,0,0,2340
F,90001200,0,0,0,0,0,0,2340
F,90001201,1,0,0,0,0,0,2340
F,90001600,0,0,0,0,0,0,2340
F,90000000,0,0,0,0,0,0,2400
F,90000001,1,0,0,0,0,0,2400
F,90000200,0,0,0,0,0,0,2400
F,90000201,1,0,0,0,0,0,2400
F,90000400,0,0,0,0,0,0,2400
F,90000401,1,0,0,0,0,0,2400
F,90000800,0,0,0,0,0,0,2400
F,90001000,0,0,0,0,0,0,2400
F,90001200,0,0,0,0,0,0,2400
F,90001201,1,0,0,0,0,0,2400
F,90001600,0,0,0,0,0,0,2400
F,90000000,0,0,0,0,0,0,2460
F,90000001,1,0,0,0,0,0,2460
F,90000200,0,0,0,0,0,0,2460
F,90000201,1,0,0,0,0,0,2460
F,90000400,0,0,0,0,0,0,2460
F,90000401,1,0,0,0,0,0,2460
F,90000800,0,0,0,0,0,0,2460
F,90001000,0,0,0,0,0,0,2460
F,90001200,0,0,0,0,0,0,2460
F,90001201,1,0,0,0,0,0,2460
F,90001600,0,0,0,0,0,0,2460
F,90000000,0,0,0,0,0,0,2520
F,90000001,1,0,0,0,0,0,2520
F,90000200,0,0,0,0,0,0,2520
F,90000201,1,0,0,0,0,0,2520
F,90000400,0,0,0,0,0,0,2520
F,90000401,1,0,0,0,0,0,2520
F,90000800,0,0,0,0,0,0,2520
F,90001000,0,0,0,0,0,0,2520
F,90001200,0,0,0,0,0,0,2520
F,90001201,1,0,0,0,0,0,2520
F,90001600,0,0,0,0,0,0,2520
F,90000000,0,0,0,0,0,0,2580
F,90000001,1,0,0,0,0,0,2580
F,90000200,0,0,0,0,0,0,2580
F,90000201,1,0,0,0,0,0,2580
F,90000400,0,0,0,0,0,0,2580
F,90000401,1,0,0,0,0,0,2580
F,90000800,0,0,0,0,0,0,2580
F,90001000,0,0,0,0,0,0,2580
F,90001200,0,0,0,0,0,0,2580
F,90001201,1,0,0,0,0,0,2580
F,90001600,0,0,0,0,0,0,2580
F,90000000,0,0,0,0,0,0,2640
F,90000001,1,0,0,0,0,0,2640
F,90000200,0,0,0,0,0,0,2640
F,90000201,1,0,0,0,0,0,2640
F,90000400,0,0,0,0,0,0,2640
F,90000401,1,0,0,0,0,0,2640
F,90000800,0,0,0,0,0,0,2640
F,90001000,0,0,0,0,0,0,2640
F,90001200,0,0,0,0,0,0,2640
F,90001201,1,0,0,0,0,0,2640
F,90001600,0,0,0,0,0,0,2640
F,90000000,0,0,0,0,0,0,2700
F,90000001,1,0,0,0,0,0,2700
F,90000200,0,0,0,0,0,0,2700
F,90000201,1,0,0,0,0,0,2700
F,90000400,0,0,0,0,0,0,2700
F,90000401,1,0,0,0,0,0,2700
F,90000800,0,0,0,0,0,0,2700
F,90001000,0,0,0,0,0,0,2700
F,90001200,0,0,0,0,0,0,2700
F,90001201,1,0,0,0,0,0,2700
F,90001600,0,0,0,0,0,0,2700
F,90000000,0,0,0,0,0,0,2760
F,90000001,1,0,0,0,0,0,2760
F,90000200,0,0,0,0,0,0,2760
F,90000201,1,0,0,0,0,0,2760
F,90000400,0,0,0,0,0,0,2760
F,90000401,1,0,0,0,0,0,2760
F,90000800,0,0,0,0,0,0,2760
F,90001000,0,0,0,0,0,0,2760
F,90001200,0,0,0,0,0,0,2760
F,90001201,1,0,0,0,0,0,2760
F,90001600,0,0,0,0,0,0,2760
F,90000000,0,0,0,0,0,0,2820
F,90000001,1,0,0,0,0,0,2820
F,90000200,0,0,0,0,0,0,2820
F,90000201,1,0,0,0,0,0,2820
F,90000400,0,0,0,0,0,0,2820
F,90000401,1,0,0,0,0,0,2820
F,90000800,0,0,0,0,0,0,2820
F,90001000,0,0,0,0,0,0,2820
F,90001200,0,0,0,0,0,0,2820
F,90001201,1,0,0,0,0,0,2820
F,90001600,0,0,0,0,0,0,2820
F,90000000,0,0,0,0,0,0,2880
F,90000001,1,0,0,0,0,0,2880
F,90000200,0,0,0,0,0,0,2880
F,90000201,1,0,0,0,0,0,2880
F,90000400,0,0,0,0,0,0,2880
F,90000401,1,0,0,0,0,0,2880
F,90000800,0,0,0,0,0,0,2880
F,90001000,0,0,0,0,0,0,2880
F,90001200,0,0,0,0,0,0,2880
F,90001201,1,0,0,0,0,0,2880
F,90001600,0,0,0,0,0,0,2880
F,90000000,0,0,0,0,0,0,2940
F,90000001,1,0,0,0,0,0,2940
F,90000200,0,0,0,0,0,0,2940
F,90000201,1,0,0,0,0,0,2940
F,90000400,0,0,0,0,0,0,2940
F,90000401,1,0,0,0,0,0,2940
F,90000800,0,0,0,0,0,0,2940
F,90001000,0,0,0,0,0,0,2940
F,90001200,0,0,0,0,0,0,2940
F,90001201,1,0,0,0,0,0,2940
F,90001600,0,0,0,0,0,0,2940
F,90000000,0,0,0,0,0,0,3000
F,90000001,1,0,0,0,0,0,3000
F,90000200,0,0,0,0,0,0,3000
F,90000201,1,0,0,0,0,0,3000
F,90000400,0,0,0,0,0,0,3000
F,90000401,1,0,0,0,0,0,3000
F,90000800,0,0,0,0,0,0,3000
F,90001000,0,0,0,0,0,0,3000
F,90001200,0,0,0,0,0,0,3000
F,90001201,1,0,0,0,0,0,3000
F,90001600,0,0,0,0,0,0,3000
F,90000000,0,0,0,0,0,0,3060
F,90000001,1,0,0,0,0,0,3060
F,90000200,0,0,0,0,0,0,3060
F,90000201,1,0,0,0,0,0,3060
F,90000400,0,0,0,0,0,0,3060
F,90000401,1,0,0,0,0,0,3060
F,90000800,0,0,0,0,0,0,3060
F,90001000,0,0,0,0,0,0,3060
F,90001200,0,0,0,0,0,0,3060
F,90001201,1,0,0,0,0,0,3060
F,90001600,0,0,0,0,0,0,3060
F,90000000,0,0,0,0,0,0,3120
F,90000001,1,0,0,0,0,0,3120
F,90000200,0,0,0,0,0,0,3120
F,90000201,1,0,0,0,0,0,3120
F,90000400,0,0,0,0,0,0,3120
F,90000401,1,0,0,0,0,0,3120
F,90000800,0,0,0,0,0,0,3120
F,90001000,0,0,0,0,0,0,3120
F,90001200,0,0,0,0,0,0,3120
F,90001201,1,0,0,0,0,0,3120
F,90001600,0,0,0,0,0,0,3120
F,90000000,0,0,0,0,0,0,3180
F,90000001,1,0,0,0,0,0,3180
F,90000200,0,0,0,0,0,0,3180
F,90000201,1,0,0,0,0,0,3180
F,90000400,0,0,0,0,0,0,3180
F,90000401,1,0,0,0,0,0,3180
F,90000800,0,0,0,0,0,0,3180
F,90001000,0,0,0,0,0,0,3180
F,90001200,0,0,0,0,0,0,3180
F,90001201,1,0,0,0,0,0,3180
F,90001600,0,0,0,0,0,0,3180
F,90000000,0,0,0,0,0,0,3240
F,90000001,1,0,0,0,0,0,3240
F,90000200,0,0,0,0,0,0,3240
F,90000201,1,0,0,0,0,0,3240
F,90000400,0,0,0,0,0,0,3240
F,90000401,1,0,0,0,0,0,3240
F,90000800,0,0,0,0,0,0,3240
F,90001000,0,0,0,0,0,0,3240
F,90001200,0,0,0,0,0,0,3240
F,90001201,1,0,0,0,0,0,3240
F,90001600,0,0,0,0,0,0,3240
F,90000000,0,0,0,0,0,0,3300
F,90000001,1,0,0,0,0,0,3300
F,90000200,0,0,0,0,0,0,3300
F,90000201,1,0,0,0,0,0,3300
F,90000400,0,0,0,0,0,0,3300
F,90000401,1,0,0,0,0,0,3300
F,90000800,0,0,0,0,0,0,3300
F,90001000,0,0,0,0,0,0,3300
F,90001200,0,0,0,0,0,0,3300
F,90001201,1,0,0,0,0,0,3300
F,90001600,0,0,0,0,0,0,3300
F,90000000,0,0,0,0,0,0,3360
F,90000001,1,0,0,0,0,0,3360
F,90000200,0,0,0,0,0,0,3360
F,90000201,1,0,0,0,0,0,3360
F,90000400,0,0,0,0,0,0,3360
F,90000401,1,0,0,0,0,0,3360
F,90000800,0,0,0,0,0,0,3360
F,90001000,0,0,0,0,0,0,3360
F,90001200,0,0,0,0,0,0,3360
F,90001201,1,0,0,0,0,0,3360
F,90001600,0,0,0,0,0,0,3360
F,90000000,0,90,1,1,0,0,3420
F,90000001,1,0,1,0,0,0,3420
F,90000200,0,0,0,0,0,0,3420
F,90000201,1,0,0,0,0,0,3420
F,90000400,0,0,0,0,0,0,3420
F,90000401,1,0,0,0,0,0,3420
F,90000800,0,0,0,0,0,0,3420
F,90001000,0,0,0,0,0,0,3420
F,90001200,0,0,0,0,0,0,3420
F,90001201,1,0,0,0,0,0,3420
F,90001600,0,0,0,0,0,0,3420
F,90000000,0,90,1,1,0,0,3480
F,90000001,1,0,1,0,0,0,3480
F,90000200,0,0,0,0,0,0,3480
F,90000201,1,0,0,0,0,0,3480
F,90000400,0,0,0,0,0,0,3480
F,90000401,1,0,0,0,0,0,3480
F,90000800,0,0,0,0,0,0,3480
F,90001000,0,0,0,0,0,0,3480
F,90001200,0,0,0,0,0,0,3480
F,90001201,1,0,0,0,0,0,3480
F,90001600,0,0,0,0,0,0,3480
F,90000000,0,90,1,1,0,0,3540
F,90000001,1,0,1,0,0,0,3540
F,90000200,0,0,0,0,0,0,3540
F,90000201,1,0,0,0,0,0,3540
F,90000400,0,0,0,0,0,0,3540
F,90000401,1,0,0,0,0,0,3540
F,90000800,0,0,0,0,0,0,3540
F,90001000,0,0,0,0,0,0,3540
F,90001200,0,0,0,0,0,0,3540
F,90001201,1,0,0,0,0,0,3540
F,90001600,0,0,0,0,0,0,3540
F,90000000,0,90,1,1,0,0,3600
F,90000001,1,0,1,0,0,0,3600
F,90000200,0,0,0,0,0,0,3600
F,90000201,1,0,0,0,0,0,3600
F,90000400,0,0,0,0,0,0,3600
F,90000401,1,0,0,0,0,0,3600
F,90000800,0,0,0,0,0,0,3600
F,90001000,0,0,0,0,0,0,3600
F,90001200,0,0,0,0,0,0,3600
F,90001201,1,0,0,0,0,0,3600
F,90001600,0,0,0,0,0,0,3600
F,90000000,0,90,1,1,0,0,3660
F,90000001,1,0,1,0,0,0,3660
F,90000200,0,0,0,0,0,0,3660
F,90000201,1,0,0,0,0,0,3660
F,90000400,0,0,0,0,0,0,3660
F,90000401,1,0,0,0,0,0,3660
F,90000800,0,0,0,0,0,0,3660
F,90001000,0,0,0,0,0,0,3660
F,90001200,0,0,0,0,0,0,3660
F,90001201,1,0,0,0,0,0,3660
F,90001600,0,0,0,0,0,0,3660
F,90000000,0,90,1,1,0,0,3720
F,90000001,1,0,1,0,0,0,3720
F,90000200,0,0,0,0,0,0,3720
F,90000201,1,0,0,0,0,0,3720
F,90000400,0,0,0,0,0,0,3720
F,90000401,1,0,0,0,0,0,3720
F,90000800,0,0,0,0,0,0,3720
F,90001000,0,0,0,0,0,0,3720
F,90001200,0,0,0,0,0,0,3720
F,90001201,1,0,0,0,0,0,3720
F,90001600,0,0,0,0,0,0,3720
F,90000000,0,90,1,1,0,0,3780
F,90000001,1,0,1,0,0,0,3780
F,90000200,0,0,0,0,0,0,3780
F,90000201,1,0,0,0,0,0,3780
F,90000400,0,0,0,0,0,0,3780
F,90000401,1,0,0,0,0,0,3780
F,90000800,0,0,0,0,0,0,3780
F,90001000,0,0,0,0,0,0,3780
F,90001200,0,0,0,0,0,0,3780
F,90001201,1,0,0,0,0,0,3780
F,90001600,0,0,0,0,0,0,3780
F,90000000,0,90,1,1,0,0,3840
F,90000001,1,0,1,0,0,0,3840
F,90000200,0,0,0,0,0,0,3840
F,90000201,1,0,0,0,0,0,3840
F,90000400,0,0,0,0,0,0,3840
F,90000401,1,0,0,0,0,0,3840
F,90000800,0,0,0,0,0,0,3840
F,90001000,0,0,0,0,0,0,3840
F,90001200,0,0,0,0,0,0,3840
F,90001201,1,0,0,0,0,0,3840
F,90001600,0,0,0,0,0,0,3840
F,90000000,0,90,1,1,0,0,3900
F,90000001,1,0,1,0,0,0,3900
F,90000200,0,0,0,0,0,0,3900
F,90000201,1,0,0,0,0,0,3900
F,90000400,0,0,0,0,0,0,3900
F,90000401,1,0,0,0,0,0,3900
F,90000800,0,0,0,0,0,0,3900
F,90001000,0,0,0,0,0,0,3900
F,90001200,0,0,0,0,0,0,3900
F,90001201,1,0,0,0,0,0,3900
F,90001600,0,0,0,0,0,0,3900
F,90000000,0,90,1,1,0,0,3960
F,90000001,1,0,1,0,0,0,3960
F,90000200,0,0,0,0,0,0,3960
F,90000201,1,0,0,0,0,0,3960
F,90000400,0,0,0,0,0,0,3960
F,90000401,1,0,0,0,0,0,3960
F,90000800,0,0,0,0,0,0,3960
F,90001000,0,0,0,0,0,0,3960
F,90001200,0,0,0,0,0,0,3960
F,90001201,1,0,0,0,0,0,3960
F,90001600,0,0,0,0,0,0,3960
F,90000000,0,90,1,1,0,0,4020
F,90000001,1,0,1,0,0,0,4020
F,90000200,0,0,0,0,0,0,4020
F,90000201,1,0,0,0,0,0,4020
F,90000400,0,0,0,0,0,0,4020
F,90000401,1,0,0,0,0,0,4020
F,90000800,0,0,0,0,0,0,4020
F,90001000,0,0,0,0,0,0,4020
F,90001200,0,0,0,0,0,0,4020
F,90001201,1,0,0,0,0,0,4020
F,90001600,0,0,0,0,0,0,4020
F,90000000,0,90,1,1,0,0,4080
F,90000001,1,0,1,0,0,0,4080
F,90000200,0,0,0,0,0,0,4080
F,90000201,1,0,0,0,0,0,4080
F,90000400,0,0,0,0,0,0,4080
F,90000401,1,0,0,0,0,0,4080
F,90000800,0,0,0,0,0,0,4080
F,90001000,0,0,0,0,0,0,4080
F,90001200,0,0,0,0,0,0,4080
F,90001201,1,0,0,0,0,0,4080
F,90001600,0,0,0,0,0,0,4080
F,90000000,0,90,1,1,0,0,4140
F,90000001,1,0,1,0,0,0,4140
F,90000200,0,0,0,0,0,0,4140
F,90000201,1,0,0,0,0,0,4140
F,90000400,0,0,0,0,0,0,4140
F,90000401,1,0,0,0,0,0,4140
F,90000800,0,0,0,0,0,0,4140
F,90001000,0,0,0,0,0,0,4140
F,90001200,0,0,0,0,0,0,4140
F,90001201,1,0,0,0,0,0,4140
F,90001600,0,0,0,0,0,0,4140
F,90000000,0,90,1,1,0,0,4200
F,90000001,1,0,1,0,0,0,4200
F,90000200,0,0,0,0,0,0,4200
F,90000201,1,0,0,0,0,0,4200
F,90000400,0,0,0,0,0,0,4200
F,90000401,1,0,0,0,0,0,4200
F,90000800,0,0,0,0,0,0,4200
F,90001000,0,0,0,0,0,0,4200
F,90001200,0,0,0,0,0,0,4200
F,90001201,1,0,0,0,0,0,4200
F,90001600,0,0,0,0,0,0,4200
F,90000000,0,90,1,1,0,0,4260
F,90000001,1,0,1,0,0,0,4260
F,90000200,0,0,0,0,0,0,4260
F,90000201,1,0,0,0,0,0,4260
F,90000400,0,0,0,0,0,0,4260
F,90000401,1,0,0,0,0,0,4260
F,90000800,0,0,0,0,0,0,4260
F,90001000,0,0,0,0,0,0,4260
F,90001200,0,0,0,0,0,0,4260
F,90001201,1,0,0,0,0,0,4260
F,90001600,0,0,0,0,0,0,4260
F,90000000,0,90,1,1,0,0,4320
F,90000001,1,0,1,0,0,0,4320
F,90000200,0,0,0,0,0,0,4320
F,90000201,1,0,0,0,0,0,4320
F,90000400,0,0,0,0,0,0,4320
F,90000401,1,0,0,0,0,0,4320
F,90000800,0,0,0,0,0,0,4320
F,90001000,0,0,0,0,0,0,4320
F,90001200,0,0,0,0,0,0,4320
F,90001201,1,0,0,0,0,0,4320
F,90001600,0,0,0,0,0,0,4320
F,90000000,0,90,1,1,0,0,4380
F,90000001,1,0,1,0,0,0,4380
F,90000200,0,0,0,0,0,0,4380
F,90000201,1,0,0,0,0,0,4380
F,90000400,0,0,0,0,0,0,4380
F,90000401,1,0,0,0,0,0,4380
F,90000800,0,0,0,0,0,0,4380
F,90001000,0,0,0,0,0,0,4380
F,90001200,0,0,0,0,0,0,4380
F,90001201,1,0,0,0,0,0,4380
F,90001600,0,0,0,0,0,0,4380
F,90000000,0,90,1,1,0,0,4440
F,90000001,1,0,1,0,0,0,4440
F,90000200,0,0,0,0,0,0,4440
F,90000201,1,0,0,0,0,0,4440
F,90000400,0,0,0,0,0,0,4440
F,90000401,1,0,0,0,0,0,4440
F,90000800,0,0,0,0,0,0,4440
F,90001000,0,0,0,0,0,0,4440
F,90001200,0,0,0,0,0,0,4440
F,90001201,1,0,0,0,0,0,4440
F,90001600,0,0,0,0,0,0,4440
F,90000000,0,90,1,1,0,0,4500
F,90000001,1,0,1,0,0,0,4500
F,90000200,0,0,0,0,0,0,4500
F,90000201,1,0,0,0,0,0,4500
F,90000400,0,0,0,0,0,0,4500
F,90000401,1,0,0,0,0,0,4500
F,90000800,0,0,0,0,0,0,4500
F,90001000,0,0,0,0,0,0,4500
F,90001200,0,0,0,0,0,0,4500
F,90001201,1,0,0,0,0,0,4500
F,90001600,0,0,0,0,0,0,4500
F,90000000,0,90,1,1,0,0,4560
F,90000001,1,0,1,0,0,0,4560
F,90000200,0,0,0,0,0,0,4560
F,90000201,1,0,0,0,0,0,4560
F,90000400,0,0,0,0,0,0,4560
F,90000401,1,0,0,0,0,0,4560
F,90000800,0,0,0,0,0,0,4560
F,90001000,0,0,0,0,0,0,4560
F,90001200,0,0,0,0,0,0,4560
F,90001201,1,0,0,0,0,0,4560
F,90001600,0,0,0,0,0,0,4560
F,90000000,0,90,1,1,0,0,4620
F,90000001,1,0,1,0,0,0,4620
F,90000200,0,0,0,0,0,0,4620
F,90000201,1,0,0,0,0,0,4620
F,90000400,0,0,0,0,0,0,4620
F,90000401,1,0,0,0,0,0,4620
F,90000800,0,0,0,0,0,0,4620
F,90001000,0,0,0,0,0,0,4620
F,90001200,0,0,0,0,0,0,4620
F,90001201,1,0,0,0,0,0,4620
F,90001600,0,0,0,0,0,0,4620
F,90000000,0,90,1,1,0,0,4680
F,90000001,1,0,1,0,0,0,4680
F,90000200,0,0,0,0,0,0,4680
F,90000201,1,0,0,0,0,0,4680
F,90000400,0,0,0,0,0,0,4680
F,90000401,1,0,0,0,0,0,4680
F,90000800,0,0,0,0,0,0,4680
F,90001000,0,0,0,0,0,0,4680
F,90001200,0,0,0,0,0,0,4680
F,90001201,1,0,0,0,0,0,4680
F,90001600,0,0,0,0,0,0,4680
F,90000000,0,90,1,1,0,0,4740
F,90000001,1,0,1,0,0,0,4740
F,90000200,0,0,0,0,0,0,4740
F,90000201,1,0,0,0,0,0,4740
F,90000400,0,0,0,0,0,0,4740
F,90000401,1,0,0,0,0,0,4740
F,90000800,0,0,0,0,0,0,4740
F,90001000,0,0,0,0,0,0,4740
F,90001200,0,0,0,0,0,0,4740
F,90001201,1,0,0,0,0,0,4740
F,90001600,0,0,0,0,0,0,4740
F,90000000,0,90,1,1,0,0,4800
F,90000001,1,0,1,0,0,0,4800
F,90000200,0,0,0,0,0,0,4800
F,90000201,1,0,0,0,0,0,4800
F,90000400,0,0,0,0,0,0,4800
F,90000401,1,0,0,0,0,0,4800
F,90000800,0,0,0,0,0,0,4800
F,90001000,0,0,0,0,0,0,4800
F,90001200,0,0,0,0,0,0,4800
F,90001201,1,0,0,0,0,0,4800
F,90001600,0,0,0,0,0,0,4800
F,90000000,0,0,0,0,0,0,4860
F,90000001,1,0,0,0,0,0,4860
F,90000200,0,0,0,0,0,0,4860
F,90000201,1,0,0,0,0,0,4860
F,90000400,0,0,0,0,0,0,4860
F,90000401,1,0,0,0,0,0,4860
F,90000800,0,0,0,0,0,0,4860
F,90001000,0,0,0,0,0,0,4860
F,90001200,0,0,0,0,0,0,4860
F,90001201,1,0,0,0,0,0,4860
F,90001600,0,0,0,0,0,0,4860
F,90000000,0,0,0,0,0,0,4920
F,90000001,1,0,0,0,0,0,4920
F,90000200,0,0,0,0,0,0,4920
F,90000201,1,0,0,0,0,0,4920
F,90000400,0,0,0,0,0,0,4920
F,90000401,1,0,0,0,0,0,4920
F,90000800,0,0,0,0,0,0,4920
F,90001000,0,0,0,0,0,0,4920
F,90001200,0,0,0,0,0,0,4920
F,90001201,1,0,0,0,0,0,4920
F,90001600,0,0,0,0,0,0,4920
F,90000000,0,0,0,0,0,0,4980
F,90000001,1,0,0,0,0,0,4980
F,90000200,0,0,0,0,0,0,4980
F,90000201,1,0,0,0,0,0,4980
F,90000400,0,0,0,0,0,0,4980
F,90000401,1,0,0,0,0,0,4980
F,90000800,0,0,0,0,0,0,4980
F,90001000,0,0,0,0,0,0,4980
F,90001200,0,0,0,0,0,0,4980
F,90001201,1,0,0,0,0,0,4980
F,90001600,0,0,0,0,0,0,4980
F,90000000,0,0,0,0,0,0,5040
F,90000001,1,0,0,0,0,0,5040
F,90000200,0,0,0,0,0,0,5040
F,90000201,1,0,0,0,0,0,5040
F,90000400,0,0,0,0,0,0,5040
F,90000401,1,0,0,0,0,0,5040
F,90000800,0,0,0,0,0,0,5040
F,90001000,0,0,0,0,0,0,5040
F,90001200,0,0,0,0,0,0,5040
F,90001201,1,0,0,0,0,0,5040
F,90001600,0,0,0,0,0,0,5040
F,90000000,0,0,0,0,0,0,5100
F,90000001,1,0,0,0,0,0,5100
F,90000200,0,0,0,0,0,0,5100
F,90000201,1,0,0,0,0,0,5100
F,90000400,0,0,0,0,0,0,5100
F,90000401,1,0,0,0,0,0,5100
F,90000800,0,0,0,0,0,0,5100
F,90001000,0,0,0,0,0,0,5100
F,90001200,0,0,0,0,0,0,5100
F,90001201,1,0,0,0,0,0,5100
F,90001600,0,0,0,0,0,0,5100
F,90000000,0,0,0,0,0,0,5160
F,90000001,1,0,0,0,0,0,5160
F,90000200,0,0,0,0,0,0,5160
F,90000201,1,0,0,0,0,0,5160
F,90000400,0,0,0,0,0,0,5160
F,90000401,1,0,0,0,0,0,5160
F,90000800,0,0,0,0,0,0,5160
F,90001000,0,0,0,0,0,0,5160
F,90001200,0,0,0,0,0,0,5160
F,90001201,1,0,0,0,0,0,5160
F,90001600,0,0,0,0,0,0,5160
F,90000000,0,0,0,0,0,0,5220
F,90000001,1,0,0,0,0,0,5220
F,90000200,0,0,0,0,0,0,5220
F,90000201,1,0,0,0,0,0,5220
F,90000400,0,0,0,0,0,0,5220
F,90000401,1,0,0,0,0,0,5220
F,90000800,0,0,0,0,0,0,5220
F,90001000,0,0,0,0,0,0,5220
F,90001200,0,0,0,0,0,0,5220
F,90001201,1,0,0,0,0,0,5220
F,90001600,0,0,0,0,0,0,5220
F,90000000,0,0,0,0,0,0,5280
F,90000001,1,0,0,0,0,0,5280
F,90000200,0,0,0,0,0,0,5280
F,90000201,1,0,0,0,0,0,5280
F,90000400,0,0,0,0,0,0,5280
F,90000401,1,0,0,0,0,0,5280
F,90000800,0,0,0,0,0,0,5280
F,90001000,0,0,0,0,0,0,5280
F,90001200,0,0,0,0,0,0,5280
F,90001201,1,0,0,0,0,0,5280
F,90001600,0,0,0,0,0,0,5280
F,90000000,0,0,0,0,0,0,5340
F,90000001,1,0,0,0,0,0,5340
F,90000200,0,0,0,0,0,0,5340
F,90000201,1,0,0,0,0,0,5340
F,90000400,0,0,0,0,0,0,5340
F,90000401,1,0,0,0,0,0,5340
F,90000800,0,0,0,0,0,0,5340
F,90001000,0,0,0,0,0,0,5340
F,90001200,0,0,0,0,0,0,5340
F,90001201,1,0,0,0,0,0,5340
F,90001600,0,0,0,0,0,0,5340
F,90000000,0,0,0,0,0,0,5400
F,90000001,1,0,0,0,0,0,5400
F,90000200,0,0,0,0,0,0,5400
F,90000201,1,0,0,0,0,0,5400
F,90000400,0,0,0,0,0,0,5400
F,90000401,1,0,0,0,0,0,5400
F,90000800,0,0,0,0,0,0,5400
F,90001000,0,0,0,0,0,0,5400
F,90001200,0,0,0,0,0,0,5400
F,90001201,1,0,0,0,0,0,5400
F,90001600,0,0,0,0,0,0,5400
F,90000000,0,0,0,0,0,0,5460
F,90000001,1,0,0,0,0,0,5460
F,90000200,0,0,0,0,0,0,5460
F,90000201,1,0,0,0,0,0,5460
F,90000400,0,0,0,0,0,0,5460
F,90000401,1,0,0,0,0,0,5460
F,90000800,0,0,0,0,0,0,5460
F,90001000,0,0,0,0,0,0,5460
F,90001200,0,0,0,0,0,0,5460
F,90001201,1,0,0,0,0,0,5460
F,90001600,0,0,0,0,0,0,5460
F,90000000,0,0,0,0,0,0,5520
F,90000001,1,0,0,0,0,0,5520
F,90000200,0,0,0,0,0,0,5520
F,90000201,1,0,0,0,0,0,5520
F,90000400,0,0,0,0,0,0,5520
F,90000401,1,0,0,0,0,0,5520
F,90000800,0,0,0,0,0,0,5520
F,90001000,0,0,0,0,0,0,5520
F,90001200,0,0,0,0,0,0,5520
F,90001201,1,0,0,0,0,0,5520
F,90001600,0,0,0,0,0,0,5520
F,90000000,0,0,0,0,0,0,5580
F,90000001,1,0,0,0,0,0,5580
F,90000200,0,0,0,0,0,0,5580
F,90000201,1,0,0,0,0,0,5580
F,90000400,0,0,0,0,0,0,5580
F,90000401,1,0,0,0,0,0,5580
F,90000800,0,0,0,0,0,0,5580
F,90001000,0,0,0,0,0,0,5580
F,90001200,0,0,0,0,0,0,5580
F,90001201,1,0,0,0,0,0,5580
F,90001600,0,0,0,0,0,0,5580
F,90000000,0,0,0,0,0,0,5640
F,90000001,1,0,0,0,0,0,5640
F,90000200,0,0,0,0,0,0,5640
F,90000201,1,0,0,0,0,0,5640
F,90000400,0,0,0,0,0,0,5640
F,90000401,1,0,0,0,0,0,5640
F,90000800,0,0,0,0,0,0,5640
F,90001000,0,0,0,0,0,0,5640
F,90001200,0,0,0,0,0,0,5640
F,90001201,1,0,0,0,0,0,5640
F,90001600,0,0,0,0,0,0,5640
F,90000000,0,0,0,0,0,0,5700
F,90000001,1,0,0,0,0,0,5700
F,90000200,0,0,0,0,0,0,5700
F,90000201,1,0,0,0,0,0,5700
F,90000400,0,0,0,0,0,0,5700
F,90000401,1,0,0,0,0,0,5700
F,90000800,0,0,0,0,0,0,5700
F,90001000,0,0,0,0,0,0,5700
F,90001200,0,0,0,0,0,0,5700
F,90001201,1,0,0,0,0,0,5700
F,90001600,0,0,0,0,0,0,5700
F,90000000,0,0,0,0,0,0,5760
F,90000001,1,0,0,0,0,0,5760
F,90000200,0,0,0,0,0,0,5760
F,90000201,1,0,0,0,0,0,5760
F,90000400,0,0,0,0,0,0,5760
F,90000401,1,0,0,0,0,0,5760
F,90000800,0,0,0,0,0,0,5760
F,90001000,0,0,0,0,0,0,5760
F,90001200,0,0,0,0,0,0,5760
F,90001201,1,0,0,0,0,0,5760
F,90001600,0,0,0,0,0,0,5760
F,90000000,0,0,0,0,0,0,5820
F,90000001,1,0,0,0,0,0,5820
F,90000200,0,0,0,0,0,0,5820
F,90000201,1,0,0,0,0,0,5820
F,90000400,0,0,0,0,0,0,5820
F,90000401,1,0,0,0,0,0,5820
F,90000800,0,0,0,0,0,0,5820
F,90001000,0,0,0,0,0,0,5820
F,90001200,0,0,0,0,0,0,5820
F,90001201,1,0,0,0,0,0,5820
F,90001600,0,0,0,0,0,0,5820
F,90000000,0,0,0,0,0,0,5880
F,90000001,1,0,0,0,0,0,5880
F,90000200,0,0,0,0,0,0,5880
F,90000201,1,0,0,0,0,0,5880
F,90000400,0,0,0,0,0,0,5880
F,90000401,1,0,0,0,0,0,5880
F,90000800,0,0,0,0,0,0,5880
F,90001000,0,0,0,0,0,0,5880
F,90001200,0,0,0,0,0,0,5880
F,90001201,1,0,0,0,0,0,5880
F,90001600,0,0,0,0,0,0,5880
F,90000000,0,0,0,0,0,0,5940
F,90000001,1,0,0,0,0,0,5940
F,90000200,0,0,0,0,0,0,5940
F,90000201,1,0,0,0,0,0,5940
F,90000400,0,0,0,0,0,0,5940
F,90000401,1,0,0,0,0,0,5940
F,90000800,0,0,0,0,0,0,5940
F,90001000,0,0,0,0,0,0,5940
F,90001200,0,0,0,0,0,0,5940
F,90001201,1,0,0,0,0,0,5940
F,90001600,0,0,0,0,0,0,5940
F,90000000,0,0,0,0,0,0,6000
F,90000001,1,0,0,0,0,0,6000
F,90000200,0,0,0,0,0,0,6000
F,90000201,1,0,0,0,0,0,6000
F,90000400,0,0,0,0,0,0,6000
F,90000401,1,0,0,0,0,0,6000
F,90000800,0,0,0,0,0,0,6000
F,90001000,0,0,0,0,0,0,6000
F,90001200,0,0,0,0,0,0,6000
F,90001201,1,0,0,0,0,0,6000
F,90001600,0,0,0,0,0,0,6000
F,90000000,0,0,0,0,0,0,6060
F,90000001,1,0,0,0,0,0,6060
F,90000200,0,0,0,0,0,0,6060
F,90000201,1,0,0,0,0,0,6060
F,90000400,0,0,0,0,0,0,6060
F,90000401,1,0,0,0,0,0,6060
F,90000800,0,0,0,0,0,0,6060
F,90001000,0,0,0,0,0,0,6060
F,90001200,0,0,0,0,0,0,6060
F,90001201,1,0,0,0,0,0,6060
F,90001600,0,0,0,0,0,0,6060
F,90000000,0,0,0,0,0,0,6120
F,90000001,1,0,0,0,0,0,6120
F,90000200,0,0,0,0,0,0,6120
F,90000201,1,0,0,0,0,0,6120
F,90000400,0,0,0,0,0,0,6120
F,90000401,1,0,0,0,0,0,6120
F,90000800,0,0,0,0,0,0,6120
F,90001000,0,0,0,0,0,0,6120
F,90001200,0,0,0,0,0,0,6120
F,90001201,1,0,0,0,0,0,6120
F,90001600,0,0,0,0,0,0,6120
F,90000000,0,0,0,0,0,0,6180
F,90000001,1,0,0,0,0,0,6180
F,90000200,0,0,0,0,0,0,6180
F,90000201,1,0,0,0,0,0,6180
F,90000400,0,0,0,0,0,0,6180
F,90000401,1,0,0,0,0,0,6180
F,90000800,0,0,0,0,0,0,6180
F,90001000,0,0,0,0,0,0,6180
F,90001200,0,0,0,0,0,0,6180
F,90001201,1,0,0,0,0,0,6180
F,90001600,0,0,0,0,0,0,6180
F,90000000,0,0,0,0,0,0,6240
F,90000001,1,0,0,0,0,0,6240
F,90000200,0,0,0,0,0,0,6240
F,90000201,1,0,0,0,0,0,6240
F,90000400,0,0,0,0,0,0,6240
F,90000401,1,0,0,0,0,0,6240
F,90000800,0,0,0,0,0,0,6240
F,90001000,0,0,0,0,0,0,6240
F,90001200,0,0,0,0,0,0,6240
F,90001201,1,0,0,0,0,0,6240
F,90001600,0,0,0,0,0,0,6240
F,90000000,0,0,0,0,0,0,6300
F,90000001,1,0,0,0,0,0,6300
F,90000200,0,0,0,0,0,0,6300
F,90000201,1,0,0,0,0,0,6300
F,90000400,0,0,0,0,0,0,6300
F,90000401,1,0,0,0,0,0,6300
F,90000800,0,0,0,0,0,0,6300
F,90001000,0,0,0,0,0,0,6300
F,90001200,0,0,0,0,0,0,6300
F,90001201,1,0,0,0,0,0,6300
F,90001600,0,0,0,0,0,0,6300
F,90000000,0,0,0,0,0,0,6360
F,90000001,1,0,0,0,0,0,6360
F,90000200,0,0,0,0,0,0,6360
F,90000201,1,0,0,0,0,0,6360
F,90000400,0,0,0,0,0,0,6360
F,90000401,1,0,0,0,0,0,6360
F,90000800,0,0,0,0,0,0,6360
F,90001000,0,0,0,0,0,0,6360
F,90001200,0,0,0,0,0,0,6360
F,90001201,1,0,0,0,0,0,6360
F,90001600,0,0,0,0,0,0,6360
F,90000000,0,0,0,0,0,0,6420
F,90000001,1,0,0,0,0,0,6420
F,90000200,0,0,0,0,0,0,6420
F,90000201,1,0,0,0,0,0,6420
F,90000400,0,0,0,0,0,0,6420
F,90000401,1,0,0,0,0,0,6420
F,90000800,0,0,0,0,0,0,6420
F,90001000,0,0,0,0,0,0,6420
F,90001200,0,0,0,0,0,0,6420
F,90001201,1,0,0,0,0,0,6420
F,90001600,0,0,0,0,0,0,6420
F,90000000,0,0,0,0,0,0,6480
F,90000001,1,0,0,0,0,0,6480
F,90000200,0,0,0,0,0,0,6480
F,90000201,1,0,0,0,0,0,6480
F,90000400,0,0,0,0,0,0,6480
F,90000401,1,0,0,0,0,0,6480
F,90000800,0,0,0,0,0,0,6480
F,90001000,0,0,0,0,0,0,6480
F,90001200,0,0,0,0,0,0,6480
F,90001201,1,0,0,0,0,0,6480
F,90001600,0,0,0,0,0,0,6480
F,90000000,0,0,0,0,0,0,6540
F,90000001,1,0,0,0,0,0,6540
F,90000200,0,0,0,0,0,0,6540
F,90000201,1,0,0,0,0,0,6540
F,90000400,0,0,0,0,0,0,6540
F,90000401,1,0,0,0,0,0,6540
F,90000800,0,0,0,0,0,0,6540
F,90001000,0,0,0,0,0,0,6540
F,90001200,0,0,0,0,0,0,6540
F,90001201,1,0,0,0,0,0,6540
F,90001600,0,0,0,0,0,0,6540
F,90000000,0,0,0,0,0,0,6600
F,90000001,1,0,0,0,0,0,6600
F,90000200,0,0,0,0,0,0,6600
F,90000201,1,0,0,0,0,0,6600
F,90000400,0,0,0,0,0,0,6600
F,90000401,1,0,0,0,0,0,6600
F,90000800,0,0,0,0,0,0,6600
F,90001000,0,0,0,0,0,0,6600
F,90001200,0,0,0,0,0,0,6600
F,90001201,1,0,0,0,0,0,6600
F,90001600,0,0,0,0,0,0,6600
F,90000000,0,0,0,0,0,0,6660
F,90000001,1,0,0,0,0,0,6660
F,90000200,0,0,0,0,0,0,6660
F,90000201,1,0,0,0,0,0,6660
F,90000400,0,0,0,0,0,0,6660
F,90000401,1,0,0,0,0,0,6660
F,90000800,0,0,0,0,0,0,6660
F,90001000,0,0,0,0,0,0,6660
F,90001200,0,0,0,0,0,0,6660
F,90001201,1,0,0,0,0,0,6660
F,90001600,0,0,0,0,0,0,6660
F,90000000,0,0,0,0,0,0,6720
F,90000001,1,0,0,0,0,0,6720
F,90000200,0,0,0,0,0,0,6720
F,90000201,1,0,0,0,0,0,6720
F,90000400,0,0,0,0,0,0,6720
F,90000401,1,0,0,0,0,0,6720
F,90000800,0,0,0,0,0,0,6720
F,90001000,0,0,0,0,0,0,6720
F,90001200,0,0,0,0,0,0,6720
F,90001201,1,0,0,0,0,0,6720
F,90001600,0,0,0,0,0,0,6720
F,90000000,0,0,0,0,0,0,6780
F,90000001,1,0,0,0,0,0,6780
F,90000200,0,0,0,0,0,0,6780
F,90000201,1,0,0,0,0,0,6780
F,90000400,0,0,0,0,0,0,6780
F,90000401,1,0,0,0,0,0,6780
F,90000800,0,0,0,0,0,0,6780
F,90001000,0,0,0,0,0,0,6780
F,90001200,0,0,0,0,0,0,6780
F,90001201,1,0,0,0,0,0,6780
F,90001600,0,0,0,0,0,0,6780
F,90000000,0,0,0,0,0,0,6840
F,90000001,1,0,0,0,0,0,6840
F,90000200,0,0,0,0,0,0,6840
F,90000201,1,0,0,0,0,0,6840
F,90000400,0,0,0,0,0,0,6840
F,90000401,1,0,0,0,0,0,6840
F,90000800,0,0,0,0,0,0,6840
F,90001000,0,0,0,0,0,0,6840
F,90001200,0,0,0,0,0,0,6840
F,90001201,1,0,0,0,0,0,6840
F,90001600,0,0,0,0,0,0,6840
F,90000000,0,0,0,0,0,0,6900
F,90000001,1,0,0,0,0,0,6900
F,90000200,0,0,0,0,0,0,6900
F,90000201,1,0,0,0,0,0,6900
F,90000400,0,0,0,0,0,0,6900
F,90000401,1,0,0,0,0,0,6900
F,90000800,0,0,0,0,0,0,6900
F,90001000,0,0,0,0,0,0,6900
F,90001200,0,0,0,0,0,0,6900
F,90001201,1,0,0,0,0,0,6900
F,90001600,0,0,0,0,0,0,6900
F,90000000,0,0,0,0,0,0,6960
F,90000001,1,0,0,0,0,0,6960
F,90000200,0,0,0,0,0,0,6960
F,90000201,1,0,0,0,0,0,6960
F,90000400,0,0,0,0,0,0,6960
F,90000401,1,0,0,0,0,0,6960
F,90000800,0,0,0,0,0,0,6960
F,90001000,0,0,0,0,0,0,6960
F,90001200,0,0,0,0,0,0,6960
F,90001201,1,0,0,0,0,0,6960
F,90001600,0,0,0,0,0,0,6960
F,90000000,0,0,0,0,0,0,7020
F,90000001,1,0,0,0,0,0,7020
F,90000200,0,0,0,0,0,0,7020
F,90000201,1,0,0,0,0,0,7020
F,90000400,0,0,0,0,0,0,7020
F,90000401,1,0,0,0,0,0,7020
F,90000800,0,0,0,0,0,0,7020
F,90001000,0,0,0,0,0,0,7020
F,90001200,0,0,0,0,0,0,7020
F,90001201,1,0,0,0,0,0,7020
F,90001600,0,0,0,0,0,0,7020
F,90000000,0,0,0,0,0,0,7080
F,90000001,1,0,0,0,0,0,7080
F,90000200,0,0,0,0,0,0,7080
F,90000201,1,0,0,0,0,0,7080
F,90000400,0,0,0,0,0,0,7080
F,90000401,1,0,0,0,0,0,7080
F,90000800,0,0,0,0,0,0,7080
F,90001000,0,0,0,0,0,0,7080
F,90001200,0,0,0,0,0,0,7080
F,90001201,1,0,0,0,0,0,7080
F,90001600,0,0,0,0,0,0,7080
F,90000000,0,0,0,0,0,0,7140
F,90000001,1,0,0,0,0,0,7140
F,90000200,0,0,0,0,0,0,7140
F,90000201,1,0,0,0,0,0,7140
F,90000400,0,0,0,0,0,0,7140
F,90000401,1,0,0,0,0,0,7140
F,90000800,0,0,0,0,0,0,7140
F,90001000,0,0,0,0,0,0,7140
F,90001200,0,0,0,0,0,0,7140
F,90001201,1,0,0,0,0,0,7140
F,90001600,0,0,0,0,0,0,7140
F,90000000,0,0,0,0,0,0,7200
F,90000001,1,0,0,0,0,0,7200
F,90000200,0,0,0,0,0,0,7200
F,90000201,1,0,0,0,0,0,7200
F,90000400,0,0,0,0,0,0,7200
F,90000401,1,0,0,0,0,0,7200
F,90000800,0,0,0,0,0,0,7200
F,90001000,0,0,0,0,0,0,7200
F,90001200,0,0,0,0,0,0,7200
F,90001201,1,0,0,0,0,0,7200
F,90001600,0,0,0,0,0,0,7200
F,90000000,0,0,0,0,0,0,7260
F,90000001,1,0,0,0,0,0,7260
F,90000200,0,0,0,0,0,0,7260
F,90000201,1,0,0,0,0,0,7260
F,90000400,0,0,0,0,0,0,7260
F,90000401,1,0,0,0,0,0,7260
F,90000800,0,0,0,0,0,0,7260
F,90001000,0,0,0,0,0,0,7260
F,90001200,0,0,0,0,0,0,7260
F,90001201,1,0,0,0,0,0,7260
F,90001600,0,0,0,0,0,0,7260
F,90000000,0,0,0,0,0,0,7320
F,90000001,1,0,0,0,0,0,7320
F,90000200,0,0,0,0,0,0,7320
F,90000201,1,0,0,0,0,0,7320
F,90000400,0,0,0,0,0,0,7320
F,90000401,1,0,0,0,0,0,7320
F,90000800,0,0,0,0,0,0,7320
F,90001000,0,0,0,0,0,0,7320
F,90001200,0,0,0,0,0,0,7320
F,90001201,1,0,0,0,0,0,7320
F,90001600,0,0,0,0,0,0,7320
F,90000000,0,0,0,0,0,0,7380
F,90000001,1,0,0,0,0,0,7380
F,90000200,0,0,0,0,0,0,7380
F,90000201,1,0,0,0,0,0,7380
F,90000400,0,0,0,0,0,0,7380
F,90000401,1,0,0,0,0,0,7380
F,90000800,0,0,0,0,0,0,7380
F,90001000,0,0,0,0,0,0,7380
F,90001200,0,0,0,0,0,0,7380
F,90001201,1,0,0,0,0,0,7380
F,90001600,0,0,0,0,0,0,7380
F,90000000,0,0,0,0,0,0,7440
F,90000001,1,0,0,0,0,0,7440
F,90000200,0,0,0,0,0,0,7440
F,90000201,1,0,0,0,0,0,7440
F,90000400,0,0,0,0,0,0,7440
F,90000401,1,0,0,0,0,0,7440
F,90000800,0,0,0,0,0,0,7440
F,90001000,0,0,0,0,0,0,7440
F,90001200,0,0,0,0,0,0,7440
F,90001201,1,0,0,0,0,0,7440
F,90001600,0,0,0,0,0,0,7440
F,90000000,0,0,0,0,0,0,7500
F,90000001,1,0,0,0,0,0,7500
F,90000200,0,0,0,0,0,0,7500
F,90000201,1,0,0,0,0,0,7500
F,90000400,0,0,0,0,0,0,7500
F,90000401,1,0,0,0,0,0,7500
F,90000800,0,0,0,0,0,0,7500
F,90001000,0,0,0,0,0,0,7500
F,90001200,0,0,0,0,0,0,7500
F,90001201,1,0,0,0,0,0,7500
F,90001600,0,0,0,0,0,0,7500
F,90000000,0,0,0,0,0,0,7560
F,90000001,1,0,0,0,0,0,7560
F,90000200,0,0,0,0,0,0,7560
F,90000201,1,0,0,0,0,0,7560
F,90000400,0,0,0,0,0,0,7560
F,90000401,1,0,0,0,0,0,7560
F,90000800,0,0,0,0,0,0,7560
F,90001000,0,0,0,0,0,0,7560
F,90001200,0,0,0,0,0,0,7560
F,90001201,1,0,0,0,0,0,7560
F,90001600,0,0,0,0,0,0,7560
F,90000000,0,0,0,0,0,0,7620
F,90000001,1,0,0,0,0,0,7620
F,90000200,0,0,0,0,0,0,7620
F,90000201,1,0,0,0,0,0,7620
F,90000400,0,0,0,0,0,0,7620
F,90000401,1,0,0,0,0,0,7620
F,90000800,0,0,0,0,0,0,7620
F,90001000,0,0,0,0,0,0,7620
F,90001200,0,0,0,0,0,0,7620
F,90001201,1,0,0,0,0,0,7620
F,90001600,0,0,0,0,0,0,7620
F,90000000,0,0,0,0,0,0,7680
F,90000001,1,0,0,0,0,0,7680
F,90000200,0,0,0,0,0,0,7680
F,90000201,1,0,0,0,0,0,7680
F,90000400,0,0,0,0,0,0,7680
F,90000401,1,0,0,0,0,0,7680
F,90000800,0,0,0,0,0,0,7680
F,90001000,0,0,0,0,0,0,7680
F,90001200,0,0,0,0,0,0,7680
F,90001201,1,0,0,0,0,0,7680
F,90001600,0,0,0,0,0,0,7680
F,90000000,0,0,0,0,0,0,7740
F,90000001,1,0,0,0,0,0,7740
F,90000200,0,0,0,0,0,0,7740
F,90000201,1,0,0,0,0,0,7740
F,90000400,0,0,0,0,0,0,7740
F,90000401,1,0,0,0,0,0,7740
F,90000800,0,0,0,0,0,0,7740
F,90001000,0,0,0,0,0,0,7740
F,90001200,0,0,0,0,0,0,7740
F,90001201,1,0,0,0,0,0,7740
F,90001600,0,0,0,0,0,0,7740
F,90000000,0,0,0,0,0,0,7800
F,90000001,1,0,0,0,0,0,7800
F,90000200,0,0,0,0,0,0,7800
F,90000201,1,0,0,0,0,0,7800
F,90000400,0,0,0,0,0,0,7800
F,90000401,1,0,0,0,0,0,7800
F,90000800,0,0,0,0,0,0,7800
F,90001000,0,0,0,0,0,0,7800
F,90001200,0,0,0,0,0,0,7800
F,90001201,1,0,0,0,0,0,7800
F,90001600,0,0,0,0,0,0,7800
F,90000000,0,0,0,0,0,0,7860
F,90000001,1,0,0,0,0,0,7860
F,90000200,0,0,0,0,0,0,7860
F,90000201,1,0,0,0,0,0,7860
F,90000400,0,0,0,0,0,0,7860
F,90000401,1,0,0,0,0,0,7860
F,90000800,0,0,0,0,0,0,7860
F,90001000,0,0,0,0,0,0,7860
F,90001200,0,0,0,0,0,0,7860
F,90001201,1,0,0,0,0,0,7860
F,90001600,0,0,0,0,0,0,7860
F,90000000,0,0,0,0,0,0,7920
F,90000001,1,0,0,0,0,0,7920
F,90000200,0,0,0,0,0,0,7920
F,90000201,1,0,0,0,0,0,7920
F,90000400,0,0,0,0,0,0,7920
F,90000401,1,0,0,0,0,0,7920
F,90000800,0,0,0,0,0,0,7920
F,90001000,0,0,0,0,0,0,7920
F,90001200,0,0,0,0,0,0,7920
F,90001201,1,0,0,0,0,0,7920
F,90001600,0,0,0,0,0,0,7920
F,90000000,0,0,0,0,0,0,7980
F,90000001,1,0,0,0,0,0,7980
F,90000200,0,0,0,0,0,0,7980
F,90000201,1,0,0,0,0,0,7980
F,90000400,0,0,0,0,0,0,7980
F,90000401,1,0,0,0,0,0,7980
F,90000800,0,0,0,0,0,0,7980
F,90001000,0,0,0,0,0,0,7980
F,90001200,0,0,0,0,0,0,7980
F,90001201,1,0,0,0,0,0,7980
F,90001600,0,0,0,0,0,0,7980
F,90000000,0,0,0,0,0,0,8040
F,90000001,1,0,0,0,0,0,8040
F,90000200,0,0,0,0,0,0,8040
F,90000201,1,0,0,0,0,0,8040
F,90000400,0,0,0,0,0,0,8040
F,90000401,1,0,0,0,0,0,8040
F,90000800,0,0,0,0,0,0,8040
F,90001000,0,0,0,0,0,0,8040
F,90001200,0,0,0,0,0,0,8040
F,90001201,1,0,0,0,0,0,8040
F,90001600,0,0,0,0,0,0,8040
F,90000000,0,0,0,0,0,0,8100
F,90000001,1,0,0,0,0,0,8100
F,90000200,0,0,0,0,0,0,8100
F,90000201,1,0,0,0,0,0,8100
F,90000400,0,0,0,0,0,0,8100
F,90000401,1,0,0,0,0,0,8100
F,90000800,0,0,0,0,0,0,8100
F,90001000,0,0,0,0,0,0,8100
F,90001200,0,0,0,0,0,0,8100
F,90001201,1,0,0,0,0,0,8100
F,90001600,0,0,0,0,0,0,8100
F,90000000,0,0,0,0,0,0,8160
F,90000001,1,0,0,0,0,0,8160
F,90000200,0,0,0,0,0,0,8160
F,90000201,1,0,0,0,0,0,8160
F,90000400,0,0,0,0,0,0,8160
F,90000401,1,0,0,0,0,0,8160
F,90000800,0,0,0,0,0,0,8160
F,90001000,0,0,0,0,0,0,8160
F,90001200,0,0,0,0,0,0,8160
F,90001201,1,0,0,0,0,0,8160
F,90001600,0,0,0,0,0,0,8160
F,90000000,0,0,0,0,0,0,8220
F,90000001,1,0,0,0,0,0,8220
F,90000200,0,0,0,0,0,0,8220
F,90000201,1,0,0,0,0,0,8220
F,90000400,0,0,0,0,0,0,8220
F,90000401,1,0,0,0,0,0,8220
F,90000800,0,0,0,0,0,0,8220
F,90001000,0,0,0,0,0,0,8220
F,90001200,0,0,0,0,0,0,8220
F,90001201,1,0,0,0,0,0,8220
F,90001600,0,0,0,0,0,0,8220
F,90000000,0,0,0,0,0,0,8280
F,90000001,1,0,0,0,0,0,8280
F,90000200,0,0,0,0,0,0,8280
F,90000201,1,0,0,0,0,0,8280
F,90000400,0,0,0,0,0,0,8280
F,90000401,1,0,0,0,0,0,8280
F,90000800,0,0,0,0,0,0,8280
F,90001000,0,0,0,0,0,0,8280
F,90001200,0,0,0,0,0,0,8280
F,90001201,1,0,0,0,0,0,8280
F,90001600,0,0,0,0,0,0,8280
F,90000000,0,0,0,0,0,0,8340
F,90000001,1,0,0,0,0,0,8340
F,90000200,0,0,0,0,0,0,8340
F,90000201,1,0,0,0,0,0,8340
F,90000400,0,0,0,0,0,0,8340
F,90000401,1,0,0,0,0,0,8340
F,90000800,0,0,0,0,0,0,8340
F,90001000,0,0,0,0,0,0,8340
F,90001200,0,0,0,0,0,0,8340
F,90001201,1,0,0,0,0,0,8340
F,90001600,0,0,0,0,0,0,8340
F,90000000,0,0,0,0,0,0,8400
F,90000001,1,0,0,0,0,0,8400
F,90000200,0,0,0,0,0,0,8400
F,90000201,1,0,0,0,0,0,8400
F,90000400,0,0,0,0,0,0,8400
F,90000401,1,0,0,0,0,0,8400
F,90000800,0,0,0,0,0,0,8400
F,90001000,0,0,0,0,0,0,8400
F,90001200,0,0,0,0,0,0,8400
F,90001201,1,0,0,0,0,0,8400
F,90001600,0,0,0,0,0,0,8400
F,90000000,0,0,0,0,0,0,8460
F,90000001,1,0,0,0,0,0,8460
F,90000200,0,0,0,0,0,0,8460
F,90000201,1,0,0,0,0,0,8460
F,90000400,0,0,0,0,0,0,8460
F,90000401,1,0,0,0,0,0,8460
F,90000800,0,0,0,0,0,0,8460
F,90001000,0,0,0,0,0,0,8460
F,90001200,0,0,0,0,0,0,8460
F,90001201,1,0,0,0,0,0,8460
F,90001600,0,0,0,0,0,0,8460
F,90000000,0,0,0,0,0,0,8520
F,90000001,1,0,0,0,0,0,8520
F,90000200,0,0,0,0,0,0,8520
F,90000201,1,0,0,0,0,0,8520
F,90000400,0,0,0,0,0,0,8520
F,90000401,1,0,0,0,0,0,8520
F,90000800,0,0,0,0,0,0,8520
F,90001000,0,0,0,0,0,0,8520
F,90001200,0,0,0,0,0,0,8520
F,90001201,1,0,0,0,0,0,8520
F,90001600,0,0,0,0,0,0,8520
F,90000000,0,0,0,0,0,0,8580
F,90000001,1,0,0,0,0,0,8580
F,90000200,0,0,0,0,0,0,8580
F,90000201,1,0,0,0,0,0,8580
F,90000400,0,0,0,0,0,0,8580
F,90000401,1,0,0,0,0,0,8580
F,90000800,0,0,0,0,0,0,8580
F,90001000,0,0,0,0,0,0,8580
F,90001200,0,0,0,0,0,0,8580
F,90001201,1,0,0,0,0,0,8580
F,90001600,0,0,0,0,0,0,8580
F,90000000,0,0,0,0,0,0,8640
F,90000001,1,0,0,0,0,0,8640
F,90000200,0,0,0,0,0,0,8640
F,90000201,1,0,0,0,0,0,8640
F,90000400,0,0,0,0,0,0,8640
F,90000401,1,0,0,0,0,0,8640
F,90000800,0,0,0,0,0,0,8640
F,90001000,0,0,0,0,0,0,8640
F,90001200,0,0,0,0,0,0,8640
F,90001201,1,0,0,0,0,0,8640
F,90001600,0,0,0,0,0,0,8640
F,90000000,0,0,0,0,0,0,8700
F,90000001,1,0,0,0,0,0,8700
F,90000200,0,0,0,0,0,0,8700
F,90000201,1,0,0,0,0,0,8700
F,90000400,0,0,0,0,0,0,8700
F,90000401,1,0,0,0,0,0,8700
F,90000800,0,0,0,0,0,0,8700
F,90001000,0,0,0,0,0,0,8700
F,90001200,0,0,0,0,0,0,8700
F,90001201,1,0,0,0,0,0,8700
F,90001600,0,0,0,0,0,0,8700
F,90000000,0,0,0,0,0,0,8760
F,90000001,1,0,0,0,0,0,8760
F,90000200,0,0,0,0,0,0,8760
F,90000201,1,0,0,0,0,0,8760
F,90000400,0,0,0,0,0,0,8760
F,90000401,1,0,0,0,0,0,8760
F,90000800,0,0,0,0,0,0,8760
F,90001000,0,0,0,0,0,0,8760
F,90001200,0,0,0,0,0,0,8760
F,90001201,1,0,0,0,0,0,8760
F,90001600,0,0,0,0,0,0,8760
F,90000000,0,0,0,0,0,0,8820
F,90000001,1,0,0,0,0,0,8820
F,90000200,0,0,0,0,0,0,8820
F,90000201,1,0,0,0,0,0,8820
F,90000400,0,0,0,0,0,0,8820
F,90000401,1,0,0,0,0,0,8820
F,90000800,0,0,0,0,0,0,8820
F,90001000,0,0,0,0,0,0,8820
F,90001200,0,0,0,0,0,0,8820
F,90001201,1,0,0,0,0,0,8820
F,90001600,0,0,0,0,0,0,8820
F,90000000,0,0,0,0,0,0,8880
F,90000001,1,0,0,0,0,0,8880
F,90000200,0,0,0,0,0,0,8880
F,90000201,1,0,0,0,0,0,8880
F,90000400,0,0,0,0,0,0,8880
F,90000401,1,0,0,0,0,0,8880
F,90000800,0,0,0,0,0,0,8880
F,90001000,0,0,0,0,0,0,8880
F,90001200,0,0,0,0,0,0,8880
F,90001201,1,0,0,0,0,0,8880
F,90001600,0,0,0,0,0,0,8880
F,90000000,0,0,0,0,0,0,8940
F,90000001,1,0,0,0,0,0,8940
F,90000200,0,0,0,0,0,0,8940
F,90000201,1,0,0,0,0,0,8940
F,90000400,0,0,0,0,0,0,8940
F,90000401,1,0,0,0,0,0,8940
F,90000800,0,0,0,0,0,0,8940
F,90001000,0,0,0,0,0,0,8940
F,90001200,0,0,0,0,0,0,8940
F,90001201,1,0,0,0,0,0,8940
F,90001600,0,0,0,0,0,0,8940
F,90000000,0,0,0,0,0,0,9000
F,90000001,1,0,0,0,0,0,9000
F,90000200,0,0,0,0,0,0,9000
F,90000201,1,0,0,0,0,0,9000
F,90000400,0,0,0,0,0,0,9000
F,90000401,1,0,0,0,0,0,9000
F,90000800,0,0,0,0,0,0,9000
F,90001000,0,0,0,0,0,0,9000
F,90001200,0,0,0,0,0,0,9000
F,90001201,1,0,0,0,0,0,9000
F,90001600,0,0,0,0,0,0,9000
F,90000000,0,0,0,0,0,0,9060
F,90000001,1,0,0,0,0,0,9060
F,90000200,0,0,0,0,0,0,9060
F,90000201,1,0,0,0,0,0,9060
F,90000400,0,0,0,0,0,0,9060
F,90000401,1,0,0,0,0,0,9060
F,90000800,0,0,0,0,0,0,9060
F,90001000,0,0,0,0,0,0,9060
F,90001200,0,0,0,0,0,0,9060
F,90001201,1,0,0,0,0,0,9060
F,90001600,0,0,0,0,0,0,9060
F,90000000,0,0,0,0,0,0,9120
F,90000001,1,0,0,0,0,0,9120
F,90000200,0,0,0,0,0,0,9120
F,90000201,1,0,0,0,0,0,9120
F,90000400,0,0,0,0,0,0,9120
F,90000401,1,0,0,0,0,0,9120
F,90000800,0,0,0,0,0,0,9120
F,90001000,0,0,0,0,0,0,9120
F,90001200,0,0,0,0,0,0,9120
F,90001201,1,0,0,0,0,0,9120
F,90001600,0,0,0,0,0,0,9120
F,90000000,0,0,0,0,0,0,9180
F,90000001,1,0,0,0,0,0,9180
F,90000200,0,0,0,0,0,0,9180
F,90000201,1,0,0,0,0,0,9180
F,90000400,0,0,0,0,0,0,9180
F,90000401,1,0,0,0,0,0,9180
F,90000800,0,0,0,0,0,0,9180
F,90001000,0,0,0,0,0,0,9180
F,90001200,0,0,0,0,0,0,9180
F,90001201,1,0,0,0,0,0,9180
F,90001600,0,0,0,0,0,0,9180
F,90000000,0,0,0,0,0,0,9240
F,90000001,1,0,0,0,0,0,9240
F,90000200,0,0,0,0,0,0,9240
F,90000201,1,0,0,0,0,0,9240
F,90000400,0,0,0,0,0,0,9240
F,90000401,1,0,0,0,0,0,9240
F,90000800,0,0,0,0,0,0,9240
F,90001000,0,0,0,0,0,0,9240
F,90001200,0,0,0,0,0,0,9240
F,90001201,1,0,0,0,0,0,9240
F,90001600,0,0,0,0,0,0,9240
F,90000000,0,0,0,0,0,0,9300
F,90000001,1,0,0,0,0,0,9300
F,90000200,0,0,0,0,0,0,9300
F,90000201,1,0,0,0,0,0,9300
F,90000400,0,0,0,0,0,0,9300
F,90000401,1,0,0,0,0,0,9300
F,90000800,0,0,0,0,0,0,9300
F,90001000,0,0,0,0,0,0,9300
F,90001200,0,0,0,0,0,0,9300
F,90001201,1,0,0,0,0,0,9300
F,90001600,0,0,0,0,0,0,9300
F,90000000,0,0,0,0,0,0,9360
F,90000001,1,0,0,0,0,0,9360
F,90000200,0,0,0,0,0,0,9360
F,90000201,1,0,0,0,0,0,9360
F,90000400,0,0,0,0,0,0,9360
F,90000401,1,0,0,0,0,0,9360
F,90000800,0,0,0,0,0,0,9360
F,90001000,0,0,0,0,0,0,9360
F,90001200,0,0,0,0,0,0,9360
F,90001201,1,0,0,0,0,0,9360
F,90001600,0,0,0,0,0,0,9360
F,90000000,0,0,0,0,0,0,9420
F,90000001,1,0,0,0,0,0,9420
F,90000200,0,0,0,0,0,0,9420
F,90000201,1,0,0,0,0,0,9420
F,90000400,0,0,0,0,0,0,9420
F,90000401,1,0,0,0,0,0,9420
F,90000800,0,0,0,0,0,0,9420
F,90001000,0,0,0,0,0,0,9420
F,90001200,0,0,0,0,0,0,9420
F,90001201,1,0,0,0,0,0,9420
F,90001600,0,0,0,0,0,0,9420
F,90000000,0,0,0,0,0,0,9480
F,90000001,1,0,0,0,0,0,9480
F,90000200,0,0,0,0,0,0,9480
F,90000201,1,0,0,0,0,0,9480
F,90000400,0,0,0,0,0,0,9480
F,90000401,1,0,0,0,0,0,9480
F,90000800,0,0,0,0,0,0,9480
F,90001000,0,0,0,0,0,0,9480
F,90001200,0,0,0,0,0,0,9480
F,90001201,1,0,0,0,0,0,9480
F,90001600,0,0,0,0,0,0,9480
F,90000000,0,0,0,0,0,0,9540
F,90000001,1,0,0,0,0,0,9540
F,90000200,0,0,0,0,0,0,9540
F,90000201,1,0,0,0,0,0,9540
F,90000400,0,0,0,0,0,0,9540
F,90000401,1,0,0,0,0,0,9540
F,90000800,0,0,0,0,0,0,9540
F,90001000,0,0,0,0,0,0,9540
F,90001200,0,0,0,0,0,0,9540
F,90001201,1,0,0,0,0,0,9540
F,90001600,0,0,0,0,0,0,9540
F,90000000,0,0,0,0,0,0,9600
F,90000001,1,0,0,0,0,0,9600
F,90000200,0,0,0,0,0,0,9600
F,90000201,1,0,0,0,0,0,9600
F,90000400,0,0,0,0,0,0,9600
F,90000401,1,0,0,0,0,0,9600
F,90000800,0,0,0,0,0,0,9600
F,90001000,0,0,0,0,0,0,9600
F,90001200,0,0,0,0,0,0,9600
F,90001201,1,0,0,0,0,0,9600
F,90001600,0,0,0,0,0,0,9600
F,90000000,0,0,0,0,0,0,9660
F,90000001,1,0,0,0,0,0,9660
F,90000200,0,0,0,0,0,0,9660
F,90000201,1,0,0,0,0,0,9660
F,90000400,0,0,0,0,0,0,9660
F,90000401,1,0,0,0,0,0,9660
F,90000800,0,0,0,0,0,0,9660
F,90001000,0,0,0,0,0,0,9660
F,90001200,0,0,0,0,0,0,9660
F,90001201,1,0,0,0,0,0,9660
F,90001600,0,0,0,0,0,0,9660
F,90000000,0,0,0,0,0,0,9720
F,90000001,1,0,0,0,0,0,9720
F,90000200,0,0,0,0,0,0,9720
F,90000201,1,0,0,0,0,0,9720
F,90000400,0,0,0,0,0,0,9720
F,90000401,1,0,0,0,0,0,9720
F,90000800,0,0,0,0,0,0,9720
F,90001000,0,0,0,0,0,0,9720
F,90001200,0,0,0,0,0,0,9720
F,90001201,1,0,0,0,0,0,9720
F,90001600,0,0,0,0,0,0,9720
F,90000000,0,0,0,0,0,0,9780
F,90000001,1,0,0,0,0,0,9780
F,90000200,0,0,0,0,0,0,9780
F,90000201,1,0,0,0,0,0,9780
F,90000400,0,0,0,0,0,0,9780
F,90000401,1,0,0,0,0,0,9780
F,90000800,0,0,0,0,0,0,9780
F,90001000,0,0,0,0,0,0,9780
F,90001200,0,0,0,0,0,0,9780
F,90001201,1,0,0,0,0,0,9780
F,90001600,0,0,0,0,0,0,9780
F,90000000,0,0,0,0,0,0,9840
F,90000001,1,0,0,0,0,0,9840
F,90000200,0,0,0,0,0,0,9840
F,90000201,1,0,0,0,0,0,9840
F,90000400,0,0,0,0,0,0,9840
F,90000401,1,0,0,0,0,0,9840
F,90000800,0,0,0,0,0,0,9840
F,90001000,0,0,0,0,0,0,9840
F,90001200,0,0,0,0,0,0,9840
F,90001201,1,0,0,0,0,0,9840
F,90001600,0,0,0,0,0,0,9840
F,90000000,0,0,0,0,0,0,9900
F,90000001,1,0,0,0,0,0,9900
F,90000200,0,0,0,0,0,0,9900
F,90000201,1,0,0,0,0,0,9900
F,90000400,0,0,0,0,0,0,9900
F,90000401,1,0,0,0,0,0,9900
F,90000800,0,0,0,0,0,0,9900
F,90001000,0,0,0,0,0,0,9900
F,90001200,0,0,0,0,0,0,9900
F,90001201,1,0,0,0,0,0,9900
F,90001600,0,0,0,0,0,0,9900
F,90000000,0,0,0,0,0,0,9960
F,90000001,1,0,0,0,0,0,9960
F,90000200,0,0,0,0,0,0,9960
F,90000201,1,0,0,0,0,0,9960
F,90000400,0,0,0,0,0,0,9960
F,90000401,1,0,0,0,0,0,9960
F,90000800,0,0,0,0,0,0,9960
F,90001000,0,0,0,0,0,0,9960
F,90001200,0,0,0,0,0,0,9960
F,90001201,1,0,0,0,0,0,9960
F,90001600,0,0,0,0,0,0,9960
F,90000000,0,0,0,0,0,0,10020
F,90000001,1,0,0,0,0,0,10020
F,90000200,0,0,0,0,0,0,10020
F,90000201,1,0,0,0,0,0,10020
F,90000400,0,0,0,0,0,0,10020
F,90000401,1,0,0,0,0,0,10020
F,90000800,0,0,0,0,0,0,10020
F,90001000,0,0,0,0,0,0,10020
F,90001200,0,0,0,0,0,0,10020
F,90001201,1,0,0,0,0,0,10020
F,90001600,0,0,0,0,0,0,10020
F,90000000,0,0,0,0,0,0,10080
F,90000001,1,0,0,0,0,0,10080
F,90000200,0,0,0,0,0,0,10080
F,90000201,1,0,0,0,0,0,10080
F,90000400,0,0,0,0,0,0,10080
F,90000401,1,0,0,0,0,0,10080
F,90000800,0,0,0,0,0,0,10080
F,90001000,0,0,0,0,0,0,10080
F,90001200,0,0,0,0,0,0,10080
F,90001201,1,0,0,0,0,0,10080
F,90001600,0,0,0,0,0,0,10080
F,90000000,0,0,0,0,0,0,10140
F,90000001,1,0,0,0,0,0,10140
F,90000200,0,0,0,0,0,0,10140
F,90000201,1,0,0,0,0,0,10140
F,90000400,0,0,0,0,0,0,10140
F,90000401,1,0,0,0,0,0,10140
F,90000800,0,0,0,0,0,0,10140
F,90001000,0,0,0,0,0,0,10140
F,90001200,0,0,0,0,0,0,10140
F,90001201,1,0,0,0,0,0,10140
F,90001600,0,0,0,0,0,0,10140
F,90000000,0,0,0,0,0,0,10200
F,90000001,1,0,0,0,0,0,10200
F,90000200,0,0,0,0,0,0,10200
F,90000201,1,0,0,0,0,0,10200
F,90000400,0,0,0,0,0,0,10200
F,90000401,1,0,0,0,0,0,10200
F,90000800,0,0,0,0,0,0,10200
F,90001000,0,0,0,0,0,0,10200
F,90001200,0,0,0,0,0,0,10200
F,90001201,1,0,0,0,0,0,10200
F,90001600,0,0,0,0,0,0,10200
F,90000000,0,0,0,0,0,0,10260
F,90000001,1,0,0,0,0,0,10260
F,90000200,0,0,0,0,0,0,10260
F,90000201,1,0,0,0,0,0,10260
F,90000400,0,0,0,0,0,0,10260
F,90000401,1,0,0,0,0,0,10260
F,90000800,0,0,0,0,0,0,10260
F,90001000,0,0,0,0,0,0,10260
F,90001200,0,0,0,0,0,0,10260
F,90001201,1,0,0,0,0,0,10260
F,90001600,0,0,0,0,0,0,10260
F,90000000,0,0,0,0,0,0,10320
F,90000001,1,0,0,0,0,0,10320
F,90000200,0,0,0,0,0,0,10320
F,90000201,1,0,0,0,0,0,10320
F,90000400,0,0,0,0,0,0,10320
F,90000401,1,0,0,0,0,0,10320
F,90000800,0,0,0,0,0,0,10320
F,90001000,0,0,0,0,0,0,10320
F,90001200,0,0,0,0,0,0,10320
F,90001201,1,0,0,0,0,0,10320
F,90001600,0,0,0,0,0,0,10320
F,90000000,0,0,0,0,0,0,10380
F,90000001,1,0,0,0,0,0,10380
F,90000200,0,0,0,0,0,0,10380
F,90000201,1,0,0,0,0,0,10380
F,90000400,0,0,0,0,0,0,10380
F,90000401,1,0,0,0,0,0,10380
F,90000800,0,0,0,0,0,0,10380
F,90001000,0,0,0,0,0,0,10380
F,90001200,0,0,0,0,0,0,10380
F,90001201,1,0,0,0,0,0,10380
F,90001600,0,0,0,0,0,0,10380
F,90000000,0,0,0,0,0,0,10440
F,90000001,1,0,0,0,0,0,10440
F,90000200,0,0,0,0,0,0,10440
F,90000201,1,0,0,0,0,0,10440
F,90000400,0,0,0,0,0,0,10440
F,90000401,1,0,0,0,0,0,10440
F,90000800,0,0,0,0,0,0,10440
F,90001000,0,0,0,0,0,0,10440
F,90001200,0,0,0,0,0,0,10440
F,90001201,1,0,0,0,0,0,10440
F,90001600,0,0,0,0,0,0,10440
F,90000000,0,0,0,0,0,0,10500
F,90000001,1,0,0,0,0,0,10500
F,90000200,0,0,0,0,0,0,10500
F,90000201,1,0,0,0,0,0,10500
F,90000400,0,0,0,0,0,0,10500
F,90000401,1,0,0,0,0,0,10500
F,90000800,0,0,0,0,0,0,10500
F,90001000,0,0,0,0,0,0,10500
F,90001200,0,0,0,0,0,0,10500
F,90001201,1,0,0,0,0,0,10500
F,90001600,0,0,0,0,0,0,10500
F,90000000,0,0,0,0,0,0,10560
F,90000001,1,0,0,0,0,0,10560
F,90000200,0,0,0,0,0,0,10560
F,90000201,1,0,0,0,0,0,10560
F,90000400,0,0,0,0,0,0,10560
F,90000401,1,0,0,0,0,0,10560
F,90000800,0,0,0,0,0,0,10560
F,90001000,0,0,0,0,0,0,10560
F,90001200,0,0,0,0,0,0,10560
F,90001201,1,0,0,0,0,0,10560
F,90001600,0,0,0,0,0,0,10560
F,90000000,0,0,0,0,0,0,10620
F,90000001,1,0,0,0,0,0,10620
F,90000200,0,0,0,0,0,0,10620
F,90000201,1,0,0,0,0,0,10620
F,90000400,0,0,0,0,0,0,10620
F,90000401,1,0,0,0,0,0,10620
F,90000800,0,0,0,0,0,0,10620
F,90001000,0,0,0,0,0,0,10620
F,90001200,0,0,0,0,0,0,10620
F,90001201,1,0,0,0,0,0,10620
F,90001600,0,0,0,0,0,0,10620
F,90000000,0,0,0,0,0,0,10680
F,90000001,1,0,0,0,0,0,10680
F,90000200,0,0,0,0,0,0,10680
F,90000201,1,0,0,0,0,0,10680
F,90000400,0,0,0,0,0,0,10680
F,90000401,1,0,0,0,0,0,10680
F,90000800,0,0,0,0,0,0,10680
F,90001000,0,0,0,0,0,0,10680
F,90001200,0,0,0,0,0,0,10680
F,90001201,1,0,0,0,0,0,10680
F,90001600,0,0,0,0,0,0,10680
F,90000000,0,0,0,0,0,0,10740
F,90000001,1,0,0,0,0,0,10740
F,90000200,0,0,0,0,0,0,10740
F,90000201,1,0,0,0,0,0,10740
F,90000400,0,0,0,0,0,0,10740
F,90000401,1,0,0,0,0,0,10740
F,90000800,0,0,0,0,0,0,10740
F,90001000,0,0,0,0,0,0,10740
F,90001200,0,0,0,0,0,0,10740
F,90001201,1,0,0,0,0,0,10740
F,90001600,0,0,0,0,0,0,10740
F,90000000,0,0,0,0,0,0,10800
F,90000001,1,0,0,0,0,0,10800
F,90000200,0,0,0,0,0,0,10800
F,90000201,1,0,0,0,0,0,10800
F,90000400,0,0,0,0,0,0,10800
F,90000401,1,0,0,0,0,0,10800
F,90000800,0,0,0,0,0,0,10800
F,90001000,0,0,0,0,0,0,10800
F,90001200,0,0,0,0,0,0,10800
F,90001201,1,0,0,0,0,0,10800
F,90001600,0,0,0,0,0,0,10800
F,90000000,0,0,0,0,0,0,10860
F,90000001,1,0,0,0,0,0,10860
F,90000200,0,0,0,0,0,0,10860
F,90000201,1,0,0,0,0,0,10860
F,90000400,0,0,0,0,0,0,10860
F,90000401,1,0,0,0,0,0,10860
F,90000800,0,0,0,0,0,0,10860
F,90001000,0,0,0,0,0,0,10860
F,90001200,0,0,0,0,0,0,10860
F,90001201,1,0,0,0,0,0,10860
F,90001600,0,0,0,0,0,0,10860
F,90000000,0,0,0,0,0,0,10920
F,90000001,1,0,0,0,0,0,10920
F,90000200,0,0,0,0,0,0,10920
F,90000201,1,0,0,0,0,0,10920
F,90000400,0,0,0,0,0,0,10920
F,90000401,1,0,0,0,0,0,10920
F,90000800,0,0,0,0,0,0,10920
F,90001000,0,0,0,0,0,0,10920
F,90001200,0,0,0,0,0,0,10920
F,90001201,1,0,0,0,0,0,10920
F,90001600,0,0,0,0,0,0,10920
F,90000000,0,0,0,0,0,0,10980
F,90000001,1,0,0,0,0,0,10980
F,90000200,0,0,0,0,0,0,10980
F,90000201,1,0,0,0,0,0,10980
F,90000400,0,0,0,0,0,0,10980
F,90000401,1,0,0,0,0,0,10980
F,90000800,0,0,0,0,0,0,10980
F,90001000,0,0,0,0,0,0,10980
F,90001200,0,0,0,0,0,0,10980
F,90001201,1,0,0,0,0,0,10980
F,90001600,0,0,0,0,0,0,10980
F,90000000,0,0,0,0,0,0,11040
F,90000001,1,0,0,0,0,0,11040
F,90000200,0,0,0,0,0,0,11040
F,90000201,1,0,0,0,0,0,11040
F,90000400,0,0,0,0,0,0,11040
F,90000401,1,0,0,0,0,0,11040
F,90000800,0,0,0,0,0,0,11040
F,90001000,0,0,0,0,0,0,11040
F,90001200,0,0,0,0,0,0,11040
F,90001201,1,0,0,0,0,0,11040
F,90001600,0,0,0,0,0,0,11040
F,90000000,0,0,0,0,0,0,11100
F,90000001,1,0,0,0,0,0,11100
F,90000200,0,0,0,0,0,0,11100
F,90000201,1,0,0,0,0,0,11100
F,90000400,0,0,0,0,0,0,11100
F,90000401,1,0,0,0,0,0,11100
F,90000800,0,0,0,0,0,0,11100
F,90001000,0,0,0,0,0,0,11100
F,90001200,0,0,0,0,0,0,11100
F,90001201,1,0,0,0,0,0,11100
F,90001600,0,0,0,0,0,0,11100
F,90000000,0,0,0,0,0,0,11160
F,90000001,1,0,0,0,0,0,11160
F,90000200,0,0,0,0,0,0,11160
F,90000201,1,0,0,0,0,0,11160
F,90000400,0,0,0,0,0,0,11160
F,90000401,1,0,0,0,0,0,11160
F,90000800,0,0,0,0,0,0,11160
F,90001000,0,0,0,0,0,0,11160
F,90001200,0,0,0,0,0,0,11160
F,90001201,1,0,0,0,0,0,11160
F,90001600,0,0,0,0,0,0,11160
F,90000000,0,0,0,0,0,0,11220
F,90000001,1,0,0,0,0,0,11220
F,90000200,0,0,0,0,0,0,11220
F,90000201,1,0,0,0,0,0,11220
F,90000400,0,0,0,0,0,0,11220
F,90000401,1,0,0,0,0,0,11220
F,90000800,0,0,0,0,0,0,11220
F,90001000,0,0,0,0,0,0,11220
F,90001200,0,0,0,0,0,0,11220
F,90001201,1,0,0,0,0,0,11220
F,90001600,0,0,0,0,0,0,11220
F,90000000,0,0,0,0,0,0,11280
F,90000001,1,0,0,0,0,0,11280
F,90000200,0,0,0,0,0,0,11280
F,90000201,1,0,0,0,0,0,11280
F,90000400,0,0,0,0,0,0,11280
F,90000401,1,0,0,0,0,0,11280
F,90000800,0,0,0,0,0,0,11280
F,90001000,0,0,0,0,0,0,11280
F,90001200,0,0,0,0,0,0,11280
F,90001201,1,0,0,0,0,0,11280
F,90001600,0,0,0,0,0,0,11280
F,90000000,0,0,0,0,0,0,11340
F,90000001,1,0,0,0,0,0,11340
F,90000200,0,0,0,0,0,0,11340
F,90000201,1,0,0,0,0,0,11340
F,90000400,0,0,0,0,0,0,11340
F,90000401,1,0,0,0,0,0,11340
F,90000800,0,0,0,0,0,0,11340
F,90001000,0,0,0,0,0,0,11340
F,90001200,0,0,0,0,0,0,11340
F,90001201,1,0,0,0,0,0,11340
F,90001600,0,0,0,0,0,0,11340
F,90000000,0,0,0,0,0,0,11400
F,90000001,1,0,0,0,0,0,11400
F,90000200,0,0,0,0,0,0,11400
F,90000201,1,0,0,0,0,0,11400
F,90000400,0,0,0,0,0,0,11400
F,90000401,1,0,0,0,0,0,11400
F,90000800,0,0,0,0,0,0,11400
F,90001000,0,0,0,0,0,0,11400
F,90001200,0,0,0,0,0,0,11400
F,90001201,1,0,0,0,0,0,11400
F,90001600,0,0,0,0,0,0,11400
F,90000000,0,0,0,0,0,0,11460
F,90000001,1,0,0,0,0,0,11460
F,90000200,0,0,0,0,0,0,11460
F,90000201,1,0,0,0,0,0,11460
F,90000400,0,0,0,0,0,0,11460
F,90000401,1,0,0,0,0,0,11460
F,90000800,0,0,0,0,0,0,11460
F,90001000,0,0,0,0,0,0,11460
F,90001200,0,0,0,0,0,0,11460
F,90001201,1,0,0,0,0,0,11460
F,90001600,0,0,0,0,0,0,11460
F,90000000,0,0,0,0,0,0,11520
F,90000001,1,0,0,0,0,0,11520
F,90000200,0,0,0,0,0,0,11520
F,90000201,1,0,0,0,0,0,11520
F,90000400,0,0,0,0,0,0,11520
F,90000401,1,0,0,0,0,0,11520
F,90000800,0,0,0,0,0,0,11520
F,90001000,0,0,0,0,0,0,11520
F,90001200,0,0,0,0,0,0,11520
F,90001201,1,0,0,0,0,0,11520
F,90001600,0,0,0,0,0,0,11520
F,90000000,0,0,0,0,0,0,11580
F,90000001,1,0,0,0,0,0,11580
F,90000200,0,0,0,0,0,0,11580
F,90000201,1,0,0,0,0,0,11580
F,90000400,0,0,0,0,0,0,11580
F,90000401,1,0,0,0,0,0,11580
F,90000800,0,0,0,0,0,0,11580
F,90001000,0,0,0,0,0,0,11580
F,90001200,0,0,0,0,0,0,11580
F,90001201,1,0,0,0,0,0,11580
F,90001600,0,0,0,0,0,0,11580
F,90000000,0,0,0,0,0,0,11640
F,90000001,1,0,0,0,0,0,11640
F,90000200,0,0,0,0,0,0,11640
F,90000201,1,0,0,0,0,0,11640
F,90000400,0,0,0,0,0,0,11640
F,90000401,1,0,0,0,0,0,11640
F,90000800,0,0,0,0,0,0,11640
F,90001000,0,0,0,0,0,0,11640
F,90001200,0,0,0,0,0,0,11640
F,90001201,1,0,0,0,0,0,11640
F,90001600,0,0,0,0,0,0,11640
F,90000000,0,0,0,0,0,0,11700
F,90000001,1,0,0,0,0,0,11700
F,90000200,0,0,0,0,0,0,11700
F,90000201,1,0,0,0,0,0,11700
F,90000400,0,0,0,0,0,0,11700
F,90000401,1,0,0,0,0,0,11700
F,90000800,0,0,0,0,0,0,11700
F,90001000,0,0,0,0,0,0,11700
F,90001200,0,0,0,0,0,0,11700
F,90001201,1,0,0,0,0,0,11700
F,90001600,0,0,0,0,0,0,11700
F,90000000,0,0,0,0,0,0,11760
F,90000001,1,0,0,0,0,0,11760
F,90000200,0,0,0,0,0,0,11760
F,90000201,1,0,0,0,0,0,11760
F,90000400,0,0,0,0,0,0,11760
F,90000401,1,0,0,0,0,0,11760
F,90000800,0,0,0,0,0,0,11760
F,90001000,0,0,0,0,0,0,11760
F,90001200,0,0,0,0,0,0,11760
F,90001201,1,0,0,0,0,0,11760
F,90001600,0,0,0,0,0,0,11760
F,90000000,0,0,0,0,0,0,11820
F,90000001,1,0,0,0,0,0,11820
F,90000200,0,0,0,0,0,0,11820
F,90000201,1,0,0,0,0,0,11820
F,90000400,0,0,0,0,0,0,11820
F,90000401,1,0,0,0,0,0,11820
F,90000800,0,0,0,0,0,0,11820
F,90001000,0,0,0,0,0,0,11820
F,90001200,0,0,0,0,0,0,11820
F,90001201,1,0,0,0,0,0,11820
F,90001600,0,0,0,0,0,0,11820
F,90000000,0,0,0,0,0,0,11880
F,90000001,1,0,0,0,0,0,11880
F,90000200,0,0,0,0,0,0,11880
F,90000201,1,0,0,0,0,0,11880
F,90000400,0,0,0,0,0,0,11880
F,90000401,1,0,0,0,0,0,11880
F,90000800,0,0,0,0,0,0,11880
F,90001000,0,0,0,0,0,0,11880
F,90001200,0,0,0,0,0,0,11880
F,90001201,1,0,0,0,0,0,11880
F,90001600,0,0,0,0,0,0,11880
F,90000000,0,0,0,0,0,0,11940
F,90000001,1,0,0,0,0,0,11940
F,90000200,0,0,0,0,0,0,11940
F,90000201,1,0,0,0,0,0,11940
F,90000400,0,0,0,0,0,0,11940
F,90000401,1,0,0,0,0,0,11940
F,90000800,0,0,0,0,0,0,11940
F,90001000,0,0,0,0,0,0,11940
F,90001200,0,0,0,0,0,0,11940
F,90001201,1,0,0,0,0,0,11940
F,90001600,0,0,0,0,0,0,11940
F,90000000,0,0,0,0,0,0,12000
F,90000001,1,0,0,0,0,0,12000
F,90000200,0,0,0,0,0,0,12000
F,90000201,1,0,0,0,0,0,12000
F,90000400,0,0,0,0,0,0,12000
F,90000401,1,0,0,0,0,0,12000
F,90000800,0,0,0,0,0,0,12000
F,90001000,0,0,0,0,0,0,12000
F,90001200,0,0,0,0,0,0,12000
F,90001201,1,0,0,0,0,0,12000
F,90001600,0,0,0,0,0,0,12000
F,90000000,0,0,0,0,0,0,12060
F,90000001,1,0,0,0,0,0,12060
F,90000200,0,0,0,0,0,0,12060
F,90000201,1,0,0,0,0,0,12060
F,90000400,0,0,0,0,0,0,12060
F,90000401,1,0,0,0,0,0,12060
F,90000800,0,0,0,0,0,0,12060
F,90001000,0,0,0,0,0,0,12060
F,90001200,0,0,0,0,0,0,12060
F,90001201,1,0,0,0,0,0,12060
F,90001600,0,0,0,0,0,0,12060
F,90000000,0,0,0,0,0,0,12120
F,90000001,1,0,0,0,0,0,12120
F,90000200,0,0,0,0,0,0,12120
F,90000201,1,0,0,0,0,0,12120
F,90000400,0,0,0,0,0,0,12120
F,90000401,1,0,0,0,0,0,12120
F,90000800,0,0,0,0,0,0,12120
F,90001000,0,0,0,0,0,0,12120
F,90001200,0,0,0,0,0,0,12120
F,90001201,1,0,0,0,0,0,12120
F,90001600,0,0,0,0,0,0,12120
F,90000000,0,0,0,0,0,0,12180
F,90000001,1,0,0,0,0,0,12180
F,90000200,0,0,0,0,0,0,12180
F,90000201,1,0,0,0,0,0,12180
F,90000400,0,0,0,0,0,0,12180
F,90000401,1,0,0,0,0,0,12180
F,90000800,0,0,0,0,0,0,12180
F,90001000,0,0,0,0,0,0,12180
F,90001200,0,0,0,0,0,0,12180
F,90001201,1,0,0,0,0,0,12180
F,90001600,0,0,0,0,0,0,12180
F,90000000,0,0,0,0,0,0,12240
F,90000001,1,0,0,0,0,0,12240
F,90000200,0,0,0,0,0,0,12240
F,90000201,1,0,0,0,0,0,12240
F,90000400,0,0,0,0,0,0,12240
F,90000401,1,0,0,0,0,0,12240
F,90000800,0,0,0,0,0,0,12240
F,90001000,0,0,0,0,0,0,12240
F,90001200,0,0,0,0,0,0,12240
F,90001201,1,0,0,0,0,0,12240
F,90001600,0,0,0,0,0,0,12240
F,90000000,0,0,0,0,0,0,12300
F,90000001,1,0,0,0,0,0,12300
F,90000200,0,0,0,0,0,0,12300
F,90000201,1,0,0,0,0,0,12300
F,90000400,0,0,0,0,0,0,12300
F,90000401,1,0,0,0,0,0,12300
F,90000800,0,0,0,0,0,0,12300
F,90001000,0,0,0,0,0,0,12300
F,90001200,0,0,0,0,0,0,12300
F,90001201,1,0,0,0,0,0,12300
F,90001600,0,0,0,0,0,0,12300
F,90000000,0,0,0,0,0,0,12360
F,90000001,1,0,0,0,0,0,12360
F,90000200,0,0,0,0,0,0,12360
F,90000201,1,0,0,0,0,0,12360
F,90000400,0,0,0,0,0,0,12360
F,90000401,1,0,0,0,0,0,12360
F,90000800,0,0,0,0,0,0,12360
F,90001000,0,0,0,0,0,0,12360
F,90001200,0,0,0,0,0,0,12360
F,90001201,1,0,0,0,0,0,12360
F,90001600,0,0,0,0,0,0,12360
F,90000000,0,0,0,0,0,0,12420
F,90000001,1,0,0,0,0,0,12420
F,90000200,0,0,0,0,0,0,12420
F,90000201,1,0,0,0,0,0,12420
F,90000400,0,0,0,0,0,0,12420
F,90000401,1,0,0,0,0,0,12420
F,90000800,0,0,0,0,0,0,12420
F,90001000,0,0,0,0,0,0,12420
F,90001200,0,0,0,0,0,0,12420
F,90001201,1,0,0,0,0,0,12420
F,90001600,0,0,0,0,0,0,12420
F,90000000,0,0,0,0,0,0,12480
F,90000001,1,0,0,0,0,0,12480
F,90000200,0,0,0,0,0,0,12480
F,90000201,1,0,0,0,0,0,12480
F,90000400,0,0,0,0,0,0,12480
F,90000401,1,0,0,0,0,0,12480
F,90000800,0,0,0,0,0,0,12480
F,90001000,0,0,0,0,0,0,12480
F,90001200,0,0,0,0,0,0,12480
F,90001201,1,0,0,0,0,0,12480
F,90001600,0,0,0,0,0,0,12480
F,90000000,0,0,0,0,0,0,12540
F,90000001,1,0,0,0,0,0,12540
F,90000200,0,0,0,0,0,0,12540
F,90000201,1,0,0,0,0,0,12540
F,90000400,0,0,0,0,0,0,12540
F,90000401,1,0,0,0,0,0,12540
F,90000800,0,0,0,0,0,0,12540
F,90001000,0,0,0,0,0,0,12540
F,90001200,0,0,0,0,0,0,12540
F,90001201,1,0,0,0,0,0,12540
F,90001600,0,0,0,0,0,0,12540
F,90000000,0,0,0,0,0,0,12600
F,90000001,1,0,0,0,0,0,12600
F,90000200,0,0,0,0,0,0,12600
F,90000201,1,0,0,0,0,0,12600
F,90000400,0,0,0,0,0,0,12600
F,90000401,1,0,0,0,0,0,12600
F,90000800,0,0,0,0,0,0,12600
F,90001000,0,0,0,0,0,0,12600
F,90001200,0,0,0,0,0,0,12600
F,90001201,1,0,0,0,0,0,12600
F,90001600,0,0,0,0,0,0,12600
F,90000000,0,0,0,0,0,0,12660
F,90000001,1,0,0,0,0,0,12660
F,90000200,0,0,0,0,0,0,12660
F,90000201,1,0,0,0,0,0,12660
F,90000400,0,0,0,0,0,0,12660
F,90000401,1,0,0,0,0,0,12660
F,90000800,0,0,0,0,0,0,12660
F,90001000,0,0,0,0,0,0,12660
F,90001200,0,0,0,0,0,0,12660
F,90001201,1,0,0,0,0,0,12660
F,90001600,0,0,0,0,0,0,12660
F,90000000,0,0,0,0,0,0,12720
F,90000001,1,0,0,0,0,0,12720
F,90000200,0,0,0,0,0,0,12720
F,90000201,1,0,0,0,0,0,12720
F,90000400,0,0,0,0,0,0,12720
F,90000401,1,0,0,0,0,0,12720
F,90000800,0,0,0,0,0,0,12720
F,90001000,0,0,0,0,0,0,12720
F,90001200,0,0,0,0,0,0,12720
F,90001201,1,0,0,0,0,0,12720
F,90001600,0,0,0,0,0,0,12720
F,90000000,0,0,0,0,0,0,12780
F,90000001,1,0,0,0,0,0,12780
F,90000200,0,0,0,0,0,0,12780
F,90000201,1,0,0,0,0,0,12780
F,90000400,0,0,0,0,0,0,12780
F,90000401,1,0,0,0,0,0,12780
F,90000800,0,0,0,0,0,0,12780
F,90001000,0,0,0,0,0,0,12780
F,90001200,0,0,0,0,0,0,12780
F,90001201,1,0,0,0,0,0,12780
F,90001600,0,0,0,0,0,0,12780
F,90000000,0,0,0,0,0,0,12840
F,90000001,1,0,0,0,0,0,12840
F,90000200,0,0,0,0,0,0,12840
F,90000201,1,0,0,0,0,0,12840
F,90000400,0,0,0,0,0,0,12840
F,90000401,1,0,0,0,0,0,12840
F,90000800,0,0,0,0,0,0,12840
F,90001000,0,0,0,0,0,0,12840
F,90001200,0,0,0,0,0,0,12840
F,90001201,1,0,0,0,0,0,12840
F,90001600,0,0,0,0,0,0,12840
F,90000000,0,0,0,0,0,0,12900
F,90000001,1,0,0,0,0,0,12900
F,90000200,0,0,0,0,0,0,12900
F,90000201,1,0,0,0,0,0,12900
F,90000400,0,0,0,0,0,0,12900
F,90000401,1,0,0,0,0,0,12900
F,90000800,0,0,0,0,0,0,12900
F,90001000,0,0,0,0,0,0,12900
F,90001200,0,0,0,0,0,0,12900
F,90001201,1,0,0,0,0,0,12900
F,90001600,0,0,0,0,0,0,12900
F,90000000,0,90,1,1,0,0,12960
F,90000001,1,0,1,0,0,0,12960
F,90000200,0,0,0,0,0,0,12960
F,90000201,1,0,0,0,0,0,12960
F,90000400,0,0,0,0,0,0,12960
F,90000401,1,0,0,0,0,0,12960
F,90000800,0,0,0,0,0,0,12960
F,90001000,0,0,0,0,0,0,12960
F,90001200,0,0,0,0,0,0,12960
F,90001201,1,0,0,0,0,0,12960
F,90001600,0,0,0,0,0,0,12960
F,90000000,0,90,1,1,0,0,13020
F,90000001,1,0,1,0,0,0,13020
F,90000200,0,0,0,0,0,0,13020
F,90000201,1,0,0,0,0,0,13020
F,90000400,0,0,0,0,0,0,13020
F,90000401,1,0,0,0,0,0,13020
F,90000800,0,0,0,0,0,0,13020
F,90001000,0,0,0,0,0,0,13020
F,90001200,0,0,0,0,0,0,13020
F,90001201,1,0,0,0,0,0,13020
F,90001600,0,0,0,0,0,0,13020
F,90000000,0,90,1,1,0,0,13080
F,90000001,1,0,1,0,0,0,13080
F,90000200,0,0,0,0,0,0,13080
F,90000201,1,0,0,0,0,0,13080
F,90000400,0,0,0,0,0,0,13080
F,90000401,1,0,0,0,0,0,13080
F,90000800,0,0,0,0,0,0,13080
F,90001000,0,0,0,0,0,0,13080
F,90001200,0,0,0,0,0,0,13080
F,90001201,1,0,0,0,0,0,13080
F,90001600,0,0,0,0,0,0,13080
F,90000000,0,90,1,1,0,0,13140
F,90000001,1,0,1,0,0,0,13140
F,90000200,0,0,0,0,0,0,13140
F,90000201,1,0,0,0,0,0,13140
F,90000400,0,0,0,0,0,0,13140
F,90000401,1,0,0,0,0,0,13140
F,90000800,0,0,0,0,0,0,13140
F,90001000,0,0,0,0,0,0,13140
F,90001200,0,0,0,0,0,0,13140
F,90001201,1,0,0,0,0,0,13140
F,90001600,0,0,0,0,0,0,13140
F,90000000,0,90,1,1,0,0,13200
F,90000001,1,0,1,0,0,0,13200
F,90000200,0,0,0,0,0,0,13200
F,90000201,1,0,0,0,0,0,13200
F,90000400,0,0,0,0,0,0,13200
F,90000401,1,0,0,0,0,0,13200
F,90000800,0,0,0,0,0,0,13200
F,90001000,0,0,0,0,0,0,13200
F,90001200,0,0,0,0,0,0,13200
F,90001201,1,0,0,0,0,0,13200
F,90001600,0,0,0,0,0,0,13200
F,90000000,0,90,1,1,0,0,13260
F,90000001,1,0,1,0,0,0,13260
F,90000200,0,0,0,0,0,0,13260
F,90000201,1,0,0,0,0,0,13260
F,90000400,0,0,0,0,0,0,13260
F,90000401,1,0,0,0,0,0,13260
F,90000800,0,0,0,0,0,0,13260
F,90001000,0,0,0,0,0,0,13260
F,90001200,0,0,0,0,0,0,13260
F,90001201,1,0,0,0,0,0,13260
F,90001600,0,0,0,0,0,0,13260
F,90000000,0,90,1,1,0,0,13320
F,90000001,1,0,1,0,0,0,13320
F,90000200,0,0,0,0,0,0,13320
F,90000201,1,0,0,0,0,0,13320
F,90000400,0,0,0,0,0,0,13320
F,90000401,1,0,0,0,0,0,13320
F,90000800,0,0,0,0,0,0,13320
F,90001000,0,0,0,0,0,0,13320
F,90001200,0,0,0,0,0,0,13320
F,90001201,1,0,0,0,0,0,13320
F,90001600,0,0,0,0,0,0,13320
F,90000000,0,90,1,1,0,0,13380
F,90000001,1,0,1,0,0,0,13380
F,90000200,0,0,0,0,0,0,13380
F,90000201,1,0,0,0,0,0,13380
F,90000400,0,0,0,0,0,0,13380
F,90000401,1,0,0,0,0,0,13380
F,90000800,0,0,0,0,0,0,13380
F,90001000,0,0,0,0,0,0,13380
F,90001200,0,0,0,0,0,0,13380
F,90001201,1,0,0,0,0,0,13380
F,90001600,0,0,0,0,0,0,13380
F,90000000,0,90,1,1,0,0,13440
F,90000001,1,0,1,0,0,0,13440
F,90000200,0,0,0,0,0,0,13440
F,90000201,1,0,0,0,0,0,13440
F,90000400,0,0,0,0,0,0,13440
F,90000401,1,0,0,0,0,0,13440
F,90000800,0,0,0,0,0,0,13440
F,90001000,0,0,0,0,0,0,13440
F,90001200,0,0,0,0,0,0,13440
F,90001201,1,0,0,0,0,0,13440
F,90001600,0,0,0,0,0,0,13440
F,90000000,0,90,1,1,0,0,13500
F,90000001,1,0,1,0,0,0,13500
F,90000200,0,0,0,0,0,0,13500
F,90000201,1,0,0,0,0,0,13500
F,90000400,0,0,0,0,0,0,13500
F,90000401,1,0,0,0,0,0,13500
F,90000800,0,0,0,0,0,0,13500
F,90001000,0,0,0,0,0,0,13500
F,90001200,0,0,0,0,0,0,13500
F,90001201,1,0,0,0,0,0,13500
F,90001600,0,0,0,0,0,0,13500
F,90000000,0,90,1,1,0,0,13560
F,90000001,1,0,1,0,0,0,13560
F,90000200,0,0,0,0,0,0,13560
F,90000201,1,0,0,0,0,0,13560
F,90000400,0,0,0,0,0,0,13560
F,90000401,1,0,0,0,0,0,13560
F,90000800,0,0,0,0,0,0,13560
F,90001000,0,0,0,0,0,0,13560
F,90001200,0,0,0,0,0,0,13560
F,90001201,1,0,0,0,0,0,13560
F,90001600,0,0,0,0,0,0,13560
F,90000000,0,90,1,1,0,0,13620
F,90000001,1,0,1,0,0,0,13620
F,90000200,0,0,0,0,0,0,13620
F,90000201,1,0,0,0,0,0,13620
F,90000400,0,0,0,0,0,0,13620
F,90000401,1,0,0,0,0,0,13620
F,90000800,0,0,0,0,0,0,13620
F,90001000,0,0,0,0,0,0,13620
F,90001200,0,0,0,0,0,0,13620
F,90001201,1,0,0,0,0,0,13620
F,90001600,0,0,0,0,0,0,13620
F,90000000,0,90,1,1,0,0,13680
F,90000001,1,0,1,0,0,0,13680
F,90000200,0,0,0,0,0,0,13680
F,90000201,1,0,0,0,0,0,13680
F,90000400,0,0,0,0,0,0,13680
F,90000401,1,0,0,0,0,0,13680
F,90000800,0,0,0,0,0,0,13680
F,90001000,0,0,0,0,0,0,13680
F,90001200,0,0,0,0,0,0,13680
F,90001201,1,0,0,0,0,0,13680
F,90001600,0,0,0,0,0,0,13680
F,90000000,0,90,1,1,0,0,13740
F,90000001,1,0,1,0,0,0,13740
F,90000200,0,0,0,0,0,0,13740
F,90000201,1,0,0,0,0,0,13740
F,90000400,0,0,0,0,0,0,13740
F,90000401,1,0,0,0,0,0,13740
F,90000800,0,0,0,0,0,0,13740
F,90001000,0,0,0,0,0,0,13740
F,90001200,0,0,0,0,0,0,13740
F,90001201,1,0,0,0,0,0,13740
F,90001600,0,0,0,0,0,0,13740
F,90000000,0,90,1,1,0,0,13800
F,90000001,1,0,1,0,0,0,13800
F,90000200,0,0,0,0,0,0,13800
F,90000201,1,0,0,0,0,0,13800
F,90000400,0,0,0,0,0,0,13800
F,90000401,1,0,0,0,0,0,13800
F,90000800,0,0,0,0,0,0,13800
F,90001000,0,0,0,0,0,0,13800
F,90001200,0,0,0,0,0,0,13800
F,90001201,1,0,0,0,0,0,13800
F,90001600,0,0,0,0,0,0,13800
F,90000000,0,90,1,1,0,0,13860
F,90000001,1,0,1,0,0,0,13860
F,90000200,0,0,0,0,0,0,13860
F,90000201,1,0,0,0,0,0,13860
F,90000400,0,0,0,0,0,0,13860
F,90000401,1,0,0,0,0,0,13860
F,90000800,0,0,0,0,0,0,13860
F,90001000,0,0,0,0,0,0,13860
F,90001200,0,0,0,0,0,0,13860
F,90001201,1,0,0,0,0,0,13860
F,90001600,0,0,0,0,0,0,13860
F,90000000,0,90,1,1,0,0,13920
F,90000001,1,0,1,0,0,0,13920
F,90000200,0,0,0,0,0,0,13920
F,90000201,1,0,0,0,0,0,13920
F,90000400,0,0,0,0,0,0,13920
F,90000401,1,0,0,0,0,0,13920
F,90000800,0,0,0,0,0,0,13920
F,90001000,0,0,0,0,0,0,13920
F,90001200,0,0,0,0,0,0,13920
F,90001201,1,0,0,0,0,0,13920
F,90001600,0,0,0,0,0,0,13920
F,90000000,0,90,1,1,0,0,13980
F,90000001,1,0,1,0,0,0,13980
F,90000200,0,0,0,0,0,0,13980
F,90000201,1,0,0,0,0,0,13980
F,90000400,0,0,0,0,0,0,13980
F,90000401,1,0,0,0,0,0,13980
F,90000800,0,0,0,0,0,0,13980
F,90001000,0,0,0,0,0,0,13980
F,90001200,0,0,0,0,0,0,13980
F,90001201,1,0,0,0,0,0,13980
F,90001600,0,0,0,0,0,0,13980
F,90000000,0,90,1,1,0,0,14040
F,90000001,1,0,1,0,0,0,14040
F,90000200,0,0,0,0,0,0,14040
F,90000201,1,0,0,0,0,0,14040
F,90000400,0,0,0,0,0,0,14040
F,90000401,1,0,0,0,0,0,14040
F,90000800,0,0,0,0,0,0,14040
F,90001000,0,0,0,0,0,0,14040
F,90001200,0,0,0,0,0,0,14040
F,90001201,1,0,0,0,0,0,14040
F,90001600,0,0,0,0,0,0,14040
F,90000000,0,90,1,1,0,0,14100
F,90000001,1,0,1,0,0,0,14100
F,90000200,0,0,0,0,0,0,14100
F,90000201,1,0,0,0,0,0,14100
F,90000400,0,0,0,0,0,0,14100
F,90000401,1,0,0,0,0,0,14100
F,90000800,0,0,0,0,0,0,14100
F,90001000,0,0,0,0,0,0,14100
F,90001200,0,0,0,0,0,0,14100
F,90001201,1,0,0,0,0,0,14100
F,90001600,0,0,0,0,0,0,14100
F,90000000,0,90,1,1,0,0,14160
F,90000001,1,0,1,0,0,0,14160
F,90000200,0,0,0,0,0,0,14160
F,90000201,1,0,0,0,0,0,14160
F,90000400,0,0,0,0,0,0,14160
F,90000401,1,0,0,0,0,0,14160
F,90000800,0,0,0,0,0,0,14160
F,90001000,0,0,0,0,0,0,14160
F,90001200,0,0,0,0,0,0,14160
F,90001201,1,0,0,0,0,0,14160
F,90001600,0,0,0,0,0,0,14160
F,90000000,0,90,1,1,0,0,14220
F,90000001,1,0,1,0,0,0,14220
F,90000200,0,0,0,0,0,0,14220
F,90000201,1,0,0,0,0,0,14220
F,90000400,0,0,0,0,0,0,14220
F,90000401,1,0,0,0,0,0,14220
F,90000800,0,0,0,0,0,0,14220
F,90001000,0,0,0,0,0,0,14220
F,90001200,0,0,0,0,0,0,14220
F,90001201,1,0,0,0,0,0,14220
F,90001600,0,0,0,0,0,0,14220
F,90000000,0,90,1,1,0,0,14280
F,90000001,1,0,1,0,0,0,14280
F,90000200,0,0,0,0,0,0,14280
F,90000201,1,0,0,0,0,0,14280
F,90000400,0,0,0,0,0,0,14280
F,90000401,1,0,0,0,0,0,14280
F,90000800,0,0,0,0,0,0,14280
F,90001000,0,0,0,0,0,0,14280
F,90001200,0,0,0,0,0,0,14280
F,90001201,1,0,0,0,0,0,14280
F,90001600,0,0,0,0,0,0,14280
F,90000000,0,90,1,1,0,0,14340
F,90000001,1,0,1,0,0,0,14340
F,90000200,0,0,0,0,0,0,14340
F,90000201,1,0,0,0,0,0,14340
F,90000400,0,0,0,0,0,0,14340
F,90000401,1,0,0,0,0,0,14340
F,90000800,0,0,0,0,0,0,14340
F,90001000,0,0,0,0,0,0,14340
F,90001200,0,0,0,0,0,0,14340
F,90001201,1,0,0,0,0,0,14340
F,90001600,0,0,0,0,0,0,14340
F,90000000,0,0,0,0,0,0,14400
F,90000001,1,0,0,0,0,0,14400
F,90000200,0,0,0,0,0,0,14400
F,90000201,1,0,0,0,0,0,14400
F,90000400,0,0,0,0,0,0,14400
F,90000401,1,0,0,0,0,0,14400
F,90000800,0,0,0,0,0,0,14400
F,90001000,0,0,0,0,0,0,14400
F,90001200,0,0,0,0,0,0,14400
F,90001201,1,0,0,0,0,0,14400
F,90001600,0,0,0,0,0,0,14400
F,90000000,0,0,0,0,0,0,14460
F,90000001,1,0,0,0,0,0,14460
F,90000200,0,0,0,0,0,0,14460
F,90000201,1,0,0,0,0,0,14460
F,90000400,0,0,0,0,0,0,14460
F,90000401,1,0,0,0,0,0,14460
F,90000800,0,0,0,0,0,0,14460
F,90001000,0,0,0,0,0,0,14460
F,90001200,0,0,0,0,0,0,14460
F,90001201,1,0,0,0,0,0,14460
F,90001600,0,0,0,0,0,0,14460
F,90000000,0,0,0,0,0,0,14520
F,90000001,1,0,0,0,0,0,14520
F,90000200,0,0,0,0,0,0,14520
F,90000201,1,0,0,0,0,0,14520
F,90000400,0,0,0,0,0,0,14520
F,90000401,1,0,0,0,0,0,14520
F,90000800,0,0,0,0,0,0,14520
F,90001000,0,0,0,0,0,0,14520
F,90001200,0,0,0,0,0,0,14520
F,90001201,1,0,0,0,0,0,14520
F,90001600,0,0,0,0,0,0,14520
F,90000000,0,0,0,0,0,0,14580
F,90000001,1,0,0,0,0,0,14580
F,90000200,0,0,0,0,0,0,14580
F,90000201,1,0,0,0,0,0,14580
F,90000400,0,0,0,0,0,0,14580
F,90000401,1,0,0,0,0,0,14580
F,90000800,0,0,0,0,0,0,14580
F,90001000,0,0,0,0,0,0,14580
F,90001200,0,0,0,0,0,0,14580
F,90001201,1,0,0,0,0,0,14580
F,90001600,0,0,0,0,0,0,14580
F,90000000,0,0,0,0,0,0,14640
F,90000001,1,0,0,0,0,0,14640
F,90000200,0,0,0,0,0,0,14640
F,90000201,1,0,0,0,0,0,14640
F,90000400,0,0,0,0,0,0,14640
F,90000401,1,0,0,0,0,0,14640
F,90000800,0,0,0,0,0,0,14640
F,90001000,0,0,0,0,0,0,14640
F,90001200,0,0,0,0,0,0,14640
F,90001201,1,0,0,0,0,0,14640
F,90001600,0,0,0,0,0,0,14640
F,90000000,0,0,0,0,0,0,14700
F,90000001,1,0,0,0,0,0,14700
F,90000200,0,0,0,0,0,0,14700
F,90000201,1,0,0,0,0,0,14700
F,90000400,0,0,0,0,0,0,14700
F,90000401,1,0,0,0,0,0,14700
F,90000800,0,0,0,0,0,0,14700
F,90001000,0,0,0,0,0,0,14700
F,90001200,0,0,0,0,0,0,14700
F,90001201,1,0,0,0,0,0,14700
F,90001600,0,0,0,0,0,0,14700
F,90000000,0,0,0,0,0,0,14760
F,90000001,1,0,0,0,0,0,14760
F,90000200,0,0,0,0,0,0,14760
F,90000201,1,0,0,0,0,0,14760
F,90000400,0,0,0,0,0,0,14760
F,90000401,1,0,0,0,0,0,14760
F,90000800,0,0,0,0,0,0,14760
F,90001000,0,0,0,0,0,0,14760
F,90001200,0,0,0,0,0,0,14760
F,90001201,1,0,0,0,0,0,14760
F,90001600,0,0,0,0,0,0,14760
F,90000000,0,0,0,0,0,0,14820
F,90000001,1,0,0,0,0,0,14820
F,90000200,0,0,0,0,0,0,14820
F,90000201,1,0,0,0,0,0,14820
F,90000400,0,0,0,0,0,0,14820
F,90000401,1,0,0,0,0,0,14820
F,90000800,0,0,0,0,0,0,14820
F,90001000,0,0,0,0,0,0,14820
F,90001200,0,0,0,0,0,0,14820
F,90001201,1,0,0,0,0,0,14820
F,90001600,0,0,0,0,0,0,14820
F,90000000,0,0,0,0,0,0,14880
F,90000001,1,0,0,0,0,0,14880
F,90000200,0,0,0,0,0,0,14880
F,90000201,1,0,0,0,0,0,14880
F,90000400,0,0,0,0,0,0,14880
F,90000401,1,0,0,0,0,0,14880
F,90000800,0,0,0,0,0,0,14880
F,90001000,0,0,0,0,0,0,14880
F,90001200,0,0,0,0,0,0,14880
F,90001201,1,0,0,0,0,0,14880
F,90001600,0,0,0,0,0,0,14880
F,90000000,0,0,0,0,0,0,14940
F,90000001,1,0,0,0,0,0,14940
F,90000200,0,0,0,0,0,0,14940
F,90000201,1,0,0,0,0,0,14940
F,90000400,0,0,0,0,0,0,14940
F,90000401,1,0,0,0,0,0,14940
F,90000800,0,0,0,0,0,0,14940
F,90001000,0,0,0,0,0,0,14940
F,90001200,0,0,0,0,0,0,14940
F,90001201,1,0,0,0,0,0,14940
F,90001600,0,0,0,0,0,0,14940
F,90000000,0,0,0,0,0,0,15000
F,90000001,1,0,0,0,0,0,15000
F,90000200,0,0,0,0,0,0,15000
F,90000201,1,0,0,0,0,0,15000
F,90000400,0,0,0,0,0,0,15000
F,90000401,1,0,0,0,0,0,15000
F,90000800,0,0,0,0,0,0,15000
F,90001000,0,0,0,0,0,0,15000
F,90001200,0,0,0,0,0,0,15000
F,90001201,1,0,0,0,0,0,15000
F,90001600,0,0,0,0,0,0,15000
F,90000000,0,0,0,0,0,0,15060
F,90000001,1,0,0,0,0,0,15060
F,90000200,0,0,0,0,0,0,15060
F,90000201,1,0,0,0,0,0,15060
F,90000400,0,0,0,0,0,0,15060
F,90000401,1,0,0,0,0,0,15060
F,90000800,0,0,0,0,0,0,15060
F,90001000,0,0,0,0,0,0,15060
F,90001200,0,0,0,0,0,0,15060
F,90001201,1,0,0,0,0,0,15060
F,90001600,0,0,0,0,0,0,15060
F,90000000,0,0,0,0,0,0,15120
F,90000001,1,0,0,0,0,0,15120
F,90000200,0,0,0,0,0,0,15120
F,90000201,1,0,0,0,0,0,15120
F,90000400,0,0,0,0,0,0,15120
F,90000401,1,0,0,0,0,0,15120
F,90000800,0,0,0,0,0,0,15120
F,90001000,0,0,0,0,0,0,15120
F,90001200,0,0,0,0,0,0,15120
F,90001201,1,0,0,0,0,0,15120
F,90001600,0,0,0,0,0,0,15120
F,90000000,0,0,0,0,0,0,15180
F,90000001,1,0,0,0,0,0,15180
F,90000200,0,0,0,0,0,0,15180
F,90000201,1,0,0,0,0,0,15180
F,90000400,0,0,0,0,0,0,15180
F,90000401,1,0,0,0,0,0,15180
F,90000800,0,0,0,0,0,0,15180
F,90001000,0,0,0,0,0,0,15180
F,90001200,0,0,0,0,0,0,15180
F,90001201,1,0,0,0,0,0,15180
F,90001600,0,0,0,0,0,0,15180
F,90000000,0,0,0,0,0,0,15240
F,90000001,1,0,0,0,0,0,15240
F,90000200,0,0,0,0,0,0,15240
F,90000201,1,0,0,0,0,0,15240
F,90000400,0,0,0,0,0,0,15240
F,90000401,1,0,0,0,0,0,15240
F,90000800,0,0,0,0,0,0,15240
F,90001000,0,0,0,0,0,0,15240
F,90001200,0,0,0,0,0,0,15240
F,90001201,1,0,0,0,0,0,15240
F,90001600,0,0,0,0,0,0,15240
F,90000000,0,0,0,0,0,0,15300
F,90000001,1,0,0,0,0,0,15300
F,90000200,0,0,0,0,0,0,15300
F,90000201,1,0,0,0,0,0,15300
F,90000400,0,0,0,0,0,0,15300
F,90000401,1,0,0,0,0,0,15300
F,90000800,0,0,0,0,0,0,15300
F,90001000,0,0,0,0,0,0,15300
F,90001200,0,0,0,0,0,0,15300
F,90001201,1,0,0,0,0,0,15300
F,90001600,0,0,0,0,0,0,15300
F,90000000,0,0,0,0,0,0,15360
F,90000001,1,0,0,0,0,0,15360
F,90000200,0,0,0,0,0,0,15360
F,90000201,1,0,0,0,0,0,15360
F,90000400,0,0,0,0,0,0,15360
F,90000401,1,0,0,0,0,0,15360
F,90000800,0,0,0,0,0,0,15360
F,90001000,0,0,0,0,0,0,15360
F,90001200,0,0,0,0,0,0,15360
F,90001201,1,0,0,0,0,0,15360
F,90001600,0,0,0,0,0,0,15360
F,90000000,0,0,0,0,0,0,15420
F,90000001,1,0,0,0,0,0,15420
F,90000200,0,0,0,0,0,0,15420
F,90000201,1,0,0,0,0,0,15420
F,90000400,0,0,0,0,0,0,15420
F,90000401,1,0,0,0,0,0,15420
F,90000800,0,0,0,0,0,0,15420
F,90001000,0,0,0,0,0,0,15420
F,90001200,0,0,0,0,0,0,15420
F,90001201,1,0,0,0,0,0,15420
F,90001600,0,0,0,0,0,0,15420
F,90000000,0,0,0,0,0,0,15480
F,90000001,1,0,0,0,0,0,15480
F,90000200,0,0,0,0,0,0,15480
F,90000201,1,0,0,0,0,0,15480
F,90000400,0,0,0,0,0,0,15480
F,90000401,1,0,0,0,0,0,15480
F,90000800,0,0,0,0,0,0,15480
F,90001000,0,0,0,0,0,0,15480
F,90001200,0,0,0,0,0,0,15480
F,90001201,1,0,0,0,0,0,15480
F,90001600,0,0,0,0,0,0,15480
F,90000000,0,0,0,0,0,0,15540
F,90000001,1,0,0,0,0,0,15540
F,90000200,0,0,0,0,0,0,15540
F,90000201,1,0,0,0,0,0,15540
F,90000400,0,0,0,0,0,0,15540
F,90000401,1,0,0,0,0,0,15540
F,90000800,0,0,0,0,0,0,15540
F,90001000,0,0,0,0,0,0,15540
F,90001200,0,0,0,0,0,0,15540
F,90001201,1,0,0,0,0,0,15540
F,90001600,0,0,0,0,0,0,15540
F,90000000,0,0,0,0,0,0,15600
F,90000001,1,0,0,0,0,0,15600
F,90000200,0,0,0,0,0,0,15600
F,90000201,1,0,0,0,0,0,15600
F,90000400,0,0,0,0,0,0,15600
F,90000401,1,0,0,0,0,0,15600
F,90000800,0,0,0,0,0,0,15600
F,90001000,0,0,0,0,0,0,15600
F,90001200,0,0,0,0,0,0,15600
F,90001201,1,0,0,0,0,0,15600
F,90001600,0,0,0,0,0,0,15600
F,90000000,0,0,0,0,0,0,15660
F,90000001,1,0,0,0,0,0,15660
F,90000200,0,0,0,0,0,0,15660
F,90000201,1,0,0,0,0,0,15660
F,90000400,0,0,0,0,0,0,15660
F,90000401,1,0,0,0,0,0,15660
F,90000800,0,0,0,0,0,0,15660
F,90001000,0,0,0,0,0,0,15660
F,90001200,0,0,0,0,0,0,15660
F,90001201,1,0,0,0,0,0,15660
F,90001600,0,0,0,0,0,0,15660
F,90000000,0,0,0,0,0,0,15720
F,90000001,1,0,0,0,0,0,15720
F,90000200,0,0,0,0,0,0,15720
F,90000201,1,0,0,0,0,0,15720
F,90000400,0,0,0,0,0,0,15720
F,90000401,1,0,0,0,0,0,15720
F,90000800,0,0,0,0,0,0,15720
F,90001000,0,0,0,0,0,0,15720
F,90001200,0,0,0,0,0,0,15720
F,90001201,1,0,0,0,0,0,15720
F,90001600,0,0,0,0,0,0,15720
F,90000000,0,0,0,0,0,0,15780
F,90000001,1,0,0,0,0,0,15780
F,90000200,0,0,0,0,0,0,15780
F,90000201,1,0,0,0,0,0,15780
F,90000400,0,0,0,0,0,0,15780
F,90000401,1,0,0,0,0,0,15780
F,90000800,0,0,0,0,0,0,15780
F,90001000,0,0,0,0,0,0,15780
F,90001200,0,0,0,0,0,0,15780
F,90001201,1,0,0,0,0,0,15780
F,90001600,0,0,0,0,0,0,15780
F,90000000,0,0,0,0,0,0,15840
F,90000001,1,0,0,0,0,0,15840
F,90000200,0,0,0,0,0,0,15840
F,90000201,1,0,0,0,0,0,15840
F,90000400,0,0,0,0,0,0,15840
F,90000401,1,0,0,0,0,0,15840
F,90000800,0,0,0,0,0,0,15840
F,90001000,0,0,0,0,0,0,15840
F,90001200,0,0,0,0,0,0,15840
F,90001201,1,0,0,0,0,0,15840
F,90001600,0,0,0,0,0,0,15840
F,90000000,0,0,0,0,0,0,15900
F,90000001,1,0,0,0,0,0,15900
F,90000200,0,0,0,0,0,0,15900
F,90000201,1,0,0,0,0,0,15900
F,90000400,0,0,0,0,0,0,15900
F,90000401,1,0,0,0,0,0,15900
F,90000800,0,0,0,0,0,0,15900
F,90001000,0,0,0,0,0,0,15900
F,90001200,0,0,0,0,0,0,15900
F,90001201,1,0,0,0,0,0,15900
F,90001600,0,0,0,0,0,0,15900
F,90000000,0,0,0,0,0,0,15960
F,90000001,1,0,0,0,0,0,15960
F,90000200,0,0,0,0,0,0,15960
F,90000201,1,0,0,0,0,0,15960
F,90000400,0,0,0,0,0,0,15960
F,90000401,1,0,0,0,0,0,15960
F,90000800,0,0,0,0,0,0,15960
F,90001000,0,0,0,0,0,0,15960
F,90001200,0,0,0,0,0,0,15960
F,90001201,1,0,0,0,0,0,15960
F,90001600,0,0,0,0,0,0,15960
F,90000000,0,0,0,0,0,0,16020
F,90000001,1,0,0,0,0,0,16020
F,90000200,0,0,0,0,0,0,16020
F,90000201,1,0,0,0,0,0,16020
F,90000400,0,0,0,0,0,0,16020
F,90000401,1,0,0,0,0,0,16020
F,90000800,0,0,0,0,0,0,16020
F,90001000,0,0,0,0,0,0,16020
F,90001200,0,0,0,0,0,0,16020
F,90001201,1,0,0,0,0,0,16020
F,90001600,0,0,0,0,0,0,16020
F,90000000,0,0,0,0,0,0,16080
F,90000001,1,0,0,0,0,0,16080
F,90000200,0,0,0,0,0,0,16080
F,90000201,1,0,0,0,0,0,16080
F,90000400,0,0,0,0,0,0,16080
F,90000401,1,0,0,0,0,0,16080
F,90000800,0,0,0,0,0,0,16080
F,90001000,0,0,0,0,0,0,16080
F,90001200,0,0,0,0,0,0,16080
F,90001201,1,0,0,0,0,0,16080
F,90001600,0,0,0,0,0,0,16080
F,90000000,0,0,0,0,0,0,16140
F,90000001,1,0,0,0,0,0,16140
F,90000200,0,0,0,0,0,0,16140
F,90000201,1,0,0,0,0,0,16140
F,90000400,0,0,0,0,0,0,16140
F,90000401,1,0,0,0,0,0,16140
F,90000800,0,0,0,0,0,0,16140
F,90001000,0,0,0,0,0,0,16140
F,90001200,0,0,0,0,0,0,16140
F,90001201,1,0,0,0,0,0,16140
F,90001600,0,0,0,0,0,0,16140
F,90000000,0,0,0,0,0,0,16200
F,90000001,1,0,0,0,0,0,16200
F,90000200,0,0,0,0,0,0,16200
F,90000201,1,0,0,0,0,0,16200
F,90000400,0,0,0,0,0,0,16200
F,90000401,1,0,0,0,0,0,16200
F,90000800,0,0,0,0,0,0,16200
F,90001000,0,0,0,0,0,0,16200
F,90001200,0,0,0,0,0,0,16200
F,90001201,1,0,0,0,0,0,16200
F,90001600,0,0,0,0,0,0,16200
F,90000000,0,0,0,0,0,0,16260
F,90000001,1,0,0,0,0,0,16260
F,90000200,0,0,0,0,0,0,16260
F,90000201,1,0,0,0,0,0,16260
F,90000400,0,0,0,0,0,0,16260
F,90000401,1,0,0,0,0,0,16260
F,90000800,0,0,0,0,0,0,16260
F,90001000,0,0,0,0,0,0,16260
F,90001200,0,0,0,0,0,0,16260
F,90001201,1,0,0,0,0,0,16260
F,90001600,0,0,0,0,0,0,16260
F,90000000,0,0,0,0,0,0,16320
F,90000001,1,0,0,0,0,0,16320
F,90000200,0,0,0,0,0,0,16320
F,90000201,1,0,0,0,0,0,16320
F,90000400,0,0,0,0,0,0,16320
F,90000401,1,0,0,0,0,0,16320
F,90000800,0,0,0,0,0,0,16320
F,90001000,0,0,0,0,0,0,16320
F,90001200,0,0,0,0,0,0,16320
F,90001201,1,0,0,0,0,0,16320
F,90001600,0,0,0,0,0,0,16320
F,90000000,0,0,0,0,0,0,16380
F,90000001,1,0,0,0,0,0,16380
F,90000200,0,0,0,0,0,0,16380
F,90000201,1,0,0,0,0,0,16380
F,90000400,0,0,0,0,0,0,16380
F,90000401,1,0,0,0,0,0,16380
F,90000800,0,0,0,0,0,0,16380
F,90001000,0,0,0,0,0,0,16380
F,90001200,0,0,0,0,0,0,16380
F,90001201,1,0,0,0,0,0,16380
F,90001600,0,0,0,0,0,0,16380
F,90000000,0,0,0,0,0,0,16440
F,90000001,1,0,0,0,0,0,16440
F,90000200,0,0,0,0,0,0,16440
F,90000201,1,0,0,0,0,0,16440
F,90000400,0,0,0,0,0,0,16440
F,90000401,1,0,0,0,0,0,16440
F,90000800,0,0,0,0,0,0,16440
F,90001000,0,0,0,0,0,0,16440
F,90001200,0,0,0,0,0,0,16440
F,90001201,1,0,0,0,0,0,16440
F,90001600,0,0,0,0,0,0,16440
F,90000000,0,0,0,0,0,0,16500
F,90000001,1,0,0,0,0,0,16500
F,90000200,0,0,0,0,0,0,16500
F,90000201,1,0,0,0,0,0,16500
F,90000400,0,0,0,0,0,0,16500
F,90000401,1,0,0,0,0,0,16500
F,90000800,0,0,0,0,0,0,16500
F,90001000,0,0,0,0,0,0,16500
F,90001200,0,0,0,0,0,0,16500
F,90001201,1,0,0,0,0,0,16500
F,90001600,0,0,0,0,0,0,16500
F,90000000,0,0,0,0,0,0,16560
F,90000001,1,0,0,0,0,0,16560
F,90000200,0,0,0,0,0,0,16560
F,90000201,1,0,0,0,0,0,16560
F,90000400,0,0,0,0,0,0,16560
F,90000401,1,0,0,0,0,0,16560
F,90000800,0,0,0,0,0,0,16560
F,90001000,0,0,0,0,0,0,16560
F,90001200,0,0,0,0,0,0,16560
F,90001201,1,0,0,0,0,0,16560
F,90001600,0,0,0,0,0,0,16560
F,90000000,0,0,0,0,0,0,16620
F,90000001,1,0,0,0,0,0,16620
F,90000200,0,0,0,0,0,0,16620
F,90000201,1,0,0,0,0,0,16620
F,90000400,0,0,0,0,0,0,16620
F,90000401,1,0,0,0,0,0,16620
F,90000800,0,0,0,0,0,0,16620
F,90001000,0,0,0,0,0,0,16620
F,90001200,0,0,0,0,0,0,16620
F,90001201,1,0,0,0,0,0,16620
F,90001600,0,0,0,0,0,0,16620
F,90000000,0,0,0,0,0,0,16680
F,90000001,1,0,0,0,0,0,16680
F,90000200,0,0,0,0,0,0,16680
F,90000201,1,0,0,0,0,0,16680
F,90000400,0,0,0,0,0,0,16680
F,90000401,1,0,0,0,0,0,16680
F,90000800,0,0,0,0,0,0,16680
F,90001000,0,0,0,0,0,0,16680
F,90001200,0,0,0,0,0,0,16680
F,90001201,1,0,0,0,0,0,16680
F,90001600,0,0,0,0,0,0,16680
F,90000000,0,0,0,0,0,0,16740
F,90000001,1,0,0,0,0,0,16740
F,90000200,0,0,0,0,0,0,16740
F,90000201,1,0,0,0,0,0,16740
F,90000400,0,0,0,0,0,0,16740
F,90000401,1,0,0,0,0,0,16740
F,90000800,0,0,0,0,0,0,16740
F,90001000,0,0,0,0,0,0,16740
F,90001200,0,0,0,0,0,0,16740
F,90001201,1,0,0,0,0,0,16740
F,90001600,0,0,0,0,0,0,16740
F,90000000,0,0,0,0,0,0,16800
F,90000001,1,0,0,0,0,0,16800
F,90000200,0,0,0,0,0,0,16800
F,90000201,1,0,0,0,0,0,16800
F,90000400,0,0,0,0,0,0,16800
F,90000401,1,0,0,0,0,0,16800
F,90000800,0,0,0,0,0,0,16800
F,90001000,0,0,0,0,0,0,16800
F,90001200,0,0,0,0,0,0,16800
F,90001201,1,0,0,0,0,0,16800
F,90001600,0,0,0,0,0,0,16800
F,90000000,0,0,0,0,0,0,16860
F,90000001,1,0,0,0,0,0,16860
F,90000200,0,0,0,0,0,0,16860
F,90000201,1,0,0,0,0,0,16860
F,90000400,0,0,0,0,0,0,16860
F,90000401,1,0,0,0,0,0,16860
F,90000800,0,0,0,0,0,0,16860
F,90001000,0,0,0,0,0,0,16860
F,90001200,0,0,0,0,0,0,16860
F,90001201,1,0,0,0,0,0,16860
F,90001600,0,0,0,0,0,0,16860
F,90000000,0,0,0,0,0,0,16920
F,90000001,1,0,0,0,0,0,16920
F,90000200,0,0,0,0,0,0,16920
F,90000201,1,0,0,0,0,0,16920
F,90000400,0,0,0,0,0,0,16920
F,90000401,1,0,0,0,0,0,16920
F,90000800,0,0,0,0,0,0,16920
F,90001000,0,0,0,0,0,0,16920
F,90001200,0,0,0,0,0,0,16920
F,90001201,1,0,0,0,0,0,16920
F,90001600,0,0,0,0,0,0,16920
F,90000000,0,0,0,0,0,0,16980
F,90000001,1,0,0,0,0,0,16980
F,90000200,0,0,0,0,0,0,16980
F,90000201,1,0,0,0,0,0,16980
F,90000400,0,0,0,0,0,0,16980
F,90000401,1,0,0,0,0,0,16980
F,90000800,0,0,0,0,0,0,16980
F,90001000,0,0,0,0,0,0,16980
F,90001200,0,0,0,0,0,0,16980
F,90001201,1,0,0,0,0,0,16980
F,90001600,0,0,0,0,0,0,16980
F,90000000,0,0,0,0,0,0,17040
F,90000001,1,0,0,0,0,0,17040
F,90000200,0,0,0,0,0,0,17040
F,90000201,1,0,0,0,0,0,17040
F,90000400,0,0,0,0,0,0,17040
F,90000401,1,0,0,0,0,0,17040
F,90000800,0,0,0,0,0,0,17040
F,90001000,0,0,0,0,0,0,17040
F,90001200,0,0,0,0,0,0,17040
F,90001201,1,0,0,0,0,0,17040
F,90001600,0,0,0,0,0,0,17040
F,90000000,0,0,0,0,0,0,17100
F,90000001,1,0,0,0,0,0,17100
F,90000200,0,0,0,0,0,0,17100
F,90000201,1,0,0,0,0,0,17100
F,90000400,0,0,0,0,0,0,17100
F,90000401,1,0,0,0,0,0,17100
F,90000800,0,0,0,0,0,0,17100
F,90001000,0,0,0,0,0,0,17100
F,90001200,0,0,0,0,0,0,17100
F,90001201,1,0,0,0,0,0,17100
F,90001600,0,0,0,0,0,0,17100
F,90000000,0,0,0,0,0,0,17160
F,90000001,1,0,0,0,0,0,17160
F,90000200,0,0,0,0,0,0,17160
F,90000201,1,0,0,0,0,0,17160
F,90000400,0,0,0,0,0,0,17160
F,90000401,1,0,0,0,0,0,17160
F,90000800,0,0,0,0,0,0,17160
F,90001000,0,0,0,0,0,0,17160
F,90001200,0,0,0,0,0,0,17160
F,90001201,1,0,0,0,0,0,17160
F,90001600,0,0,0,0,0,0,17160
F,90000000,0,0,0,0,0,0,17220
F,90000001,1,0,0,0,0,0,17220
F,90000200,0,0,0,0,0,0,17220
F,90000201,1,0,0,0,0,0,17220
F,90000400,0,0,0,0,0,0,17220
F,90000401,1,0,0,0,0,0,17220
F,90000800,0,0,0,0,0,0,17220
F,90001000,0,0,0,0,0,0,17220
F,90001200,0,0,0,0,0,0,17220
F,90001201,1,0,0,0,0,0,17220
F,90001600,0,0,0,0,0,0,17220
F,90000000,0,0,0,0,0,0,17280
F,90000001,1,0,0,0,0,0,17280
F,90000200,0,0,0,0,0,0,17280
F,90000201,1,0,0,0,0,0,17280
F,90000400,0,0,0,0,0,0,17280
F,90000401,1,0,0,0,0,0,17280
F,90000800,0,0,0,0,0,0,17280
F,90001000,0,0,0,0,0,0,17280
F,90001200,0,0,0,0,0,0,17280
F,90001201,1,0,0,0,0,0,17280
F,90001600,0,0,0,0,0,0,17280
F,90000000,0,0,0,0,0,0,17340
F,90000001,1,0,0,0,0,0,17340
F,90000200,0,0,0,0,0,0,17340
F,90000201,1,0,0,0,0,0,17340
F,90000400,0,0,0,0,0,0,17340
F,90000401,1,0,0,0,0,0,17340
F,90000800,0,0,0,0,0,0,17340
F,90001000,0,0,0,0,0,0,17340
F,90001200,0,0,0,0,0,0,17340
F,90001201,1,0,0,0,0,0,17340
F,90001600,0,0,0,0,0,0,17340
F,90000000,0,0,0,0,0,0,17400
F,90000001,1,0,0,0,0,0,17400
F,90000200,0,0,0,0,0,0,17400
F,90000201,1,0,0,0,0,0,17400
F,90000400,0,0,0,0,0,0,17400
F,90000401,1,0,0,0,0,0,17400
F,90000800,0,0,0,0,0,0,17400
F,90001000,0,0,0,0,0,0,17400
F,90001200,0,0,0,0,0,0,17400
F,90001201,1,0,0,0,0,0,17400
F,90001600,0,0,0,0,0,0,17400
F,90000000,0,0,0,0,0,0,17460
F,90000001,1,0,0,0,0,0,17460
F,90000200,0,0,0,0,0,0,17460
F,90000201,1,0,0,0,0,0,17460
F,90000400,0,0,0,0,0,0,17460
F,90000401,1,0,0,0,0,0,17460
F,90000800,0,0,0,0,0,0,17460
F,90001000,0,0,0,0,0,0,17460
F,90001200,0,0,0,0,0,0,17460
F,90001201,1,0,0,0,0,0,17460
F,90001600,0,0,0,0,0,0,17460
F,90000000,0,0,0,0,0,0,17520
F,90000001,1,0,0,0,0,0,17520
F,90000200,0,0,0,0,0,0,17520
F,90000201,1,0,0,0,0,0,17520
F,90000400,0,0,0,0,0,0,17520
F,90000401,1,0,0,0,0,0,17520
F,90000800,0,0,0,0,0,0,17520
F,90001000,0,0,0,0,0,0,17520
F,90001200,0,0,0,0,0,0,17520
F,90001201,1,0,0,0,0,0,17520
F,90001600,0,0,0,0,0,0,17520
F,90000000,0,0,0,0,0,0,17580
F,90000001,1,0,0,0,0,0,17580
F,90000200,0,0,0,0,0,0,17580
F,90000201,1,0,0,0,0,0,17580
F,90000400,0,0,0,0,0,0,17580
F,90000401,1,0,0,0,0,0,17580
F,90000800,0,0,0,0,0,0,17580
F,90001000,0,0,0,0,0,0,17580
F,90001200,0,0,0,0,0,0,17580
F,90001201,1,0,0,0,0,0,17580
F,90001600,0,0,0,0,0,0,17580
F,90000000,0,0,0,0,0,0,17640
F,90000001,1,0,0,0,0,0,17640
F,90000200,0,0,0,0,0,0,17640
F,90000201,1,0,0,0,0,0,17640
F,90000400,0,0,0,0,0,0,17640
F,90000401,1,0,0,0,0,0,17640
F,90000800,0,0,0,0,0,0,17640
F,90001000,0,0,0,0,0,0,17640
F,90001200,0,0,0,0,0,0,17640
F,90001201,1,0,0,0,0,0,17640
F,90001600,0,0,0,0,0,0,17640
F,90000000,0,0,0,0,0,0,17700
F,90000001,1,0,0,0,0,0,17700
F,90000200,0,0,0,0,0,0,17700
F,90000201,1,0,0,0,0,0,17700
F,90000400,0,0,0,0,0,0,17700
F,90000401,1,0,0,0,0,0,17700
F,90000800,0,0,0,0,0,0,17700
F,90001000,0,0,0,0,0,0,17700
F,90001200,0,0,0,0,0,0,17700
F,90001201,1,0,0,0,0,0,17700
F,90001600,0,0,0,0,0,0,17700
F,90000000,0,0,0,0,0,0,17760
F,90000001,1,0,0,0,0,0,17760
F,90000200,0,0,0,0,0,0,17760
F,90000201,1,0,0,0,0,0,17760
F,90000400,0,0,0,0,0,0,17760
F,90000401,1,0,0,0,0,0,17760
F,90000800,0,0,0,0,0,0,17760
F,90001000,0,0,0,0,0,0,17760
F,90001200,0,0,0,0,0,0,17760
F,90001201,1,0,0,0,0,0,17760
F,90001600,0,0,0,0,0,0,17760
F,90000000,0,0,0,0,0,0,17820
F,90000001,1,0,0,0,0,0,17820
F,90000200,0,0,0,0,0,0,17820
F,90000201,1,0,0,0,0,0,17820
F,90000400,0,0,0,0,0,0,17820
F,90000401,1,0,0,0,0,0,17820
F,90000800,0,0,0,0,0,0,17820
F,90001000,0,0,0,0,0,0,17820
F,90001200,0,0,0,0,0,0,17820
F,90001201,1,0,0,0,0,0,17820
F,90001600,0,0,0,0,0,0,17820
F,90000000,0,0,0,0,0,0,17880
F,90000001,1,0,0,0,0,0,17880
F,90000200,0,0,0,0,0,0,17880
F,90000201,1,0,0,0,0,0,17880
F,90000400,0,0,0,0,0,0,17880
F,90000401,1,0,0,0,0,0,17880
F,90000800,0,0,0,0,0,0,17880
F,90001000,0,0,0,0,0,0,17880
F,90001200,0,0,0,0,0,0,17880
F,90001201,1,0,0,0,0,0,17880
F,90001600,0,0,0,0,0,0,17880
F,90000000,0,0,0,0,0,0,17940
F,90000001,1,0,0,0,0,0,17940
F,90000200,0,0,0,0,0,0,17940
F,90000201,1,0,0,0,0,0,17940
F,90000400,0,0,0,0,0,0,17940
F,90000401,1,0,0,0,0,0,17940
F,90000800,0,0,0,0,0,0,17940
F,90001000,0,0,0,0,0,0,17940
F,90001200,0,0,0,0,0,0,17940
F,90001201,1,0,0,0,0,0,17940
F,90001600,0,0,0,0,0,0,17940
F,90000000,0,0,0,0,0,0,18000
F,90000001,1,0,0,0,0,0,18000
F,90000200,0,0,0,0,0,0,18000
F,90000201,1,0,0,0,0,0,18000
F,90000400,0,0,0,0,0,0,18000
F,90000401,1,0,0,0,0,0,18000
F,90000800,0,0,0,0,0,0,18000
F,90001000,0,0,0,0,0,0,18000
F,90001200,0,0,0,0,0,0,18000
F,90001201,1,0,0,0,0,0,18000
F,90001600,0,0,0,0,0,0,18000
F,90000000,0,0,0,0,0,0,18060
F,90000001,1,0,0,0,0,0,18060
F,90000200,0,0,0,0,0,0,18060
F,90000201,1,0,0,0,0,0,18060
F,90000400,0,0,0,0,0,0,18060
F,90000401,1,0,0,0,0,0,18060
F,90000800,0,0,0,0,0,0,18060
F,90001000,0,0,0,0,0,0,18060
F,90001200,0,0,0,0,0,0,18060
F,90001201,1,0,0,0,0,0,18060
F,90001600,0,0,0,0,0,0,18060
F,90000000,0,0,0,0,0,0,18120
F,90000001,1,0,0,0,0,0,18120
F,90000200,0,0,0,0,0,0,18120
F,90000201,1,0,0,0,0,0,18120
F,90000400,0,0,0,0,0,0,18120
F,90000401,1,0,0,0,0,0,18120
F,90000800,0,0,0,0,0,0,18120
F,90001000,0,0,0,0,0,0,18120
F,90001200,0,0,0,0,0,0,18120
F,90001201,1,0,0,0,0,0,18120
F,90001600,0,0,0,0,0,0,18120
F,90000000,0,0,0,0,0,0,18180
F,90000001,1,0,0,0,0,0,18180
F,90000200,0,0,0,0,0,0,18180
F,90000201,1,0,0,0,0,0,18180
F,90000400,0,0,0,0,0,0,18180
F,90000401,1,0,0,0,0,0,18180
F,90000800,0,0,0,0,0,0,18180
F,90001000,0,0,0,0,0,0,18180
F,90001200,0,0,0,0,0,0,18180
F,90001201,1,0,0,0,0,0,18180
F,90001600,0,0,0,0,0,0,18180
F,90000000,0,0,0,0,0,0,18240
F,90000001,1,0,0,0,0,0,18240
F,90000200,0,0,0,0,0,0,18240
F,90000201,1,0,0,0,0,0,18240
F,90000400,0,0,0,0,0,0,18240
F,90000401,1,0,0,0,0,0,18240
F,90000800,0,0,0,0,0,0,18240
F,90001000,0,0,0,0,0,0,18240
F,90001200,0,0,0,0,0,0,18240
F,90001201,1,0,0,0,0,0,18240
F,90001600,0,0,0,0,0,0,18240
F,90000000,0,0,0,0,0,0,18300
F,90000001,1,0,0,0,0,0,18300
F,90000200,0,0,0,0,0,0,18300
F,90000201,1,0,0,0,0,0,18300
F,90000400,0,0,0,0,0,0,18300
F,90000401,1,0,0,0,0,0,18300
F,90000800,0,0,0,0,0,0,18300
F,90001000,0,0,0,0,0,0,18300
F,90001200,0,0,0,0,0,0,18300
F,90001201,1,0,0,0,0,0,18300
F,90001600,0,0,0,0,0,0,18300
F,90000000,0,0,0,0,0,0,18360
F,90000001,1,0,0,0,0,0,18360
F,90000200,0,0,0,0,0,0,18360
F,90000201,1,0,0,0,0,0,18360
F,90000400,0,0,0,0,0,0,18360
F,90000401,1,0,0,0,0,0,18360
F,90000800,0,0,0,0,0,0,18360
F,90001000,0,0,0,0,0,0,18360
F,90001200,0,0,0,0,0,0,18360
F,90001201,1,0,0,0,0,0,18360
F,90001600,0,0,0,0,0,0,18360
F,90000000,0,0,0,0,0,0,18420
F,90000001,1,0,0,0,0,0,18420
F,90000200,0,0,0,0,0,0,18420
F,90000201,1,0,0,0,0,0,18420
F,90000400,0,0,0,0,0,0,18420
F,90000401,1,0,0,0,0,0,18420
F,90000800,0,0,0,0,0,0,18420
F,90001000,0,0,0,0,0,0,18420
F,90001200,0,0,0,0,0,0,18420
F,90001201,1,0,0,0,0,0,18420
F,90001600,0,0,0,0,0,0,18420
F,90000000,0,0,0,0,0,0,18480
F,90000001,1,0,0,0,0,0,18480
F,90000200,0,0,0,0,0,0,18480
F,90000201,1,0,0,0,0,0,18480
F,90000400,0,0,0,0,0,0,18480
F,90000401,1,0,0,0,0,0,18480
F,90000800,0,0,0,0,0,0,18480
F,90001000,0,0,0,0,0,0,18480
F,90001200,0,0,0,0,0,0,18480
F,90001201,1,0,0,0,0,0,18480
F,90001600,0,0,0,0,0,0,18480
F,90000000,0,0,0,0,0,0,18540
F,90000001,1,0,0,0,0,0,18540
F,90000200,0,0,0,0,0,0,18540
F,90000201,1,0,0,0,0,0,18540
F,90000400,0,0,0,0,0,0,18540
F,90000401,1,0,0,0,0,0,18540
F,90000800,0,0,0,0,0,0,18540
F,90001000,0,0,0,0,0,0,18540
F,90001200,0,0,0,0,0,0,18540
F,90001201,1,0,0,0,0,0,18540
F,90001600,0,0,0,0,0,0,18540
F,90000000,0,0,0,0,0,0,18600
F,90000001,1,0,0,0,0,0,18600
F,90000200,0,0,0,0,0,0,18600
F,90000201,1,0,0,0,0,0,18600
F,90000400,0,0,0,0,0,0,18600
F,90000401,1,0,0,0,0,0,18600
F,90000800,0,0,0,0,0,0,18600
F,90001000,0,0,0,0,0,0,18600
F,90001200,0,0,0,0,0,0,18600
F,90001201,1,0,0,0,0,0,18600
F,90001600,0,0,0,0,0,0,18600
F,90000000,0,0,0,0,0,0,18660
F,90000001,1,0,0,0,0,0,18660
F,90000200,0,0,0,0,0,0,18660
F,90000201,1,0,0,0,0,0,18660
F,90000400,0,0,0,0,0,0,18660
F,90000401,1,0,0,0,0,0,18660
F,90000800,0,0,0,0,0,0,18660
F,90001000,0,0,0,0,0,0,18660
F,90001200,0,0,0,0,0,0,18660
F,90001201,1,0,0,0,0,0,18660
F,90001600,0,0,0,0,0,0,18660
F,90000000,0,0,0,0,0,0,18720
F,90000001,1,0,0,0,0,0,18720
F,90000200,0,0,0,0,0,0,18720
F,90000201,1,0,0,0,0,0,18720
F,90000400,0,0,0,0,0,0,18720
F,90000401,1,0,0,0,0,0,18720
F,90000800,0,0,0,0,0,0,18720
F,90001000,0,0,0,0,0,0,18720
F,90001200,0,0,0,0,0,0,18720
F,90001201,1,0,0,0,0,0,18720
F,90001600,0,0,0,0,0,0,18720
F,90000000,0,0,0,0,0,0,18780
F,90000001,1,0,0,0,0,0,18780
F,90000200,0,0,0,0,0,0,18780
F,90000201,1,0,0,0,0,0,18780
F,90000400,0,0,0,0,0,0,18780
F,90000401,1,0,0,0,0,0,18780
F,90000800,0,0,0,0,0,0,18780
F,90001000,0,0,0,0,0,0,18780
F,90001200,0,0,0,0,0,0,18780
F,90001201,1,0,0,0,0,0,18780
F,90001600,0,0,0,0,0,0,18780
F,90000000,0,0,0,0,0,0,18840
F,90000001,1,0,0,0,0,0,18840
F,90000200,0,0,0,0,0,0,18840
F,90000201,1,0,0,0,0,0,18840
F,90000400,0,0,0,0,0,0,18840
F,90000401,1,0,0,0,0,0,18840
F,90000800,0,0,0,0,0,0,18840
F,90001000,0,0,0,0,0,0,18840
F,90001200,0,0,0,0,0,0,18840
F,90001201,1,0,0,0,0,0,18840
F,90001600,0,0,0,0,0,0,18840
F,90000000,0,0,0,0,0,0,18900
F,90000001,1,0,0,0,0,0,18900
F,90000200,0,0,0,0,0,0,18900
F,90000201,1,0,0,0,0,0,18900
F,90000400,0,0,0,0,0,0,18900
F,90000401,1,0,0,0,0,0,18900
F,90000800,0,0,0,0,0,0,18900
F,90001000,0,0,0,0,0,0,18900
F,90001200,0,0,0,0,0,0,18900
F,90001201,1,0,0,0,0,0,18900
F,90001600,0,0,0,0,0,0,18900
F,90000000,0,0,0,0,0,0,18960
F,90000001,1,0,0,0,0,0,18960
F,90000200,0,0,0,0,0,0,18960
F,90000201,1,0,0,0,0,0,18960
F,90000400,0,0,0,0,0,0,18960
F,90000401,1,0,0,0,0,0,18960
F,90000800,0,0,0,0,0,0,18960
F,90001000,0,0,0,0,0,0,18960
F,90001200,0,0,0,0,0,0,18960
F,90001201,1,0,0,0,0,0,18960
F,90001600,0,0,0,0,0,0,18960
F,90000000,0,0,0,0,0,0,19020
F,90000001,1,0,0,0,0,0,19020
F,90000200,0,0,0,0,0,0,19020
F,90000201,1,0,0,0,0,0,19020
F,90000400,0,0,0,0,0,0,19020
F,90000401,1,0,0,0,0,0,19020
F,90000800,0,0,0,0,0,0,19020
F,90001000,0,0,0,0,0,0,19020
F,90001200,0,0,0,0,0,0,19020
F,90001201,1,0,0,0,0,0,19020
F,90001600,0,0,0,0,0,0,19020
F,90000000,0,0,0,0,0,0,19080
F,90000001,1,0,0,0,0,0,19080
F,90000200,0,0,0,0,0,0,19080
F,90000201,1,0,0,0,0,0,19080
F,90000400,0,0,0,0,0,0,19080
F,90000401,1,0,0,0,0,0,19080
F,90000800,0,0,0,0,0,0,19080
F,90001000,0,0,0,0,0,0,19080
F,90001200,0,0,0,0,0,0,19080
F,90001201,1,0,0,0,0,0,19080
F,90001600,0,0,0,0,0,0,19080
F,90000000,0,0,0,0,0,0,19140
F,90000001,1,0,0,0,0,0,19140
F,90000200,0,0,0,0,0,0,19140
F,90000201,1,0,0,0,0,0,19140
F,90000400,0,0,0,0,0,0,19140
F,90000401,1,0,0,0,0,0,19140
F,90000800,0,0,0,0,0,0,19140
F,90001000,0,0,0,0,0,0,19140
F,90001200,0,0,0,0,0,0,19140
F,90001201,1,0,0,0,0,0,19140
F,90001600,0,0,0,0,0,0,19140
F,90000000,0,0,0,0,0,0,19200
F,90000001,1,0,0,0,0,0,19200
F,90000200,0,0,0,0,0,0,19200
F,90000201,1,0,0,0,0,0,19200
F,90000400,0,0,0,0,0,0,19200
F,90000401,1,0,0,0,0,0,19200
F,90000800,0,0,0,0,0,0,19200
F,90001000,0,0,0,0,0,0,19200
F,90001200,0,0,0,0,0,0,19200
F,90001201,1,0,0,0,0,0,19200
F,90001600,0,0,0,0,0,0,19200
F,90000000,0,0,0,0,0,0,19260
F,90000001,1,0,0,0,0,0,19260
F,90000200,0,0,0,0,0,0,19260
F,90000201,1,0,0,0,0,0,19260
F,90000400,0,0,0,0,0,0,19260
F,90000401,1,0,0,0,0,0,19260
F,90000800,0,0,0,0,0,0,19260
F,90001000,0,0,0,0,0,0,19260
F,90001200,0,0,0,0,0,0,19260
F,90001201,1,0,0,0,0,0,19260
F,90001600,0,0,0,0,0,0,19260
F,90000000,0,0,0,0,0,0,19320
F,90000001,1,0,0,0,0,0,19320
F,90000200,0,0,0,0,0,0,19320
F,90000201,1,0,0,0,0,0,19320
F,90000400,0,0,0,0,0,0,19320
F,90000401,1,0,0,0,0,0,19320
F,90000800,0,0,0,0,0,0,19320
F,90001000,0,0,0,0,0,0,19320
F,90001200,0,0,0,0,0,0,19320
F,90001201,1,0,0,0,0,0,19320
F,90001600,0,0,0,0,0,0,19320
F,90000000,0,0,0,0,0,0,19380
F,90000001,1,0,0,0,0,0,19380
F,90000200,0,0,0,0,0,0,19380
F,90000201,1,0,0,0,0,0,19380
F,90000400,0,0,0,0,0,0,19380
F,90000401,1,0,0,0,0,0,19380
F,90000800,0,0,0,0,0,0,19380
F,90001000,0,0,0,0,0,0,19380
F,90001200,0,0,0,0,0,0,19380
F,90001201,1,0,0,0,0,0,19380
F,90001600,0,0,0,0,0,0,19380
F,90000000,0,0,0,0,0,0,19440
F,90000001,1,0,0,0,0,0,19440
F,90000200,0,0,0,0,0,0,19440
F,90000201,1,0,0,0,0,0,19440
F,90000400,0,0,0,0,0,0,19440
F,90000401,1,0,0,0,0,0,19440
F,90000800,0,0,0,0,0,0,19440
F,90001000,0,0,0,0,0,0,19440
F,90001200,0,0,0,0,0,0,19440
F,90001201,1,0,0,0,0,0,19440
F,90001600,0,0,0,0,0,0,19440
F,90000000,0,0,0,0,0,0,19500
F,90000001,1,0,0,0,0,0,19500
F,90000200,0,0,0,0,0,0,19500
F,90000201,1,0,0,0,0,0,19500
F,90000400,0,0,0,0,0,0,19500
F,90000401,1,0,0,0,0,0,19500
F,90000800,0,0,0,0,0,0,19500
F,90001000,0,0,0,0,0,0,19500
F,90001200,0,0,0,0,0,0,19500
F,90001201,1,0,0,0,0,0,19500
F,90001600,0,0,0,0,0,0,19500
F,90000000,0,0,0,0,0,0,19560
F,90000001,1,0,0,0,0,0,19560
F,90000200,0,0,0,0,0,0,19560
F,90000201,1,0,0,0,0,0,19560
F,90000400,0,0,0,0,0,0,19560
F,90000401,1,0,0,0,0,0,19560
F,90000800,0,0,0,0,0,0,19560
F,90001000,0,0,0,0,0,0,19560
F,90001200,0,0,0,0,0,0,19560
F,90001201,1,0,0,0,0,0,19560
F,90001600,0,0,0,0,0,0,19560
F,90000000,0,0,0,0,0,0,19620
F,90000001,1,0,0,0,0,0,19620
F,90000200,0,0,0,0,0,0,19620
F,90000201,1,0,0,0,0,0,19620
F,90000400,0,0,0,0,0,0,19620
F,90000401,1,0,0,0,0,0,19620
F,90000800,0,0,0,0,0,0,19620
F,90001000,0,0,0,0,0,0,19620
F,90001200,0,0,0,0,0,0,19620
F,90001201,1,0,0,0,0,0,19620
F,90001600,0,0,0,0,0,0,19620
F,90000000,0,0,0,0,0,0,19680
F,90000001,1,0,0,0,0,0,19680
F,90000200,0,0,0,0,0,0,19680
F,90000201,1,0,0,0,0,0,19680
F,90000400,0,0,0,0,0,0,19680
F,90000401,1,0,0,0,0,0,19680
F,90000800,0,0,0,0,0,0,19680
F,90001000,0,0,0,0,0,0,19680
F,90001200,0,0,0,0,0,0,19680
F,90001201,1,0,0,0,0,0,19680
F,90001600,0,0,0,0,0,0,19680
F,90000000,0,0,0,0,0,0,19740
F,90000001,1,0,0,0,0,0,19740
F,90000200,0,0,0,0,0,0,19740
F,90000201,1,0,0,0,0,0,19740
F,90000400,0,0,0,0,0,0,19740
F,90000401,1,0,0,0,0,0,19740
F,90000800,0,0,0,0,0,0,19740
F,90001000,0,0,0,0,0,0,19740
F,90001200,0,0,0,0,0,0,19740
F,90001201,1,0,0,0,0,0,19740
F,90001600,0,0,0,0,0,0,19740
F,90000000,0,0,0,0,0,0,19800
F,90000001,1,0,0,0,0,0,19800
F,90000200,0,0,0,0,0,0,19800
F,90000201,1,0,0,0,0,0,19800
F,90000400,0,0,0,0,0,0,19800
F,90000401,1,0,0,0,0,0,19800
F,90000800,0,0,0,0,0,0,19800
F,90001000,0,0,0,0,0,0,19800
F,90001200,0,0,0,0,0,0,19800
F,90001201,1,0,0,0,0,0,19800
F,90001600,0,0,0,0,0,0,19800
F,90000000,0,0,0,0,0,0,19860
F,90000001,1,0,0,0,0,0,19860
F,90000200,0,0,0,0,0,0,19860
F,90000201,1,0,0,0,0,0,19860
F,90000400,0,0,0,0,0,0,19860
F,90000401,1,0,0,0,0,0,19860
F,90000800,0,0,0,0,0,0,19860
F,90001000,0,0,0,0,0,0,19860
F,90001200,0,0,0,0,0,0,19860
F,90001201,1,0,0,0,0,0,19860
F,90001600,0,0,0,0,0,0,19860
F,90000000,0,0,0,0,0,0,19920
F,90000001,1,0,0,0,0,0,19920
F,90000200,0,0,0,0,0,0,19920
F,90000201,1,0,0,0,0,0,19920
F,90000400,0,0,0,0,0,0,19920
F,90000401,1,0,0,0,0,0,19920
F,90000800,0,0,0,0,0,0,19920
F,90001000,0,0,0,0,0,0,19920
F,90001200,0,0,0,0,0,0,19920
F,90001201,1,0,0,0,0,0,19920
F,90001600,0,0,0,0,0,0,19920
F,90000000,0,0,0,0,0,0,19980
F,90000001,1,0,0,0,0,0,19980
F,90000200,0,0,0,0,0,0,19980
F,90000201,1,0,0,0,0,0,19980
F,90000400,0,0,0,0,0,0,19980
F,90000401,1,0,0,0,0,0,19980
F,90000800,0,0,0,0,0,0,19980
F,90001000,0,0,0,0,0,0,19980
F,90001200,0,0,0,0,0,0,19980
F,90001201,1,0,0,0,0,0,19980
F,90001600,0,0,0,0,0,0,19980
F,90000000,0,0,0,0,0,0,20040
F,90000001,1,0,0,0,0,0,20040
F,90000200,0,0,0,0,0,0,20040
F,90000201,1,0,0,0,0,0,20040
F,90000400,0,0,0,0,0,0,20040
F,90000401,1,0,0,0,0,0,20040
F,90000800,0,0,0,0,0,0,20040
F,90001000,0,0,0,0,0,0,20040
F,90001200,0,0,0,0,0,0,20040
F,90001201,1,0,0,0,0,0,20040
F,90001600,0,0,0,0,0,0,20040
F,90000000,0,0,0,0,0,0,20100
F,90000001,1,0,0,0,0,0,20100
F,90000200,0,0,0,0,0,0,20100
F,90000201,1,0,0,0,0,0,20100
F,90000400,0,0,0,0,0,0,20100
F,90000401,1,0,0,0,0,0,20100
F,90000800,0,0,0,0,0,0,20100
F,90001000,0,0,0,0,0,0,20100
F,90001200,0,0,0,0,0,0,20100
F,90001201,1,0,0,0,0,0,20100
F,90001600,0,0,0,0,0,0,20100
F,90000000,0,0,0,0,0,0,20160
F,90000001,1,0,0,0,0,0,20160
F,90000200,0,0,0,0,0,0,20160
F,90000201,1,0,0,0,0,0,20160
F,90000400,0,0,0,0,0,0,20160
F,90000401,1,0,0,0,0,0,20160
F,90000800,0,0,0,0,0,0,20160
F,90001000,0,0,0,0,0,0,20160
F,90001200,0,0,0,0,0,0,20160
F,90001201,1,0,0,0,0,0,20160
F,90001600,0,0,0,0,0,0,20160
F,90000000,0,0,0,0,0,0,20220
F,90000001,1,0,0,0,0,0,20220
F,90000200,0,0,0,0,0,0,20220
F,90000201,1,0,0,0,0,0,20220
F,90000400,0,0,0,0,0,0,20220
F,90000401,1,0,0,0,0,0,20220
F,90000800,0,0,0,0,0,0,20220
F,90001000,0,0,0,0,0,0,20220
F,90001200,0,0,0,0,0,0,20220
F,90001201,1,0,0,0,0,0,20220
F,90001600,0,0,0,0,0,0,20220
F,90000000,0,0,0,0,0,0,20280
F,90000001,1,0,0,0,0,0,20280
F,90000200,0,0,0,0,0,0,20280
F,90000201,1,0,0,0,0,0,20280
F,90000400,0,0,0,0,0,0,20280
F,90000401,1,0,0,0,0,0,20280
F,90000800,0,0,0,0,0,0,20280
F,90001000,0,0,0,0,0,0,20280
F,90001200,0,0,0,0,0,0,20280
F,90001201,1,0,0,0,0,0,20280
F,90001600,0,0,0,0,0,0,20280
F,90000000,0,0,0,0,0,0,20340
F,90000001,1,0,0,0,0,0,20340
F,90000200,0,0,0,0,0,0,20340
F,90000201,1,0,0,0,0,0,20340
F,90000400,0,0,0,0,0,0,20340
F,90000401,1,0,0,0,0,0,20340
F,90000800,0,0,0,0,0,0,20340
F,90001000,0,0,0,0,0,0,20340
F,90001200,0,0,0,0,0,0,20340
F,90001201,1,0,0,0,0,0,20340
F,90001600,0,0,0,0,0,0,20340
F,90000000,0,0,0,0,0,0,20400
F,90000001,1,0,0,0,0,0,20400
F,90000200,0,0,0,0,0,0,20400
F,90000201,1,0,0,0,0,0,20400
F,90000400,0,0,0,0,0,0,20400
F,90000401,1,0,0,0,0,0,20400
F,90000800,0,0,0,0,0,0,20400
F,90001000,0,0,0,0,0,0,20400
F,90001200,0,0,0,0,0,0,20400
F,90001201,1,0,0,0,0,0,20400
F,90001600,0,0,0,0,0,0,20400
F,90000000,0,0,0,0,0,0,20460
F,90000001,1,0,0,0,0,0,20460
F,90000200,0,0,0,0,0,0,20460
F,90000201,1,0,0,0,0,0,20460
F,90000400,0,0,0,0,0,0,20460
F,90000401,1,0,0,0,0,0,20460
F,90000800,0,0,0,0,0,0,20460
F,90001000,0,0,0,0,0,0,20460
F,90001200,0,0,0,0,0,0,20460
F,90001201,1,0,0,0,0,0,20460
F,90001600,0,0,0,0,0,0,20460
F,90000000,0,0,0,0,0,0,20520
F,90000001,1,0,0,0,0,0,20520
F,90000200,0,0,0,0,0,0,20520
F,90000201,1,0,0,0,0,0,20520
F,90000400,0,0,0,0,0,0,20520
F,90000401,1,0,0,0,0,0,20520
F,90000800,0,0,0,0,0,0,20520
F,90001000,0,0,0,0,0,0,20520
F,90001200,0,0,0,0,0,0,20520
F,90001201,1,0,0,0,0,0,20520
F,90001600,0,0,0,0,0,0,20520
F,90000000,0,0,0,0,0,0,20580
F,90000001,1,0,0,0,0,0,20580
F,90000200,0,0,0,0,0,0,20580
F,90000201,1,0,0,0,0,0,20580
F,90000400,0,0,0,0,0,0,20580
F,90000401,1,0,0,0,0,0,20580
F,90000800,0,0,0,0,0,0,20580
F,90001000,0,0,0,0,0,0,20580
F,90001200,0,0,0,0,0,0,20580
F,90001201,1,0,0,0,0,0,20580
F,90001600,0,0,0,0,0,0,20580
F,90000000,0,0,0,0,0,0,20640
F,90000001,1,0,0,0,0,0,20640
F,90000200,0,0,0,0,0,0,20640
F,90000201,1,0,0,0,0,0,20640
F,90000400,0,0,0,0,0,0,20640
F,90000401,1,0,0,0,0,0,20640
F,90000800,0,0,0,0,0,0,20640
F,90001000,0,0,0,0,0,0,20640
F,90001200,0,0,0,0,0,0,20640
F,90001201,1,0,0,0,0,0,20640
F,90001600,0,0,0,0,0,0,20640
F,90000000,0,0,0,0,0,0,20700
F,90000001,1,0,0,0,0,0,20700
F,90000200,0,0,0,0,0,0,20700
F,90000201,1,0,0,0,0,0,20700
F,90000400,0,0,0,0,0,0,20700
F,90000401,1,0,0,0,0,0,20700
F,90000800,0,0,0,0,0,0,20700
F,90001000,0,0,0,0,0,0,20700
F,90001200,0,0,0,0,0,0,20700
F,90001201,1,0,0,0,0,0,20700
F,90001600,0,0,0,0,0,0,20700
F,90000000,0,0,0,0,0,0,20760
F,90000001,1,0,0,0,0,0,20760
F,90000200,0,0,0,0,0,0,20760
F,90000201,1,0,0,0,0,0,20760
F,90000400,0,0,0,0,0,0,20760
F,90000401,1,0,0,0,0,0,20760
F,90000800,0,0,0,0,0,0,20760
F,90001000,0,0,0,0,0,0,20760
F,90001200,0,0,0,0,0,0,20760
F,90001201,1,0,0,0,0,0,20760
F,90001600,0,0,0,0,0,0,20760
F,90000000,0,0,0,0,0,0,20820
F,90000001,1,0,0,0,0,0,20820
F,90000200,0,0,0,0,0,0,20820
F,90000201,1,0,0,0,0,0,20820
F,90000400,0,0,0,0,0,0,20820
F,90000401,1,0,0,0,0,0,20820
F,90000800,0,0,0,0,0,0,20820
F,90001000,0,0,0,0,0,0,20820
F,90001200,0,0,0,0,0,0,20820
F,90001201,1,0,0,0,0,0,20820
F,90001600,0,0,0,0,0,0,20820
F,90000000,0,0,0,0,0,0,20880
F,90000001,1,0,0,0,0,0,20880
F,90000200,0,0,0,0,0,0,20880
F,90000201,1,0,0,0,0,0,20880
F,90000400,0,0,0,0,0,0,20880
F,90000401,1,0,0,0,0,0,20880
F,90000800,0,0,0,0,0,0,20880
F,90001000,0,0,0,0,0,0,20880
F,90001200,0,0,0,0,0,0,20880
F,90001201,1,0,0,0,0,0,20880
F,90001600,0,0,0,0,0,0,20880
F,90000000,0,0,0,0,0,0,20940
F,90000001,1,0,0,0,0,0,20940
F,90000200,0,0,0,0,0,0,20940
F,90000201,1,0,0,0,0,0,20940
F,90000400,0,0,0,0,0,0,20940
F,90000401,1,0,0,0,0,0,20940
F,90000800,0,0,0,0,0,0,20940
F,90001000,0,0,0,0,0,0,20940
F,90001200,0,0,0,0,0,0,20940
F,90001201,1,0,0,0,0,0,20940
F,90001600,0,0,0,0,0,0,20940
F,90000000,0,0,0,0,0,0,21000
F,90000001,1,0,0,0,0,0,21000
F,90000200,0,0,0,0,0,0,21000
F,90000201,1,0,0,0,0,0,21000
F,90000400,0,0,0,0,0,0,21000
F,90000401,1,0,0,0,0,0,21000
F,90000800,0,0,0,0,0,0,21000
F,90001000,0,0,0,0,0,0,21000
F,90001200,0,0,0,0,0,0,21000
F,90001201,1,0,0,0,0,0,21000
F,90001600,0,0,0,0,0,0,21000
F,90000000,0,0,0,0,0,0,21060
F,90000001,1,0,0,0,0,0,21060
F,90000200,0,0,0,0,0,0,21060
F,90000201,1,0,0,0,0,0,21060
F,90000400,0,0,0,0,0,0,21060
F,90000401,1,0,0,0,0,0,21060
F,90000800,0,0,0,0,0,0,21060
F,90001000,0,0,0,0,0,0,21060
F,90001200,0,0,0,0,0,0,21060
F,90001201,1,0,0,0,0,0,21060
F,90001600,0,0,0,0,0,0,21060
F,90000000,0,0,0,0,0,0,21120
F,90000001,1,0,0,0,0,0,21120
F,90000200,0,0,0,0,0,0,21120
F,90000201,1,0,0,0,0,0,21120
F,90000400,0,0,0,0,0,0,21120
F,90000401,1,0,0,0,0,0,21120
F,90000800,0,0,0,0,0,0,21120
F,90001000,0,0,0,0,0,0,21120
F,90001200,0,0,0,0,0,0,21120
F,90001201,1,0,0,0,0,0,21120
F,90001600,0,0,0,0,0,0,21120
F,90000000,0,0,0,0,0,0,21180
F,90000001,1,0,0,0,0,0,21180
F,90000200,0,0,0,0,0,0,21180
F,90000201,1,0,0,0,0,0,21180
F,90000400,0,0,0,0,0,0,21180
F,90000401,1,0,0,0,0,0,21180
F,90000800,0,0,0,0,0,0,21180
F,90001000,0,0,0,0,0,0,21180
F,90001200,0,0,0,0,0,0,21180
F,90001201,1,0,0,0,0,0,21180
F,90001600,0,0,0,0,0,0,21180
F,90000000,0,0,0,0,0,0,21240
F,90000001,1,0,0,0,0,0,21240
F,90000200,0,0,0,0,0,0,21240
F,90000201,1,0,0,0,0,0,21240
F,90000400,0,0,0,0,0,0,21240
F,90000401,1,0,0,0,0,0,21240
F,90000800,0,0,0,0,0,0,21240
F,90001000,0,0,0,0,0,0,21240
F,90001200,0,0,0,0,0,0,21240
F,90001201,1,0,0,0,0,0,21240
F,90001600,0,0,0,0,0,0,21240
F,90000000,0,0,0,0,0,0,21300
F,90000001,1,0,0,0,0,0,21300
F,90000200,0,0,0,0,0,0,21300
F,90000201,1,0,0,0,0,0,21300
F,90000400,0,0,0,0,0,0,21300
F,90000401,1,0,0,0,0,0,21300
F,90000800,0,0,0,0,0,0,21300
F,90001000,0,0,0,0,0,0,21300
F,90001200,0,0,0,0,0,0,21300
F,90001201,1,0,0,0,0,0,21300
F,90001600,0,0,0,0,0,0,21300
F,90000000,0,0,0,0,0,0,21360
F,90000001,1,0,0,0,0,0,21360
F,90000200,0,0,0,0,0,0,21360
F,90000201,1,0,0,0,0,0,21360
F,90000400,0,0,0,0,0,0,21360
F,90000401,1,0,0,0,0,0,21360
F,90000800,0,0,0,0,0,0,21360
F,90001000,0,0,0,0,0,0,21360
F,90001200,0,0,0,0,0,0,21360
F,90001201,1,0,0,0,0,0,21360
F,90001600,0,0,0,0,0,0,21360
F,90000000,0,0,0,0,0,0,21420
F,90000001,1,0,0,0,0,0,21420
F,90000200,0,0,0,0,0,0,21420
F,90000201,1,0,0,0,0,0,21420
F,90000400,0,0,0,0,0,0,21420
F,90000401,1,0,0,0,0,0,21420
F,90000800,0,0,0,0,0,0,21420
F,90001000,0,0,0,0,0,0,21420
F,90001200,0,0,0,0,0,0,21420
F,90001201,1,0,0,0,0,0,21420
F,90001600,0,0,0,0,0,0,21420
F,90000000,0,0,0,0,0,0,21480
F,90000001,1,0,0,0,0,0,21480
F,90000200,0,0,0,0,0,0,21480
F,90000201,1,0,0,0,0,0,21480
F,90000400,0,0,0,0,0,0,21480
F,90000401,1,0,0,0,0,0,21480
F,90000800,0,0,0,0,0,0,21480
F,90001000,0,0,0,0,0,0,21480
F,90001200,0,0,0,0,0,0,21480
F,90001201,1,0,0,0,0,0,21480
F,90001600,0,0,0,0,0,0,21480
F,90000000,0,0,0,0,0,0,21540
F,90000001,1,0,0,0,0,0,21540
F,90000200,0,0,0,0,0,0,21540
F,90000201,1,0,0,0,0,0,21540
F,90000400,0,0,0,0,0,0,21540
F,90000401,1,0,0,0,0,0,21540
F,90000800,0,0,0,0,0,0,21540
F,90001000,0,0,0,0,0,0,21540
F,90001200,0,0,0,0,0,0,21540
F,90001201,1,0,0,0,0,0,21540
F,90001600,0,0,0,0,0,0,21540
F,90000000,0,0,0,0,0,0,21600
F,90000001,1,0,0,0,0,0,21600
F,90000200,0,0,0,0,0,0,21600
F,90000201,1,0,0,0,0,0,21600
F,90000400,0,0,0,0,0,0,21600
F,90000401,1,0,0,0,0,0,21600
F,90000800,0,0,0,0,0,0,21600
F,90001000,0,0,0,0,0,0,21600
F,90001200,0,0,0,0,0,0,21600
F,90001201,1,0,0,0,0,0,21600
F,90001600,0,0,0,0,0,0,21600
F,90000000,0,0,0,0,0,0,21660
F,90000001,1,0,0,0,0,0,21660
F,90000200,0,0,0,0,0,0,21660
F,90000201,1,0,0,0,0,0,21660
F,90000400,0,0,0,0,0,0,21660
F,90000401,1,0,0,0,0,0,21660
F,90000800,0,0,0,0,0,0,21660
F,90001000,0,0,0,0,0,0,21660
F,90001200,0,0,0,0,0,0,21660
F,90001201,1,0,0,0,0,0,21660
F,90001600,0,0,0,0,0,0,21660
F,90000000,0,0,0,0,0,0,21720
F,90000001,1,0,0,0,0,0,21720
F,90000200,0,0,0,0,0,0,21720
F,90000201,1,0,0,0,0,0,21720
F,90000400,0,0,0,0,0,0,21720
F,90000401,1,0,0,0,0,0,21720
F,90000800,0,0,0,0,0,0,21720
F,90001000,0,0,0,0,0,0,21720
F,90001200,0,0,0,0,0,0,21720
F,90001201,1,0,0,0,0,0,21720
F,90001600,0,0,0,0,0,0,21720
F,90000000,0,0,0,0,0,0,21780
F,90000001,1,0,0,0,0,0,21780
F,90000200,0,0,0,0,0,0,21780
F,90000201,1,0,0,0,0,0,21780
F,90000400,0,0,0,0,0,0,21780
F,90000401,1,0,0,0,0,0,21780
F,90000800,0,0,0,0,0,0,21780
F,90001000,0,0,0,0,0,0,21780
F,90001200,0,0,0,0,0,0,21780
F,90001201,1,0,0,0,0,0,21780
F,90001600,0,0,0,0,0,0,21780
F,90000000,0,0,0,0,0,0,21840
F,90000001,1,0,0,0,0,0,21840
F,90000200,0,0,0,0,0,0,21840
F,90000201,1,0,0,0,0,0,21840
F,90000400,0,0,0,0,0,0,21840
F,90000401,1,0,0,0,0,0,21840
F,90000800,0,0,0,0,0,0,21840
F,90001000,0,0,0,0,0,0,21840
F,90001200,0,0,0,0,0,0,21840
F,90001201,1,0,0,0,0,0,21840
F,90001600,0,0,0,0,0,0,21840
F,90000000,0,0,0,0,0,0,21900
F,90000001,1,0,0,0,0,0,21900
F,90000200,0,0,0,0,0,0,21900
F,90000201,1,0,0,0,0,0,21900
F,90000400,0,0,0,0,0,0,21900
F,90000401,1,0,0,0,0,0,21900
F,90000800,0,0,0,0,0,0,21900
F,90001000,0,0,0,0,0,0,21900
F,90001200,0,0,0,0,0,0,21900
F,90001201,1,0,0,0,0,0,21900
F,90001600,0,0,0,0,0,0,21900
F,90000000,0,0,0,0,0,0,21960
F,90000001,1,0,0,0,0,0,21960
F,90000200,0,0,0,0,0,0,21960
F,90000201,1,0,0,0,0,0,21960
F,90000400,0,0,0,0,0,0,21960
F,90000401,1,0,0,0,0,0,21960
F,90000800,0,0,0,0,0,0,21960
F,90001000,0,0,0,0,0,0,21960
F,90001200,0,0,0,0,0,0,21960
F,90001201,1,0,0,0,0,0,21960
F,90001600,0,0,0,0,0,0,21960
F,90000000,0,0,0,0,0,0,22020
F,90000001,1,0,0,0,0,0,22020
F,90000200,0,0,0,0,0,0,22020
F,90000201,1,0,0,0,0,0,22020
F,90000400,0,0,0,0,0,0,22020
F,90000401,1,0,0,0,0,0,22020
F,90000800,0,0,0,0,0,0,22020
F,90001000,0,0,0,0,0,0,22020
F,90001200,0,0,0,0,0,0,22020
F,90001201,1,0,0,0,0,0,22020
F,90001600,0,0,0,0,0,0,22020
F,90000000,0,0,0,0,0,0,22080
F,90000001,1,0,0,0,0,0,22080
F,90000200,0,0,0,0,0,0,22080
F,90000201,1,0,0,0,0,0,22080
F,90000400,0,0,0,0,0,0,22080
F,90000401,1,0,0,0,0,0,22080
F,90000800,0,0,0,0,0,0,22080
F,90001000,0,0,0,0,0,0,22080
F,90001200,0,0,0,0,0,0,22080
F,90001201,1,0,0,0,0,0,22080
F,90001600,0,0,0,0,0,0,22080
F,90000000,0,0,0,0,0,0,22140
F,90000001,1,0,0,0,0,0,22140
F,90000200,0,0,0,0,0,0,22140
F,90000201,1,0,0,0,0,0,22140
F,90000400,0,0,0,0,0,0,22140
F,90000401,1,0,0,0,0,0,22140
F,90000800,0,0,0,0,0,0,22140
F,90001000,0,0,0,0,0,0,22140
F,90001200,0,0,0,0,0,0,22140
F,90001201,1,0,0,0,0,0,22140
F,90001600,0,0,0,0,0,0,22140
F,90000000,0,0,0,0,0,0,22200
F,90000001,1,0,0,0,0,0,22200
F,90000200,0,0,0,0,0,0,22200
F,90000201,1,0,0,0,0,0,22200
F,90000400,0,0,0,0,0,0,22200
F,90000401,1,0,0,0,0,0,22200
F,90000800,0,0,0,0,0,0,22200
F,90001000,0,0,0,0,0,0,22200
F,90001200,0,0,0,0,0,0,22200
F,90001201,1,0,0,0,0,0,22200
F,90001600,0,0,0,0,0,0,22200
F,90000000,0,0,0,0,0,0,22260
F,90000001,1,0,0,0,0,0,22260
F,90000200,0,0,0,0,0,0,22260
F,90000201,1,0,0,0,0,0,22260
F,90000400,0,0,0,0,0,0,22260
F,90000401,1,0,0,0,0,0,22260
F,90000800,0,0,0,0,0,0,22260
F,90001000,0,0,0,0,0,0,22260
F,90001200,0,0,0,0,0,0,22260
F,90001201,1,0,0,0,0,0,22260
F,90001600,0,0,0,0,0,0,22260
F,90000000,0,0,0,0,0,0,22320
F,90000001,1,0,0,0,0,0,22320
F,90000200,0,0,0,0,0,0,22320
F,90000201,1,0,0,0,0,0,22320
F,90000400,0,0,0,0,0,0,22320
F,90000401,1,0,0,0,0,0,22320
F,90000800,0,0,0,0,0,0,22320
F,90001000,0,0,0,0,0,0,22320
F,90001200,0,0,0,0,0,0,22320
F,90001201,1,0,0,0,0,0,22320
F,90001600,0,0,0,0,0,0,22320
F,90000000,0,0,0,0,0,0,22380
F,90000001,1,0,0,0,0,0,22380
F,90000200,0,0,0,0,0,0,22380
F,90000201,1,0,0,0,0,0,22380
F,90000400,0,0,0,0,0,0,22380
F,90000401,1,0,0,0,0,0,22380
F,90000800,0,0,0,0,0,0,22380
F,90001000,0,0,0,0,0,0,22380
F,90001200,0,0,0,0,0,0,22380
F,90001201,1,0,0,0,0,0,22380
F,90001600,0,0,0,0,0,0,22380
F,90000000,0,0,0,0,0,0,22440
F,90000001,1,0,0,0,0,0,22440
F,90000200,0,0,0,0,0,0,22440
F,90000201,1,0,0,0,0,0,22440
F,90000400,0,0,0,0,0,0,22440
F,90000401,1,0,0,0,0,0,22440
F,90000800,0,0,0,0,0,0,22440
F,90001000,0,0,0,0,0,0,22440
F,90001200,0,0,0,0,0,0,22440
F,90001201,1,0,0,0,0,0,22440
F,90001600,0,0,0,0,0,0,22440
F,90000000,0,0,0,0,0,0,22500
F,90000001,1,0,0,0,0,0,22500
F,90000200,0,0,0,0,0,0,22500
F,90000201,1,0,0,0,0,0,22500
F,90000400,0,0,0,0,0,0,22500
F,90000401,1,0,0,0,0,0,22500
F,90000800,0,0,0,0,0,0,22500
F,90001000,0,0,0,0,0,0,22500
F,90001200,0,0,0,0,0,0,22500
F,90001201,1,0,0,0,0,0,22500
F,90001600,0,0,0,0,0,0,22500
F,90000000,0,0,0,0,0,0,22560
F,90000001,1,0,0,0,0,0,22560
F,90000200,0,0,0,0,0,0,22560
F,90000201,1,0,0,0,0,0,22560
F,90000400,0,0,0,0,0,0,22560
F,90000401,1,0,0,0,0,0,22560
F,90000800,0,0,0,0,0,0,22560
F,90001000,0,0,0,0,0,0,22560
F,90001200,0,0,0,0,0,0,22560
F,90001201,1,0,0,0,0,0,22560
F,90001600,0,0,0,0,0,0,22560
F,90000000,0,0,0,0,0,0,22620
F,90000001,1,0,0,0,0,0,22620
F,90000200,0,0,0,0,0,0,22620
F,90000201,1,0,0,0,0,0,22620
F,90000400,0,0,0,0,0,0,22620
F,90000401,1,0,0,0,0,0,22620
F,90000800,0,0,0,0,0,0,22620
F,90001000,0,0,0,0,0,0,22620
F,90001200,0,0,0,0,0,0,22620
F,90001201,1,0,0,0,0,0,22620
F,90001600,0,0,0,0,0,0,22620
F,90000000,0,0,0,0,0,0,22680
F,90000001,1,0,0,0,0,0,22680
F,90000200,0,0,0,0,0,0,22680
F,90000201,1,0,0,0,0,0,22680
F,90000400,0,0,0,0,0,0,22680
F,90000401,1,0,0,0,0,0,22680
F,90000800,0,0,0,0,0,0,22680
F,90001000,0,0,0,0,0,0,22680
F,90001200,0,0,0,0,0,0,22680
F,90001201,1,0,0,0,0,0,22680
F,90001600,0,0,0,0,0,0,22680
F,90000000,0,0,0,0,0,0,22740
F,90000001,1,0,0,0,0,0,22740
F,90000200,0,0,0,0,0,0,22740
F,90000201,1,0,0,0,0,0,22740
F,90000400,0,0,0,0,0,0,22740
F,90000401,1,0,0,0,0,0,22740
F,90000800,0,0,0,0,0,0,22740
F,90001000,0,0,0,0,0,0,22740
F,90001200,0,0,0,0,0,0,22740
F,90001201,1,0,0,0,0,0,22740
F,90001600,0,0,0,0,0,0,22740
F,90000000,0,0,0,0,0,0,22800
F,90000001,1,0,0,0,0,0,22800
F,90000200,0,0,0,0,0,0,22800
F,90000201,1,0,0,0,0,0,22800
F,90000400,0,0,0,0,0,0,22800
F,90000401,1,0,0,0,0,0,22800
F,90000800,0,0,0,0,0,0,22800
F,90001000,0,0,0,0,0,0,22800
F,90001200,0,0,0,0,0,0,22800
F,90001201,1,0,0,0,0,0,22800
F,90001600,0,0,0,0,0,0,22800
F,90000000,0,0,0,0,0,0,22860
F,90000001,1,0,0,0,0,0,22860
F,90000200,0,0,0,0,0,0,22860
F,90000201,1,0,0,0,0,0,22860
F,90000400,0,0,0,0,0,0,22860
F,90000401,1,0,0,0,0,0,22860
F,90000800,0,0,0,0,0,0,22860
F,90001000,0,0,0,0,0,0,22860
F,90001200,0,0,0,0,0,0,22860
F,90001201,1,0,0,0,0,0,22860
F,90001600,0,0,0,0,0,0,22860
F,90000000,0,90,1,1,0,0,22920
F,90000001,1,0,1,0,0,0,22920
F,90000200,0,0,0,0,0,0,22920
F,90000201,1,0,0,0,0,0,22920
F,90000400,0,0,0,0,0,0,22920
F,90000401,1,0,0,0,0,0,22920
F,90000800,0,0,0,0,0,0,22920
F,90001000,0,0,0,0,0,0,22920
F,90001200,0,0,0,0,0,0,22920
F,90001201,1,0,0,0,0,0,22920
F,90001600,0,0,0,0,0,0,22920
F,90000000,0,90,1,1,0,0,22980
F,90000001,1,0,1,0,0,0,22980
F,90000200,0,0,0,0,0,0,22980
F,90000201,1,0,0,0,0,0,22980
F,90000400,0,0,0,0,0,0,22980
F,90000401,1,0,0,0,0,0,22980
F,90000800,0,0,0,0,0,0,22980
F,90001000,0,0,0,0,0,0,22980
F,90001200,0,0,0,0,0,0,22980
F,90001201,1,0,0,0,0,0,22980
F,90001600,0,0,0,0,0,0,22980
F,90000000,0,90,1,1,0,0,23040
F,90000001,1,0,1,0,0,0,23040
F,90000200,0,0,0,0,0,0,23040
F,90000201,1,0,0,0,0,0,23040
F,90000400,0,0,0,0,0,0,23040
F,90000401,1,0,0,0,0,0,23040
F,90000800,0,0,0,0,0,0,23040
F,90001000,0,0,0,0,0,0,23040
F,90001200,0,0,0,0,0,0,23040
F,90001201,1,0,0,0,0,0,23040
F,90001600,0,0,0,0,0,0,23040
F,90000000,0,90,1,1,0,0,23100
F,90000001,1,0,1,0,0,0,23100
F,90000200,0,0,0,0,0,0,23100
F,90000201,1,0,0,0,0,0,23100
F,90000400,0,0,0,0,0,0,23100
F,90000401,1,0,0,0,0,0,23100
F,90000800,0,0,0,0,0,0,23100
F,90001000,0,0,0,0,0,0,23100
F,90001200,0,0,0,0,0,0,23100
F,90001201,1,0,0,0,0,0,23100
F,90001600,0,0,0,0,0,0,23100
F,90000000,0,90,1,1,0,0,23160
F,90000001,1,0,1,0,0,0,23160
F,90000200,0,0,0,0,0,0,23160
F,90000201,1,0,0,0,0,0,23160
F,90000400,0,0,0,0,0,0,23160
F,90000401,1,0,0,0,0,0,23160
F,90000800,0,0,0,0,0,0,23160
F,90001000,0,0,0,0,0,0,23160
F,90001200,0,0,0,0,0,0,23160
F,90001201,1,0,0,0,0,0,23160
F,90001600,0,0,0,0,0,0,23160
F,90000000,0,90,1,1,0,0,23220
F,90000001,1,0,1,0,0,0,23220
F,90000200,0,0,0,0,0,0,23220
F,90000201,1,0,0,0,0,0,23220
F,90000400,0,0,0,0,0,0,23220
F,90000401,1,0,0,0,0,0,23220
F,90000800,0,0,0,0,0,0,23220
F,90001000,0,0,0,0,0,0,23220
F,90001200,0,0,0,0,0,0,23220
F,90001201,1,0,0,0,0,0,23220
F,90001600,0,0,0,0,0,0,23220
F,90000000,0,90,1,1,0,0,23280
F,90000001,1,0,1,0,0,0,23280
F,90000200,0,0,0,0,0,0,23280
F,90000201,1,0,0,0,0,0,23280
F,90000400,0,0,0,0,0,0,23280
F,90000401,1,0,0,0,0,0,23280
F,90000800,0,0,0,0,0,0,23280
F,90001000,0,0,0,0,0,0,23280
F,90001200,0,0,0,0,0,0,23280
F,90001201,1,0,0,0,0,0,23280
F,90001600,0,0,0,0,0,0,23280
F,90000000,0,90,1,1,0,0,23340
F,90000001,1,0,1,0,0,0,23340
F,90000200,0,0,0,0,0,0,23340
F,90000201,1,0,0,0,0,0,23340
F,90000400,0,0,0,0,0,0,23340
F,90000401,1,0,0,0,0,0,23340
F,90000800,0,0,0,0,0,0,23340
F,90001000,0,0,0,0,0,0,23340
F,90001200,0,0,0,0,0,0,23340
F,90001201,1,0,0,0,0,0,23340
F,90001600,0,0,0,0,0,0,23340
F,90000000,0,90,1,1,0,0,23400
F,90000001,1,0,1,0,0,0,23400
F,90000200,0,0,0,0,0,0,23400
F,90000201,1,0,0,0,0,0,23400
F,90000400,0,0,0,0,0,0,23400
F,90000401,1,0,0,0,0,0,23400
F,90000800,0,0,0,0,0,0,23400
F,90001000,0,0,0,0,0,0,23400
F,90001200,0,0,0,0,0,0,23400
F,90001201,1,0,0,0,0,0,23400
F,90001600,0,0,0,0,0,0,23400
F,90000000,0,90,1,1,0,0,23460
F,90000001,1,0,1,0,0,0,23460
F,90000200,0,0,0,0,0,0,23460
F,90000201,1,0,0,0,0,0,23460
F,90000400,0,0,0,0,0,0,23460
F,90000401,1,0,0,0,0,0,23460
F,90000800,0,0,0,0,0,0,23460
F,90001000,0,0,0,0,0,0,23460
F,90001200,0,0,0,0,0,0,23460
F,90001201,1,0,0,0,0,0,23460
F,90001600,0,0,0,0,0,0,23460
F,90000000,0,90,1,1,0,0,23520
F,90000001,1,0,1,0,0,0,23520
F,90000200,0,0,0,0,0,0,23520
F,90000201,1,0,0,0,0,0,23520
F,90000400,0,0,0,0,0,0,23520
F,90000401,1,0,0,0,0,0,23520
F,90000800,0,0,0,0,0,0,23520
F,90001000,0,0,0,0,0,0,23520
F,90001200,0,0,0,0,0,0,23520
F,90001201,1,0,0,0,0,0,23520
F,90001600,0,0,0,0,0,0,23520
F,90000000,0,90,1,1,0,0,23580
F,90000001,1,0,1,0,0,0,23580
F,90000200,0,0,0,0,0,0,23580
F,90000201,1,0,0,0,0,0,23580
F,90000400,0,0,0,0,0,0,23580
F,90000401,1,0,0,0,0,0,23580
F,90000800,0,0,0,0,0,0,23580
F,90001000,0,0,0,0,0,0,23580
F,90001200,0,0,0,0,0,0,23580
F,90001201,1,0,0,0,0,0,23580
F,90001600,0,0,0,0,0,0,23580
F,90000000,0,90,1,1,0,0,23640
F,90000001,1,0,1,0,0,0,23640
F,90000200,0,0,0,0,0,0,23640
F,90000201,1,0,0,0,0,0,23640
F,90000400,0,0,0,0,0,0,23640
F,90000401,1,0,0,0,0,0,23640
F,90000800,0,0,0,0,0,0,23640
F,90001000,0,0,0,0,0,0,23640
F,90001200,0,0,0,0,0,0,23640
F,90001201,1,0,0,0,0,0,23640
F,90001600,0,0,0,0,0,0,23640
F,90000000,0,90,1,1,0,0,23700
F,90000001,1,0,1,0,0,0,23700
F,90000200,0,0,0,0,0,0,23700
F,90000201,1,0,0,0,0,0,23700
F,90000400,0,0,0,0,0,0,23700
F,90000401,1,0,0,0,0,0,23700
F,90000800,0,0,0,0,0,0,23700
F,90001000,0,0,0,0,0,0,23700
F,90001200,0,0,0,0,0,0,23700
F,90001201,1,0,0,0,0,0,23700
F,90001600,0,0,0,0,0,0,23700
F,90000000,0,90,1,1,0,0,23760
F,90000001,1,0,1,0,0,0,23760
F,90000200,0,0,0,0,0,0,23760
F,90000201,1,0,0,0,0,0,23760
F,90000400,0,0,0,0,0,0,23760
F,90000401,1,0,0,0,0,0,23760
F,90000800,0,0,0,0,0,0,23760
F,90001000,0,0,0,0,0,0,23760
F,90001200,0,0,0,0,0,0,23760
F,90001201,1,0,0,0,0,0,23760
F,90001600,0,0,0,0,0,0,23760
F,90000000,0,90,1,1,0,0,23820
F,90000001,1,0,1,0,0,0,23820
F,90000200,0,0,0,0,0,0,23820
F,90000201,1,0,0,0,0,0,23820
F,90000400,0,0,0,0,0,0,23820
F,90000401,1,0,0,0,0,0,23820
F,90000800,0,0,0,0,0,0,23820
F,90001000,0,0,0,0,0,0,23820
F,90001200,0,0,0,0,0,0,23820
F,90001201,1,0,0,0,0,0,23820
F,90001600,0,0,0,0,0,0,23820
F,90000000,0,90,1,1,0,0,23880
F,90000001,1,0,1,0,0,0,23880
F,90000200,0,0,0,0,0,0,23880
F,90000201,1,0,0,0,0,0,23880
F,90000400,0,0,0,0,0,0,23880
F,90000401,1,0,0,0,0,0,23880
F,90000800,0,0,0,0,0,0,23880
F,90001000,0,0,0,0,0,0,23880
F,90001200,0,0,0,0,0,0,23880
F,90001201,1,0,0,0,0,0,23880
F,90001600,0,0,0,0,0,0,23880
F,90000000,0,90,1,1,0,0,23940
F,90000001,1,0,1,0,0,0,23940
F,90000200,0,0,0,0,0,0,23940
F,90000201,1,0,0,0,0,0,23940
F,90000400,0,0,0,0,0,0,23940
F,90000401,1,0,0,0,0,0,23940
F,90000800,0,0,0,0,0,0,23940
F,90001000,0,0,0,0,0,0,23940
F,90001200,0,0,0,0,0,0,23940
F,90001201,1,0,0,0,0,0,23940
F,90001600,0,0,0,0,0,0,23940
F,90000000,0,90,1,1,0,0,24000
F,90000001,1,0,1,0,0,0,24000
F,90000200,0,0,0,0,0,0,24000
F,90000201,1,0,0,0,0,0,24000
F,90000400,0,0,0,0,0,0,24000
F,90000401,1,0,0,0,0,0,24000
F,90000800,0,0,0,0,0,0,24000
F,90001000,0,0,0,0,0,0,24000
F,90001200,0,0,0,0,0,0,24000
F,90001201,1,0,0,0,0,0,24000
F,90001600,0,0,0,0,0,0,24000
F,90000000,0,90,1,1,0,0,24060
F,90000001,1,0,1,0,0,0,24060
F,90000200,0,0,0,0,0,0,24060
F,90000201,1,0,0,0,0,0,24060
F,90000400,0,0,0,0,0,0,24060
F,90000401,1,0,0,0,0,0,24060
F,90000800,0,0,0,0,0,0,24060
F,90001000,0,0,0,0,0,0,24060
F,90001200,0,0,0,0,0,0,24060
F,90001201,1,0,0,0,0,0,24060
F,90001600,0,0,0,0,0,0,24060
F,90000000,0,90,1,1,0,0,24120
F,90000001,1,0,1,0,0,0,24120
F,90000200,0,0,0,0,0,0,24120
F,90000201,1,0,0,0,0,0,24120
F,90000400,0,0,0,0,0,0,24120
F,90000401,1,0,0,0,0,0,24120
F,90000800,0,0,0,0,0,0,24120
F,90001000,0,0,0,0,0,0,24120
F,90001200,0,0,0,0,0,0,24120
F,90001201,1,0,0,0,0,0,24120
F,90001600,0,0,0,0,0,0,24120
F,90000000,0,90,1,1,0,0,24180
F,90000001,1,0,1,0,0,0,24180
F,90000200,0,0,0,0,0,0,24180
F,90000201,1,0,0,0,0,0,24180
F,90000400,0,0,0,0,0,0,24180
F,90000401,1,0,0,0,0,0,24180
F,90000800,0,0,0,0,0,0,24180
F,90001000,0,0,0,0,0,0,24180
F,90001200,0,0,0,0,0,0,24180
F,90001201,1,0,0,0,0,0,24180
F,90001600,0,0,0,0,0,0,24180
F,90000000,0,90,1,1,0,0,24240
F,90000001,1,0,1,0,0,0,24240
F,90000200,0,0,0,0,0,0,24240
F,90000201,1,0,0,0,0,0,24240
F,90000400,0,0,0,0,0,0,24240
F,90000401,1,0,0,0,0,0,24240
F,90000800,0,0,0,0,0,0,24240
F,90001000,0,0,0,0,0,0,24240
F,90001200,0,0,0,0,0,0,24240
F,90001201,1,0,0,0,0,0,24240
F,90001600,0,0,0,0,0,0,24240
F,90000000,0,90,1,1,0,0,24300
F,90000001,1,0,1,0,0,0,24300
F,90000200,0,0,0,0,0,0,24300
F,90000201,1,0,0,0,0,0,24300
F,90000400,0,0,0,0,0,0,24300
F,90000401,1,0,0,0,0,0,24300
F,90000800,0,0,0,0,0,0,24300
F,90001000,0,0,0,0,0,0,24300
F,90001200,0,0,0,0,0,0,24300
F,90001201,1,0,0,0,0,0,24300
F,90001600,0,0,0,0,0,0,24300
F,90000000,0,0,0,0,0,0,24360
F,90000001,1,0,0,0,0,0,24360
F,90000200,0,0,0,0,0,0,24360
F,90000201,1,0,0,0,0,0,24360
F,90000400,0,0,0,0,0,0,24360
F,90000401,1,0,0,0,0,0,24360
F,90000800,0,0,0,0,0,0,24360
F,90001000,0,0,0,0,0,0,24360
F,90001200,0,0,0,0,0,0,24360
F,90001201,1,0,0,0,0,0,24360
F,90001600,0,0,0,0,0,0,24360
F,90000000,0,0,0,0,0,0,24420
F,90000001,1,0,0,0,0,0,24420
F,90000200,0,0,0,0,0,0,24420
F,90000201,1,0,0,0,0,0,24420
F,90000400,0,0,0,0,0,0,24420
F,90000401,1,0,0,0,0,0,24420
F,90000800,0,0,0,0,0,0,24420
F,90001000,0,0,0,0,0,0,24420
F,90001200,0,0,0,0,0,0,24420
F,90001201,1,0,0,0,0,0,24420
F,90001600,0,0,0,0,0,0,24420
F,90000000,0,0,0,0,0,0,24480
F,90000001,1,0,0,0,0,0,24480
F,90000200,0,0,0,0,0,0,24480
F,90000201,1,0,0,0,0,0,24480
F,90000400,0,0,0,0,0,0,24480
F,90000401,1,0,0,0,0,0,24480
F,90000800,0,0,0,0,0,0,24480
F,90001000,0,0,0,0,0,0,24480
F,90001200,0,0,0,0,0,0,24480
F,90001201,1,0,0,0,0,0,24480
F,90001600,0,0,0,0,0,0,24480
F,90000000,0,0,0,0,0,0,24540
F,90000001,1,0,0,0,0,0,24540
F,90000200,0,0,0,0,0,0,24540
F,90000201,1,0,0,0,0,0,24540
F,90000400,0,0,0,0,0,0,24540
F,90000401,1,0,0,0,0,0,24540
F,90000800,0,0,0,0,0,0,24540
F,90001000,0,0,0,0,0,0,24540
F,90001200,0,0,0,0,0,0,24540
F,90001201,1,0,0,0,0,0,24540
F,90001600,0,0,0,0,0,0,24540
F,90000000,0,0,0,0,0,0,24600
F,90000001,1,0,0,0,0,0,24600
F,90000200,0,0,0,0,0,0,24600
F,90000201,1,0,0,0,0,0,24600
F,90000400,0,0,0,0,0,0,24600
F,90000401,1,0,0,0,0,0,24600
F,90000800,0,0,0,0,0,0,24600
F,90001000,0,0,0,0,0,0,24600
F,90001200,0,0,0,0,0,0,24600
F,90001201,1,0,0,0,0,0,24600
F,90001600,0,0,0,0,0,0,24600
F,90000000,0,0,0,0,0,0,24660
F,90000001,1,0,0,0,0,0,24660
F,90000200,0,0,0,0,0,0,24660
F,90000201,1,0,0,0,0,0,24660
F,90000400,0,0,0,0,0,0,24660
F,90000401,1,0,0,0,0,0,24660
F,90000800,0,0,0,0,0,0,24660
F,90001000,0,0,0,0,0,0,24660
F,90001200,0,0,0,0,0,0,24660
F,90001201,1,0,0,0,0,0,24660
F,90001600,0,0,0,0,0,0,24660
F,90000000,0,0,0,0,0,0,24720
F,90000001,1,0,0,0,0,0,24720
F,90000200,0,0,0,0,0,0,24720
F,90000201,1,0,0,0,0,0,24720
F,90000400,0,0,0,0,0,0,24720
F,90000401,1,0,0,0,0,0,24720
F,90000800,0,0,0,0,0,0,24720
F,90001000,0,0,0,0,0,0,24720
F,90001200,0,0,0,0,0,0,24720
F,90001201,1,0,0,0,0,0,24720
F,90001600,0,0,0,0,0,0,24720
F,90000000,0,0,0,0,0,0,24780
F,90000001,1,0,0,0,0,0,24780
F,90000200,0,0,0,0,0,0,24780
F,90000201,1,0,0,0,0,0,24780
F,90000400,0,0,0,0,0,0,24780
F,90000401,1,0,0,0,0,0,24780
F,90000800,0,0,0,0,0,0,24780
F,90001000,0,0,0,0,0,0,24780
F,90001200,0,0,0,0,0,0,24780
F,90001201,1,0,0,0,0,0,24780
F,90001600,0,0,0,0,0,0,24780
F,90000000,0,0,0,0,0,0,24840
F,90000001,1,0,0,0,0,0,24840
F,90000200,0,0,0,0,0,0,24840
F,90000201,1,0,0,0,0,0,24840
F,90000400,0,0,0,0,0,0,24840
F,90000401,1,0,0,0,0,0,24840
F,90000800,0,0,0,0,0,0,24840
F,90001000,0,0,0,0,0,0,24840
F,90001200,0,0,0,0,0,0,24840
F,90001201,1,0,0,0,0,0,24840
F,90001600,0,0,0,0,0,0,24840
F,90000000,0,0,0,0,0,0,24900
F,90000001,1,0,0,0,0,0,24900
F,90000200,0,0,0,0,0,0,24900
F,90000201,1,0,0,0,0,0,24900
F,90000400,0,0,0,0,0,0,24900
F,90000401,1,0,0,0,0,0,24900
F,90000800,0,0,0,0,0,0,24900
F,90001000,0,0,0,0,0,0,24900
F,90001200,0,0,0,0,0,0,24900
F,90001201,1,0,0,0,0,0,24900
F,90001600,0,0,0,0,0,0,24900
F,90000000,0,0,0,0,0,0,24960
F,90000001,1,0,0,0,0,0,24960
F,90000200,0,0,0,0,0,0,24960
F,90000201,1,0,0,0,0,0,24960
F,90000400,0,0,0,0,0,0,24960
F,90000401,1,0,0,0,0,0,24960
F,90000800,0,0,0,0,0,0,24960
F,90001000,0,0,0,0,0,0,24960
F,90001200,0,0,0,0,0,0,24960
F,90001201,1,0,0,0,0,0,24960
F,90001600,0,0,0,0,0,0,24960
F,90000000,0,0,0,0,0,0,25020
F,90000001,1,0,0,0,0,0,25020
F,90000200,0,0,0,0,0,0,25020
F,90000201,1,0,0,0,0,0,25020
F,90000400,0,0,0,0,0,0,25020
F,90000401,1,0,0,0,0,0,25020
F,90000800,0,0,0,0,0,0,25020
F,90001000,0,0,0,0,0,0,25020
F,90001200,0,0,0,0,0,0,25020
F,90001201,1,0,0,0,0,0,25020
F,90001600,0,0,0,0,0,0,25020
F,90000000,0,0,0,0,0,0,25080
F,90000001,1,0,0,0,0,0,25080
F,90000200,0,0,0,0,0,0,25080
F,90000201,1,0,0,0,0,0,25080
F,90000400,0,0,0,0,0,0,25080
F,90000401,1,0,0,0,0,0,25080
F,90000800,0,0,0,0,0,0,25080
F,90001000,0,0,0,0,0,0,25080
F,90001200,0,0,0,0,0,0,25080
F,90001201,1,0,0,0,0,0,25080
F,90001600,0,0,0,0,0,0,25080
F,90000000,0,0,0,0,0,0,25140
F,90000001,1,0,0,0,0,0,25140
F,90000200,0,0,0,0,0,0,25140
F,90000201,1,0,0,0,0,0,25140
F,90000400,0,0,0,0,0,0,25140
F,90000401,1,0,0,0,0,0,25140
F,90000800,0,0,0,0,0,0,25140
F,90001000,0,0,0,0,0,0,25140
F,90001200,0,0,0,0,0,0,25140
F,90001201,1,0,0,0,0,0,25140
F,90001600,0,0,0,0,0,0,25140
F,90000000,0,0,0,0,0,0,25200
F,90000001,1,0,0,0,0,0,25200
F,90000200,0,0,0,0,0,0,25200
F,90000201,1,0,0,0,0,0,25200
F,90000400,0,0,0,0,0,0,25200
F,90000401,1,0,0,0,0,0,25200
F,90000800,0,0,0,0,0,0,25200
F,90001000,0,0,0,0,0,0,25200
F,90001200,0,0,0,0,0,0,25200
F,90001201,1,0,0,0,0,0,25200
F,90001600,0,0,0,0,0,0,25200
F,90000000,0,0,0,0,0,0,25260
F,90000001,1,0,0,0,0,0,25260
F,90000200,0,0,0,0,0,0,25260
F,90000201,1,0,0,0,0,0,25260
F,90000400,0,0,0,0,0,0,25260
F,90000401,1,0,0,0,0,0,25260
F,90000800,0,0,0,0,0,0,25260
F,90001000,0,0,0,0,0,0,25260
F,90001200,0,0,0,0,0,0,25260
F,90001201,1,0,0,0,0,0,25260
F,90001600,0,0,0,0,0,0,25260
F,90000000,0,0,0,0,0,0,25320
F,90000001,1,0,0,0,0,0,25320
F,90000200,0,0,0,0,0,0,25320
F,90000201,1,0,0,0,0,0,25320
F,90000400,0,0,0,0,0,0,25320
F,90000401,1,0,0,0,0,0,25320
F,90000800,0,0,0,0,0,0,25320
F,90001000,0,0,0,0,0,0,25320
F,90001200,0,0,0,0,0,0,25320
F,90001201,1,0,0,0,0,0,25320
F,90001600,0,0,0,0,0,0,25320
F,90000000,0,0,0,0,0,0,25380
F,90000001,1,0,0,0,0,0,25380
F,90000200,0,0,0,0,0,0,25380
F,90000201,1,0,0,0,0,0,25380
F,90000400,0,0,0,0,0,0,25380
F,90000401,1,0,0,0,0,0,25380
F,90000800,0,0,0,0,0,0,25380
F,90001000,0,0,0,0,0,0,25380
F,90001200,0,0,0,0,0,0,25380
F,90001201,1,0,0,0,0,0,25380
F,90001600,0,0,0,0,0,0,25380
F,90000000,0,0,0,0,0,0,25440
F,90000001,1,0,0,0,0,0,25440
F,90000200,0,0,0,0,0,0,25440
F,90000201,1,0,0,0,0,0,25440
F,90000400,0,0,0,0,0,0,25440
F,90000401,1,0,0,0,0,0,25440
F,90000800,0,0,0,0,0,0,25440
F,90001000,0,0,0,0,0,0,25440
F,90001200,0,0,0,0,0,0,25440
F,90001201,1,0,0,0,0,0,25440
F,90001600,0,0,0,0,0,0,25440
F,90000000,0,0,0,0,0,0,25500
F,90000001,1,0,0,0,0,0,25500
F,90000200,0,0,0,0,0,0,25500
F,90000201,1,0,0,0,0,0,25500
F,90000400,0,0,0,0,0,0,25500
F,90000401,1,0,0,0,0,0,25500
F,90000800,0,0,0,0,0,0,25500
F,90001000,0,0,0,0,0,0,25500
F,90001200,0,0,0,0,0,0,25500
F,90001201,1,0,0,0,0,0,25500
F,90001600,0,0,0,0,0,0,25500
F,90000000,0,0,0,0,0,0,25560
F,90000001,1,0,0,0,0,0,25560
F,90000200,0,0,0,0,0,0,25560
F,90000201,1,0,0,0,0,0,25560
F,90000400,0,0,0,0,0,0,25560
F,90000401,1,0,0,0,0,0,25560
F,90000800,0,0,0,0,0,0,25560
F,90001000,0,0,0,0,0,0,25560
F,90001200,0,0,0,0,0,0,25560
F,90001201,1,0,0,0,0,0,25560
F,90001600,0,0,0,0,0,0,25560
F,90000000,0,0,0,0,0,0,25620
F,90000001,1,0,0,0,0,0,25620
F,90000200,0,0,0,0,0,0,25620
F,90000201,1,0,0,0,0,0,25620
F,90000400,0,0,0,0,0,0,25620
F,90000401,1,0,0,0,0,0,25620
F,90000800,0,0,0,0,0,0,25620
F,90001000,0,0,0,0,0,0,25620
F,90001200,0,0,0,0,0,0,25620
F,90001201,1,0,0,0,0,0,25620
F,90001600,0,0,0,0,0,0,25620
F,90000000,0,0,0,0,0,0,25680
F,90000001,1,0,0,0,0,0,25680
F,90000200,0,0,0,0,0,0,25680
F,90000201,1,0,0,0,0,0,25680
F,90000400,0,0,0,0,0,0,25680
F,90000401,1,0,0,0,0,0,25680
F,90000800,0,0,0,0,0,0,25680
F,90001000,0,0,0,0,0,0,25680
F,90001200,0,0,0,0,0,0,25680
F,90001201,1,0,0,0,0,0,25680
F,90001600,0,0,0,0,0,0,25680
F,90000000,0,0,0,0,0,0,25740
F,90000001,1,0,0,0,0,0,25740
F,90000200,0,0,0,0,0,0,25740
F,90000201,1,0,0,0,0,0,25740
F,90000400,0,0,0,0,0,0,25740
F,90000401,1,0,0,0,0,0,25740
F,90000800,0,0,0,0,0,0,25740
F,90001000,0,0,0,0,0,0,25740
F,90001200,0,0,0,0,0,0,25740
F,90001201,1,0,0,0,0,0,25740
F,90001600,0,0,0,0,0,0,25740
F,90000000,0,0,0,0,0,0,25800
F,90000001,1,0,0,0,0,0,25800
F,90000200,0,0,0,0,0,0,25800
F,90000201,1,0,0,0,0,0,25800
F,90000400,0,0,0,0,0,0,25800
F,90000401,1,0,0,0,0,0,25800
F,90000800,0,0,0,0,0,0,25800
F,90001000,0,0,0,0,0,0,25800
F,90001200,0,0,0,0,0,0,25800
F,90001201,1,0,0,0,0,0,25800
F,90001600,0,0,0,0,0,0,25800
F,90000000,0,0,0,0,0,0,25860
F,90000001,1,0,0,0,0,0,25860
F,90000200,0,0,0,0,0,0,25860
F,90000201,1,0,0,0,0,0,25860
F,90000400,0,0,0,0,0,0,25860
F,90000401,1,0,0,0,0,0,25860
F,90000800,0,0,0,0,0,0,25860
F,90001000,0,0,0,0,0,0,25860
F,90001200,0,0,0,0,0,0,25860
F,90001201,1,0,0,0,0,0,25860
F,90001600,0,0,0,0,0,0,25860
F,90000000,0,0,0,0,0,0,25920
F,90000001,1,0,0,0,0,0,25920
F,90000200,0,0,0,0,0,0,25920
F,90000201,1,0,0,0,0,0,25920
F,90000400,0,0,0,0,0,0,25920
F,90000401,1,0,0,0,0,0,25920
F,90000800,0,0,0,0,0,0,25920
F,90001000,0,0,0,0,0,0,25920
F,90001200,0,0,0,0,0,0,25920
F,90001201,1,0,0,0,0,0,25920
F,90001600,0,0,0,0,0,0,25920
F,90000000,0,0,0,0,0,0,25980
F,90000001,1,0,0,0,0,0,25980
F,90000200,0,0,0,0,0,0,25980
F,90000201,1,0,0,0,0,0,25980
F,90000400,0,0,0,0,0,0,25980
F,90000401,1,0,0,0,0,0,25980
F,90000800,0,0,0,0,0,0,25980
F,90001000,0,0,0,0,0,0,25980
F,90001200,0,0,0,0,0,0,25980
F,90001201,1,0,0,0,0,0,25980
F,90001600,0,0,0,0,0,0,25980
F,90000000,0,0,0,0,0,0,26040
F,90000001,1,0,0,0,0,0,26040
F,90000200,0,0,0,0,0,0,26040
F,90000201,1,0,0,0,0,0,26040
F,90000400,0,0,0,0,0,0,26040
F,90000401,1,0,0,0,0,0,26040
F,90000800,0,0,0,0,0,0,26040
F,90001000,0,0,0,0,0,0,26040
F,90001200,0,0,0,0,0,0,26040
F,90001201,1,0,0,0,0,0,26040
F,90001600,0,0,0,0,0,0,26040
F,90000000,0,0,0,0,0,0,26100
F,90000001,1,0,0,0,0,0,26100
F,90000200,0,0,0,0,0,0,26100
F,90000201,1,0,0,0,0,0,26100
F,90000400,0,0,0,0,0,0,26100
F,90000401,1,0,0,0,0,0,26100
F,90000800,0,0,0,0,0,0,26100
F,90001000,0,0,0,0,0,0,26100
F,90001200,0,0,0,0,0,0,26100
F,90001201,1,0,0,0,0,0,26100
F,90001600,0,0,0,0,0,0,26100
F,90000000,0,0,0,0,0,0,26160
F,90000001,1,0,0,0,0,0,26160
F,90000200,0,0,0,0,0,0,26160
F,90000201,1,0,0,0,0,0,26160
F,90000400,0,0,0,0,0,0,26160
F,90000401,1,0,0,0,0,0,26160
F,90000800,0,0,0,0,0,0,26160
F,90001000,0,0,0,0,0,0,26160
F,90001200,0,0,0,0,0,0,26160
F,90001201,1,0,0,0,0,0,26160
F,90001600,0,0,0,0,0,0,26160
F,90000000,0,0,0,0,0,0,26220
F,90000001,1,0,0,0,0,0,26220
F,90000200,0,0,0,0,0,0,26220
F,90000201,1,0,0,0,0,0,26220
F,90000400,0,0,0,0,0,0,26220
F,90000401,1,0,0,0,0,0,26220
F,90000800,0,0,0,0,0,0,26220
F,90001000,0,0,0,0,0,0,26220
F,90001200,0,0,0,0,0,0,26220
F,90001201,1,0,0,0,0,0,26220
F,90001600,0,0,0,0,0,0,26220
F,90000000,0,0,0,0,0,0,26280
F,90000001,1,0,0,0,0,0,26280
F,90000200,0,0,0,0,0,0,26280
F,90000201,1,0,0,0,0,0,26280
F,90000400,0,0,0,0,0,0,26280
F,90000401,1,0,0,0,0,0,26280
F,90000800,0,0,0,0,0,0,26280
F,90001000,0,0,0,0,0,0,26280
F,90001200,0,0,0,0,0,0,26280
F,90001201,1,0,0,0,0,0,26280
F,90001600,0,0,0,0,0,0,26280
F,90000000,0,0,0,0,0,0,26340
F,90000001,1,0,0,0,0,0,26340
F,90000200,0,0,0,0,0,0,26340
F,90000201,1,0,0,0,0,0,26340
F,90000400,0,0,0,0,0,0,26340
F,90000401,1,0,0,0,0,0,26340
F,90000800,0,0,0,0,0,0,26340
F,90001000,0,0,0,0,0,0,26340
F,90001200,0,0,0,0,0,0,26340
F,90001201,1,0,0,0,0,0,26340
F,90001600,0,0,0,0,0,0,26340
F,90000000,0,0,0,0,0,0,26400
F,90000001,1,0,0,0,0,0,26400
F,90000200,0,0,0,0,0,0,26400
F,90000201,1,0,0,0,0,0,26400
F,90000400,0,0,0,0,0,0,26400
F,90000401,1,0,0,0,0,0,26400
F,90000800,0,0,0,0,0,0,26400
F,90001000,0,0,0,0,0,0,26400
F,90001200,0,0,0,0,0,0,26400
F,90001201,1,0,0,0,0,0,26400
F,90001600,0,0,0,0,0,0,26400
F,90000000,0,0,0,0,0,0,26460
F,90000001,1,0,0,0,0,0,26460
F,90000200,0,0,0,0,0,0,26460
F,90000201,1,0,0,0,0,0,26460
F,90000400,0,0,0,0,0,0,26460
F,90000401,1,0,0,0,0,0,26460
F,90000800,0,0,0,0,0,0,26460
F,90001000,0,0,0,0,0,0,26460
F,90001200,0,0,0,0,0,0,26460
F,90001201,1,0,0,0,0,0,26460
F,90001600,0,0,0,0,0,0,26460
F,90000000,0,0,0,0,0,0,26520
F,90000001,1,0,0,0,0,0,26520
F,90000200,0,0,0,0,0,0,26520
F,90000201,1,0,0,0,0,0,26520
F,90000400,0,0,0,0,0,0,26520
F,90000401,1,0,0,0,0,0,26520
F,90000800,0,0,0,0,0,0,26520
F,90001000,0,0,0,0,0,0,26520
F,90001200,0,0,0,0,0,0,26520
F,90001201,1,0,0,0,0,0,26520
F,90001600,0,0,0,0,0,0,26520
F,90000000,0,0,0,0,0,0,26580
F,90000001,1,0,0,0,0,0,26580
F,90000200,0,0,0,0,0,0,26580
F,90000201,1,0,0,0,0,0,26580
F,90000400,0,0,0,0,0,0,26580
F,90000401,1,0,0,0,0,0,26580
F,90000800,0,0,0,0,0,0,26580
F,90001000,0,0,0,0,0,0,26580
F,90001200,0,0,0,0,0,0,26580
F,90001201,1,0,0,0,0,0,26580
F,90001600,0,0,0,0,0,0,26580
F,90000000,0,0,0,0,0,0,26640
F,90000001,1,0,0,0,0,0,26640
F,90000200,0,0,0,0,0,0,26640
F,90000201,1,0,0,0,0,0,26640
F,90000400,0,0,0,0,0,0,26640
F,90000401,1,0,0,0,0,0,26640
F,90000800,0,0,0,0,0,0,26640
F,90001000,0,0,0,0,0,0,26640
F,90001200,0,0,0,0,0,0,26640
F,90001201,1,0,0,0,0,0,26640
F,90001600,0,0,0,0,0,0,26640
F,90000000,0,0,0,0,0,0,26700
F,90000001,1,0,0,0,0,0,26700
F,90000200,0,0,0,0,0,0,26700
F,90000201,1,0,0,0,0,0,26700
F,90000400,0,0,0,0,0,0,26700
F,90000401,1,0,0,0,0,0,26700
F,90000800,0,0,0,0,0,0,26700
F,90001000,0,0,0,0,0,0,26700
F,90001200,0,0,0,0,0,0,26700
F,90001201,1,0,0,0,0,0,26700
F,90001600,0,0,0,0,0,0,26700
F,90000000,0,0,0,0,0,0,26760
F,90000001,1,0,0,0,0,0,26760
F,90000200,0,0,0,0,0,0,26760
F,90000201,1,0,0,0,0,0,26760
F,90000400,0,0,0,0,0,0,26760
F,90000401,1,0,0,0,0,0,26760
F,90000800,0,0,0,0,0,0,26760
F,90001000,0,0,0,0,0,0,26760
F,90001200,0,0,0,0,0,0,26760
F,90001201,1,0,0,0,0,0,26760
F,90001600,0,0,0,0,0,0,26760
F,90000000,0,0,0,0,0,0,26820
F,90000001,1,0,0,0,0,0,26820
F,90000200,0,90,1,1,0,0,26820
F,90000201,1,0,1,0,0,0,26820
F,90000400,0,0,0,0,0,0,26820
F,90000401,1,0,0,0,0,0,26820
F,90000800,0,0,0,0,0,0,26820
F,90001000,0,0,0,0,0,0,26820
F,90001200,0,0,0,0,0,0,26820
F,90001201,1,0,0,0,0,0,26820
F,90001600,0,0,0,0,0,0,26820
F,90000000,0,0,0,0,0,0,26880
F,90000001,1,0,0,0,0,0,26880
F,90000200,0,90,1,1,0,0,26880
F,90000201,1,0,1,0,0,0,26880
F,90000400,0,0,0,0,0,0,26880
F,90000401,1,0,0,0,0,0,26880
F,90000800,0,0,0,0,0,0,26880
F,90001000,0,0,0,0,0,0,26880
F,90001200,0,0,0,0,0,0,26880
F,90001201,1,0,0,0,0,0,26880
F,90001600,0,0,0,0,0,0,26880
F,90000000,0,0,0,0,0,0,26940
F,90000001,1,0,0,0,0,0,26940
F,90000200,0,90,1,1,0,0,26940
F,90000201,1,0,1,0,0,0,26940
F,90000400,0,0,0,0,0,0,26940
F,90000401,1,0,0,0,0,0,26940
F,90000800,0,0,0,0,0,0,26940
F,90001000,0,0,0,0,0,0,26940
F,90001200,0,0,0,0,0,0,26940
F,90001201,1,0,0,0,0,0,26940
F,90001600,0,0,0,0,0,0,26940
F,90000000,0,0,0,0,0,0,27000
F,90000001,1,0,0,0,0,0,27000
F,90000200,0,90,1,1,0,0,27000
F,90000201,1,0,1,0,0,0,27000
F,90000400,0,0,0,0,0,0,27000
F,90000401,1,0,0,0,0,0,27000
F,90000800,0,0,0,0,0,0,27000
F,90001000,0,0,0,0,0,0,27000
F,90001200,0,0,0,0,0,0,27000
F,90001201,1,0,0,0,0,0,27000
F,90001600,0,0,0,0,0,0,27000
F,90000000,0,0,0,0,0,0,27060
F,90000001,1,0,0,0,0,0,27060
F,90000200,0,90,1,1,0,0,27060
F,90000201,1,0,1,0,0,0,27060
F,90000400,0,0,0,0,0,0,27060
F,90000401,1,0,0,0,0,0,27060
F,90000800,0,0,0,0,0,0,27060
F,90001000,0,0,0,0,0,0,27060
F,90001200,0,0,0,0,0,0,27060
F,90001201,1,0,0,0,0,0,27060
F,90001600,0,0,0,0,0,0,27060
F,90000000,0,0,0,0,0,0,27120
F,90000001,1,0,0,0,0,0,27120
F,90000200,0,90,1,1,0,0,27120
F,90000201,1,0,1,0,0,0,27120
F,90000400,0,0,0,0,0,0,27120
F,90000401,1,0,0,0,0,0,27120
F,90000800,0,0,0,0,0,0,27120
F,90001000,0,0,0,0,0,0,27120
F,90001200,0,0,0,0,0,0,27120
F,90001201,1,0,0,0,0,0,27120
F,90001600,0,0,0,0,0,0,27120
F,90000000,0,0,0,0,0,0,27180
F,90000001,1,0,0,0,0,0,27180
F,90000200,0,90,1,1,0,0,27180
F,90000201,1,0,1,0,0,0,27180
F,90000400,0,0,0,0,0,0,27180
F,90000401,1,0,0,0,0,0,27180
F,90000800,0,0,0,0,0,0,27180
F,90001000,0,0,0,0,0,0,27180
F,90001200,0,0,0,0,0,0,27180
F,90001201,1,0,0,0,0,0,27180
F,90001600,0,0,0,0,0,0,27180
F,90000000,0,0,0,0,0,0,27240
F,90000001,1,0,0,0,0,0,27240
F,90000200,0,90,1,1,0,0,27240
F,90000201,1,0,1,0,0,0,27240
F,90000400,0,0,0,0,0,0,27240
F,90000401,1,0,0,0,0,0,27240
F,90000800,0,0,0,0,0,0,27240
F,90001000,0,0,0,0,0,0,27240
F,90001200,0,0,0,0,0,0,27240
F,90001201,1,0,0,0,0,0,27240
F,90001600,0,0,0,0,0,0,27240
F,90000000,0,0,0,0,0,0,27300
F,90000001,1,0,0,0,0,0,27300
F,90000200,0,90,1,1,0,0,27300
F,90000201,1,0,1,0,0,0,27300
F,90000400,0,0,0,0,0,0,27300
F,90000401,1,0,0,0,0,0,27300
F,90000800,0,0,0,0,0,0,27300
F,90001000,0,0,0,0,0,0,27300
F,90001200,0,0,0,0,0,0,27300
F,90001201,1,0,0,0,0,0,27300
F,90001600,0,0,0,0,0,0,27300
F,90000000,0,0,0,0,0,0,27360
F,90000001,1,0,0,0,0,0,27360
F,90000200,0,90,1,1,0,0,27360
F,90000201,1,0,1,0,0,0,27360
F,90000400,0,0,0,0,0,0,27360
F,90000401,1,0,0,0,0,0,27360
F,90000800,0,0,0,0,0,0,27360
F,90001000,0,0,0,0,0,0,27360
F,90001200,0,0,0,0,0,0,27360
F,90001201,1,0,0,0,0,0,27360
F,90001600,0,0,0,0,0,0,27360
F,90000000,0,0,0,0,0,0,27420
F,90000001,1,0,0,0,0,0,27420
F,90000200,0,90,1,1,0,0,27420
F,90000201,1,0,1,0,0,0,27420
F,90000400,0,0,0,0,0,0,27420
F,90000401,1,0,0,0,0,0,27420
F,90000800,0,0,0,0,0,0,27420
F,90001000,0,0,0,0,0,0,27420
F,90001200,0,0,0,0,0,0,27420
F,90001201,1,0,0,0,0,0,27420
F,90001600,0,0,0,0,0,0,27420
F,90000000,0,0,0,0,0,0,27480
F,90000001,1,0,0,0,0,0,27480
F,90000200,0,90,1,1,0,0,27480
F,90000201,1,0,1,0,0,0,27480
F,90000400,0,0,0,0,0,0,27480
F,90000401,1,0,0,0,0,0,27480
F,90000800,0,0,0,0,0,0,27480
F,90001000,0,0,0,0,0,0,27480
F,90001200,0,0,0,0,0,0,27480
F,90001201,1,0,0,0,0,0,27480
F,90001600,0,0,0,0,0,0,27480
F,90000000,0,0,0,0,0,0,27540
F,90000001,1,0,0,0,0,0,27540
F,90000200,0,90,1,1,0,0,27540
F,90000201,1,0,1,0,0,0,27540
F,90000400,0,0,0,0,0,0,27540
F,90000401,1,0,0,0,0,0,27540
F,90000800,0,0,0,0,0,0,27540
F,90001000,0,0,0,0,0,0,27540
F,90001200,0,0,0,0,0,0,27540
F,90001201,1,0,0,0,0,0,27540
F,90001600,0,0,0,0,0,0,27540
F,90000000,0,0,0,0,0,0,27600
F,90000001,1,0,0,0,0,0,27600
F,90000200,0,90,1,1,0,0,27600
F,90000201,1,0,1,0,0,0,27600
F,90000400,0,0,0,0,0,0,27600
F,90000401,1,0,0,0,0,0,27600
F,90000800,0,0,0,0,0,0,27600
F,90001000,0,0,0,0,0,0,27600
F,90001200,0,0,0,0,0,0,27600
F,90001201,1,0,0,0,0,0,27600
F,90001600,0,0,0,0,0,0,27600
F,90000000,0,0,0,0,0,0,27660
F,90000001,1,0,0,0,0,0,27660
F,90000200,0,90,1,1,0,0,27660
F,90000201,1,0,1,0,0,0,27660
F,90000400,0,0,0,0,0,0,27660
F,90000401,1,0,0,0,0,0,27660
F,90000800,0,0,0,0,0,0,27660
F,90001000,0,0,0,0,0,0,27660
F,90001200,0,0,0,0,0,0,27660
F,90001201,1,0,0,0,0,0,27660
F,90001600,0,0,0,0,0,0,27660
F,90000000,0,0,0,0,0,0,27720
F,90000001,1,0,0,0,0,0,27720
F,90000200,0,90,1,1,0,0,27720
F,90000201,1,0,1,0,0,0,27720
F,90000400,0,0,0,0,0,0,27720
F,90000401,1,0,0,0,0,0,27720
F,90000800,0,0,0,0,0,0,27720
F,90001000,0,0,0,0,0,0,27720
F,90001200,0,0,0,0,0,0,27720
F,90001201,1,0,0,0,0,0,27720
F,90001600,0,0,0,0,0,0,27720
F,90000000,0,0,0,0,0,0,27780
F,90000001,1,0,0,0,0,0,27780
F,90000200,0,90,1,1,0,0,27780
F,90000201,1,0,1,0,0,0,27780
F,90000400,0,0,0,0,0,0,27780
F,90000401,1,0,0,0,0,0,27780
F,90000800,0,0,0,0,0,0,27780
F,90001000,0,0,0,0,0,0,27780
F,90001200,0,0,0,0,0,0,27780
F,90001201,1,0,0,0,0,0,27780
F,90001600,0,0,0,0,0,0,27780
F,90000000,0,0,0,0,0,0,27840
F,90000001,1,0,0,0,0,0,27840
F,90000200,0,90,1,1,0,0,27840
F,90000201,1,0,1,0,0,0,27840
F,90000400,0,0,0,0,0,0,27840
F,90000401,1,0,0,0,0,0,27840
F,90000800,0,0,0,0,0,0,27840
F,90001000,0,0,0,0,0,0,27840
F,90001200,0,0,0,0,0,0,27840
F,90001201,1,0,0,0,0,0,27840
F,90001600,0,0,0,0,0,0,27840
F,90000000,0,0,0,0,0,0,27900
F,90000001,1,0,0,0,0,0,27900
F,90000200,0,90,1,1,0,0,27900
F,90000201,1,0,1,0,0,0,27900
F,90000400,0,0,0,0,0,0,27900
F,90000401,1,0,0,0,0,0,27900
F,90000800,0,0,0,0,0,0,27900
F,90001000,0,0,0,0,0,0,27900
F,90001200,0,0,0,0,0,0,27900
F,90001201,1,0,0,0,0,0,27900
F,90001600,0,0,0,0,0,0,27900
F,90000000,0,0,0,0,0,0,27960
F,90000001,1,0,0,0,0,0,27960
F,90000200,0,90,1,1,0,0,27960
F,90000201,1,0,1,0,0,0,27960
F,90000400,0,0,0,0,0,0,27960
F,90000401,1,0,0,0,0,0,27960
F,90000800,0,0,0,0,0,0,27960
F,90001000,0,0,0,0,0,0,27960
F,90001200,0,0,0,0,0,0,27960
F,90001201,1,0,0,0,0,0,27960
F,90001600,0,0,0,0,0,0,27960
F,90000000,0,0,0,0,0,0,28020
F,90000001,1,0,0,0,0,0,28020
F,90000200,0,90,1,1,0,0,28020
F,90000201,1,0,1,0,0,0,28020
F,90000400,0,0,0,0,0,0,28020
F,90000401,1,0,0,0,0,0,28020
F,90000800,0,0,0,0,0,0,28020
F,90001000,0,0,0,0,0,0,28020
F,90001200,0,0,0,0,0,0,28020
F,90001201,1,0,0,0,0,0,28020
F,90001600,0,0,0,0,0,0,28020
F,90000000,0,0,0,0,0,0,28080
F,90000001,1,0,0,0,0,0,28080
F,90000200,0,90,1,1,0,0,28080
F,90000201,1,0,1,0,0,0,28080
F,90000400,0,0,0,0,0,0,28080
F,90000401,1,0,0,0,0,0,28080
F,90000800,0,0,0,0,0,0,28080
F,90001000,0,0,0,0,0,0,28080
F,90001200,0,0,0,0,0,0,28080
F,90001201,1,0,0,0,0,0,28080
F,90001600,0,0,0,0,0,0,28080
F,90000000,0,0,0,0,0,0,28140
F,90000001,1,0,0,0,0,0,28140
F,90000200,0,90,1,1,0,0,28140
F,90000201,1,0,1,0,0,0,28140
F,90000400,0,90,1,1,0,0,28140
F,90000401,1,0,1,0,0,0,28140
F,90000800,0,0,0,0,0,0,28140
F,90001000,0,0,0,0,0,0,28140
F,90001200,0,0,0,0,0,0,28140
F,90001201,1,0,0,0,0,0,28140
F,90001600,0,0,0,0,0,0,28140
F,90000000,0,0,0,0,0,0,28200
F,90000001,1,0,0,0,0,0,28200
F,90000200,0,90,1,1,0,0,28200
F,90000201,1,0,1,0,0,0,28200
F,90000400,0,90,1,1,0,0,28200
F,90000401,1,0,1,0,0,0,28200
F,90000800,0,0,0,0,0,0,28200
F,90001000,0,0,0,0,0,0,28200
F,90001200,0,0,0,0,0,0,28200
F,90001201,1,0,0,0,0,0,28200
F,90001600,0,0,0,0,0,0,28200
F,90000000,0,0,0,0,0,0,28260
F,90000001,1,0,0,0,0,0,28260
F,90000200,0,0,0,0,0,0,28260
F,90000201,1,0,0,0,0,0,28260
F,90000400,0,90,1,1,0,0,28260
F,90000401,1,0,1,0,0,0,28260
F,90000800,0,0,0,0,0,0,28260
F,90001000,0,0,0,0,0,0,28260
F,90001200,0,0,0,0,0,0,28260
F,90001201,1,0,0,0,0,0,28260
F,90001600,0,0,0,0,0,0,28260
F,90000000,0,0,0,0,0,0,28320
F,90000001,1,0,0,0,0,0,28320
F,90000200,0,0,0,0,0,0,28320
F,90000201,1,0,0,0,0,0,28320
F,90000400,0,90,1,1,0,0,28320
F,90000401,1,0,1,0,0,0,28320
F,90000800,0,0,0,0,0,0,28320
F,90001000,0,0,0,0,0,0,28320
F,90001200,0,0,0,0,0,0,28320
F,90001201,1,0,0,0,0,0,28320
F,90001600,0,0,0,0,0,0,28320
F,90000000,0,0,0,0,0,0,28380
F,90000001,1,0,0,0,0,0,28380
F,90000200,0,0,0,0,0,0,28380
F,90000201,1,0,0,0,0,0,28380
F,90000400,0,90,1,1,0,0,28380
F,90000401,1,0,1,0,0,0,28380
F,90000800,0,0,0,0,0,0,28380
F,90001000,0,0,0,0,0,0,28380
F,90001200,0,0,0,0,0,0,28380
F,90001201,1,0,0,0,0,0,28380
F,90001600,0,0,0,0,0,0,28380
F,90000000,0,0,0,0,0,0,28440
F,90000001,1,0,0,0,0,0,28440
F,90000200,0,0,0,0,0,0,28440
F,90000201,1,0,0,0,0,0,28440
F,90000400,0,90,1,1,0,0,28440
F,90000401,1,0,1,0,0,0,28440
F,90000800,0,0,0,0,0,0,28440
F,90001000,0,0,0,0,0,0,28440
F,90001200,0,0,0,0,0,0,28440
F,90001201,1,0,0,0,0,0,28440
F,90001600,0,0,0,0,0,0,28440
F,90000000,0,0,0,0,0,0,28500
F,90000001,1,0,0,0,0,0,28500
F,90000200,0,0,0,0,0,0,28500
F,90000201,1,0,0,0,0,0,28500
F,90000400,0,90,1,1,0,0,28500
F,90000401,1,0,1,0,0,0,28500
F,90000800,0,0,0,0,0,0,28500
F,90001000,0,0,0,0,0,0,28500
F,90001200,0,0,0,0,0,0,28500
F,90001201,1,0,0,0,0,0,28500
F,90001600,0,0,0,0,0,0,28500
F,90000000,0,0,0,0,0,0,28560
F,90000001,1,0,0,0,0,0,28560
F,90000200,0,0,0,0,0,0,28560
F,90000201,1,0,0,0,0,0,28560
F,90000400,0,90,1,1,0,0,28560
F,90000401,1,0,1,0,0,0,28560
F,90000800,0,0,0,0,0,0,28560
F,90001000,0,0,0,0,0,0,28560
F,90001200,0,0,0,0,0,0,28560
F,90001201,1,0,0,0,0,0,28560
F,90001600,0,0,0,0,0,0,28560
F,90000000,0,0,0,0,0,0,28620
F,90000001,1,0,0,0,0,0,28620
F,90000200,0,0,0,0,0,0,28620
F,90000201,1,0,0,0,0,0,28620
F,90000400,0,90,1,1,0,0,28620
F,90000401,1,0,1,0,0,0,28620
F,90000800,0,0,0,0,0,0,28620
F,90001000,0,0,0,0,0,0,28620
F,90001200,0,0,0,0,0,0,28620
F,90001201,1,0,0,0,0,0,28620
F,90001600,0,0,0,0,0,0,28620
F,90000000,0,0,0,0,0,0,28680
F,90000001,1,0,0,0,0,0,28680
F,90000200,0,0,0,0,0,0,28680
F,90000201,1,0,0,0,0,0,28680
F,90000400,0,90,1,1,0,0,28680
F,90000401,1,0,1,0,0,0,28680
F,90000800,0,0,0,0,0,0,28680
F,90001000,0,0,0,0,0,0,28680
F,90001200,0,0,0,0,0,0,28680
F,90001201,1,0,0,0,0,0,28680
F,90001600,0,0,0,0,0,0,28680
F,90000000,0,0,0,0,0,0,28740
F,90000001,1,0,0,0,0,0,28740
F,90000200,0,0,0,0,0,0,28740
F,90000201,1,0,0,0,0,0,28740
F,90000400,0,90,1,1,0,0,28740
F,90000401,1,0,1,0,0,0,28740
F,90000800,0,0,0,0,0,0,28740
F,90001000,0,0,0,0,0,0,28740
F,90001200,0,0,0,0,0,0,28740
F,90001201,1,0,0,0,0,0,28740
F,90001600,0,0,0,0,0,0,28740
F,90000000,0,0,0,0,0,0,28800
F,90000001,1,0,0,0,0,0,28800
F,90000200,0,0,0,0,0,0,28800
F,90000201,1,0,0,0,0,0,28800
F,90000400,0,90,1,1,0,0,28800
F,90000401,1,0,1,0,0,0,28800
F,90000800,0,0,0,0,0,0,28800
F,90001000,0,0,0,0,0,0,28800
F,90001200,0,0,0,0,0,0,28800
F,90001201,1,0,0,0,0,0,28800
F,90001600,0,0,0,0,0,0,28800
F,90000000,0,0,0,0,0,0,28860
F,90000001,1,0,0,0,0,0,28860
F,90000200,0,0,0,0,0,0,28860
F,90000201,1,0,0,0,0,0,28860
F,90000400,0,90,1,1,0,0,28860
F,90000401,1,0,1,0,0,0,28860
F,90000800,0,0,0,0,0,0,28860
F,90001000,0,0,0,0,0,0,28860
F,90001200,0,0,0,0,0,0,28860
F,90001201,1,0,0,0,0,0,28860
F,90001600,0,0,0,0,0,0,28860
F,90000000,0,0,0,0,0,0,28920
F,90000001,1,0,0,0,0,0,28920
F,90000200,0,0,0,0,0,0,28920
F,90000201,1,0,0,0,0,0,28920
F,90000400,0,90,1,1,0,0,28920
F,90000401,1,0,1,0,0,0,28920
F,90000800,0,0,0,0,0,0,28920
F,90001000,0,0,0,0,0,0,28920
F,90001200,0,0,0,0,0,0,28920
F,90001201,1,0,0,0,0,0,28920
F,90001600,0,0,0,0,0,0,28920
F,90000000,0,0,0,0,0,0,28980
F,90000001,1,0,0,0,0,0,28980
F,90000200,0,0,0,0,0,0,28980
F,90000201,1,0,0,0,0,0,28980
F,90000400,0,90,1,1,0,0,28980
F,90000401,1,0,1,0,0,0,28980
F,90000800,0,0,0,0,0,0,28980
F,90001000,0,0,0,0,0,0,28980
F,90001200,0,0,0,0,0,0,28980
F,90001201,1,0,0,0,0,0,28980
F,90001600,0,0,0,0,0,0,28980
F,90000000,0,0,0,0,0,0,29040
F,90000001,1,0,0,0,0,0,29040
F,90000200,0,0,0,0,0,0,29040
F,90000201,1,0,0,0,0,0,29040
F,90000400,0,90,1,1,0,0,29040
F,90000401,1,0,1,0,0,0,29040
F,90000800,0,0,0,0,0,0,29040
F,90001000,0,0,0,0,0,0,29040
F,90001200,0,0,0,0,0,0,29040
F,90001201,1,0,0,0,0,0,29040
F,90001600,0,0,0,0,0,0,29040
F,90000000,0,0,0,0,0,0,29100
F,90000001,1,0,0,0,0,0,29100
F,90000200,0,0,0,0,0,0,29100
F,90000201,1,0,0,0,0,0,29100
F,90000400,0,90,1,1,0,0,29100
F,90000401,1,0,1,0,0,0,29100
F,90000800,0,0,0,0,0,0,29100
F,90001000,0,0,0,0,0,0,29100
F,90001200,0,0,0,0,0,0,29100
F,90001201,1,0,0,0,0,0,29100
F,90001600,0,0,0,0,0,0,29100
F,90000000,0,0,0,0,0,0,29160
F,90000001,1,0,0,0,0,0,29160
F,90000200,0,0,0,0,0,0,29160
F,90000201,1,0,0,0,0,0,29160
F,90000400,0,90,1,1,0,0,29160
F,90000401,1,0,1,0,0,0,29160
F,90000800,0,0,0,0,0,0,29160
F,90001000,0,0,0,0,0,0,29160
F,90001200,0,0,0,0,0,0,29160
F,90001201,1,0,0,0,0,0,29160
F,90001600,0,0,0,0,0,0,29160
F,90000000,0,0,0,0,0,0,29220
F,90000001,1,0,0,0,0,0,29220
F,90000200,0,0,0,0,0,0,29220
F,90000201,1,0,0,0,0,0,29220
F,90000400,0,90,1,1,0,0,29220
F,90000401,1,0,1,0,0,0,29220
F,90000800,0,0,0,0,0,0,29220
F,90001000,0,0,0,0,0,0,29220
F,90001200,0,0,0,0,0,0,29220
F,90001201,1,0,0,0,0,0,29220
F,90001600,0,0,0,0,0,0,29220
F,90000000,0,0,0,0,0,0,29280
F,90000001,1,0,0,0,0,0,29280
F,90000200,0,0,0,0,0,0,29280
F,90000201,1,0,0,0,0,0,29280
F,90000400,0,90,1,1,0,0,29280
F,90000401,1,0,1,0,0,0,29280
F,90000800,0,90,1,1,0,0,29280
F,90001000,0,0,0,0,0,0,29280
F,90001200,0,0,0,0,0,0,29280
F,90001201,1,0,0,0,0,0,29280
F,90001600,0,0,0,0,0,0,29280
F,90000000,0,0,0,0,0,0,29340
F,90000001,1,0,0,0,0,0,29340
F,90000200,0,0,0,0,0,0,29340
F,90000201,1,0,0,0,0,0,29340
F,90000400,0,90,1,1,0,0,29340
F,90000401,1,0,1,0,0,0,29340
F,90000800,0,90,1,1,0,0,29340
F,90001000,0,0,0,0,0,0,29340
F,90001200,0,0,0,0,0,0,29340
F,90001201,1,0,0,0,0,0,29340
F,90001600,0,0,0,0,0,0,29340
F,90000000,0,0,0,0,0,0,29400
F,90000001,1,0,0,0,0,0,29400
F,90000200,0,0,0,0,0,0,29400
F,90000201,1,0,0,0,0,0,29400
F,90000400,0,90,2,1,0,0,29400
F,90000401,1,90,2,1,0,0,29400
F,90000800,0,90,1,1,0,0,29400
F,90001000,0,0,0,0,0,0,29400
F,90001200,0,0,0,0,0,0,29400
F,90001201,1,0,0,0,0,0,29400
F,90001600,0,0,0,0,0,0,29400
F,90000000,0,0,0,0,0,0,29460
F,90000001,1,0,0,0,0,0,29460
F,90000200,0,0,0,0,0,0,29460
F,90000201,1,0,0,0,0,0,29460
F,90000400,0,90,2,1,0,0,29460
F,90000401,1,90,2,1,0,0,29460
F,90000800,0,90,1,1,0,0,29460
F,90001000,0,0,0,0,0,0,29460
F,90001200,0,0,0,0,0,0,29460
F,90001201,1,0,0,0,0,0,29460
F,90001600,0,0,0,0,0,0,29460
F,90000000,0,0,0,0,0,0,29520
F,90000001,1,0,0,0,0,0,29520
F,90000200,0,0,0,0,0,0,29520
F,90000201,1,0,0,0,0,0,29520
F,90000400,0,90,2,1,0,0,29520
F,90000401,1,90,2,1,0,0,29520
F,90000800,0,90,1,1,0,0,29520
F,90001000,0,0,0,0,0,0,29520
F,90001200,0,0,0,0,0,0,29520
F,90001201,1,0,0,0,0,0,29520
F,90001600,0,0,0,0,0,0,29520
F,90000000,0,0,0,0,0,0,29580
F,90000001,1,0,0,0,0,0,29580
F,90000200,0,0,0,0,0,0,29580
F,90000201,1,0,0,0,0,0,29580
F,90000400,0,0,1,0,0,0,29580
F,90000401,1,90,1,1,0,0,29580
F,90000800,0,90,1,1,0,0,29580
F,90001000,0,0,0,0,0,0,29580
F,90001200,0,0,0,0,0,0,29580
F,90001201,1,0,0,0,0,0,29580
F,90001600,0,0,0,0,0,0,29580
F,90000000,0,0,0,0,0,0,29640
F,90000001,1,0,0,0,0,0,29640
F,90000200,0,0,0,0,0,0,29640
F,90000201,1,0,0,0,0,0,29640
F,90000400,0,0,1,0,0,0,29640
F,90000401,1,90,1,1,0,0,29640
F,90000800,0,90,1,1,0,0,29640
F,90001000,0,0,0,0,0,0,29640
F,90001200,0,0,0,0,0,0,29640
F,90001201,1,0,0,0,0,0,29640
F,90001600,0,0,0,0,0,0,29640
F,90000000,0,0,0,0,0,0,29700
F,90000001,1,0,0,0,0,0,29700
F,90000200,0,0,0,0,0,0,29700
F,90000201,1,0,0,0,0,0,29700
F,90000400,0,0,1,0,0,0,29700
F,90000401,1,90,1,1,0,0,29700
F,90000800,0,90,1,1,0,0,29700
F,90001000,0,0,0,0,0,0,29700
F,90001200,0,0,0,0,0,0,29700
F,90001201,1,0,0,0,0,0,29700
F,90001600,0,0,0,0,0,0,29700
F,90000000,0,0,0,0,0,0,29760
F,90000001,1,0,0,0,0,0,29760
F,90000200,0,0,0,0,0,0,29760
F,90000201,1,0,0,0,0,0,29760
F,90000400,0,0,1,0,0,0,29760
F,90000401,1,90,1,1,0,0,29760
F,90000800,0,90,1,1,0,0,29760
F,90001000,0,0,0,0,0,0,29760
F,90001200,0,0,0,0,0,0,29760
F,90001201,1,0,0,0,0,0,29760
F,90001600,0,0,0,0,0,0,29760
F,90000000,0,0,0,0,0,0,29820
F,90000001,1,0,0,0,0,0,29820
F,90000200,0,0,0,0,0,0,29820
F,90000201,1,0,0,0,0,0,29820
F,90000400,0,0,1,0,0,0,29820
F,90000401,1,90,1,1,0,0,29820
F,90000800,0,90,1,1,0,0,29820
F,90001000,0,0,0,0,0,0,29820
F,90001200,0,0,0,0,0,0,29820
F,90001201,1,0,0,0,0,0,29820
F,90001600,0,0,0,0,0,0,29820
F,90000000,0,0,0,0,0,0,29880
F,90000001,1,0,0,0,0,0,29880
F,90000200,0,0,0,0,0,0,29880
F,90000201,1,0,0,0,0,0,29880
F,90000400,0,0,1,0,0,0,29880
F,90000401,1,90,1,1,0,0,29880
F,90000800,0,90,1,1,0,0,29880
F,90001000,0,0,0,0,0,0,29880
F,90001200,0,0,0,0,0,0,29880
F,90001201,1,0,0,0,0,0,29880
F,90001600,0,0,0,0,0,0,29880
F,90000000,0,0,0,0,0,0,29940
F,90000001,1,0,0,0,0,0,29940
F,90000200,0,0,0,0,0,0,29940
F,90000201,1,0,0,0,0,0,29940
F,90000400,0,0,1,0,0,0,29940
F,90000401,1,90,1,1,0,0,29940
F,90000800,0,90,1,1,0,0,29940
F,90001000,0,0,0,0,0,0,29940
F,90001200,0,0,0,0,0,0,29940
F,90001201,1,0,0,0,0,0,29940
F,90001600,0,0,0,0,0,0,29940
F,90000000,0,0,0,0,0,0,30000
F,90000001,1,0,0,0,0,0,30000
F,90000200,0,0,0,0,0,0,30000
F,90000201,1,0,0,0,0,0,30000
F,90000400,0,0,1,0,0,0,30000
F,90000401,1,90,1,1,0,0,30000
F,90000800,0,90,1,1,0,0,30000
F,90001000,0,0,0,0,0,0,30000
F,90001200,0,0,0,0,0,0,30000
F,90001201,1,0,0,0,0,0,30000
F,90001600,0,0,0,0,0,0,30000
F,90000000,0,0,0,0,0,0,30060
F,90000001,1,0,0,0,0,0,30060
F,90000200,0,0,0,0,0,0,30060
F,90000201,1,0,0,0,0,0,30060
F,90000400,0,0,1,0,0,0,30060
F,90000401,1,90,1,1,0,0,30060
F,90000800,0,90,1,1,0,0,30060
F,90001000,0,0,0,0,0,0,30060
F,90001200,0,0,0,0,0,0,30060
F,90001201,1,0,0,0,0,0,30060
F,90001600,0,0,0,0,0,0,30060
F,90000000,0,0,0,0,0,0,30120
F,90000001,1,0,0,0,0,0,30120
F,90000200,0,0,0,0,0,0,30120
F,90000201,1,0,0,0,0,0,30120
F,90000400,0,0,1,0,0,0,30120
F,90000401,1,90,1,1,0,0,30120
F,90000800,0,90,1,1,0,0,30120
F,90001000,0,0,0,0,0,0,30120
F,90001200,0,0,0,0,0,0,30120
F,90001201,1,0,0,0,0,0,30120
F,90001600,0,0,0,0,0,0,30120
F,90000000,0,0,0,0,0,0,30180
F,90000001,1,0,0,0,0,0,30180
F,90000200,0,0,0,0,0,0,30180
F,90000201,1,0,0,0,0,0,30180
F,90000400,0,0,1,0,0,0,30180
F,90000401,1,90,1,1,0,0,30180
F,90000800,0,90,1,1,0,0,30180
F,90001000,0,0,0,0,0,0,30180
F,90001200,0,0,0,0,0,0,30180
F,90001201,1,0,0,0,0,0,30180
F,90001600,0,0,0,0,0,0,30180
F,90000000,0,0,0,0,0,0,30240
F,90000001,1,0,0,0,0,0,30240
F,90000200,0,0,0,0,0,0,30240
F,90000201,1,0,0,0,0,0,30240
F,90000400,0,90,2,1,0,0,30240
F,90000401,1,90,2,1,0,0,30240
F,90000800,0,90,1,1,0,0,30240
F,90001000,0,0,0,0,0,0,30240
F,90001200,0,0,0,0,0,0,30240
F,90001201,1,0,0,0,0,0,30240
F,90001600,0,0,0,0,0,0,30240
F,90000000,0,0,0,0,0,0,30300
F,90000001,1,0,0,0,0,0,30300
F,90000200,0,0,0,0,0,0,30300
F,90000201,1,0,0,0,0,0,30300
F,90000400,0,90,2,1,0,0,30300
F,90000401,1,90,2,1,0,0,30300
F,90000800,0,90,1,1,0,0,30300
F,90001000,0,0,0,0,0,0,30300
F,90001200,0,0,0,0,0,0,30300
F,90001201,1,0,0,0,0,0,30300
F,90001600,0,0,0,0,0,0,30300
F,90000000,0,0,0,0,0,0,30360
F,90000001,1,0,0,0,0,0,30360
F,90000200,0,0,0,0,0,0,30360
F,90000201,1,0,0,0,0,0,30360
F,90000400,0,90,2,1,0,0,30360
F,90000401,1,90,2,1,0,0,30360
F,90000800,0,90,1,1,0,0,30360
F,90001000,0,0,0,0,0,0,30360
F,90001200,0,0,0,0,0,0,30360
F,90001201,1,0,0,0,0,0,30360
F,90001600,0,0,0,0,0,0,30360
F,90000000,0,0,0,0,0,0,30420
F,90000001,1,0,0,0,0,0,30420
F,90000200,0,0,0,0,0,0,30420
F,90000201,1,0,0,0,0,0,30420
F,90000400,0,90,2,1,0,0,30420
F,90000401,1,90,2,1,0,0,30420
F,90000800,0,90,1,1,0,0,30420
F,90001000,0,0,0,0,0,0,30420
F,90001200,0,0,0,0,0,0,30420
F,90001201,1,0,0,0,0,0,30420
F,90001600,0,0,0,0,0,0,30420
F,90000000,0,90,1,1,0,0,30480
F,90000001,1,0,1,0,0,0,30480
F,90000200,0,0,0,0,0,0,30480
F,90000201,1,0,0,0,0,0,30480
F,90000400,0,90,2,1,0,0,30480
F,90000401,1,90,2,1,0,0,30480
F,90000800,0,90,1,1,0,0,30480
F,90001000,0,0,0,0,0,0,30480
F,90001200,0,0,0,0,0,0,30480
F,90001201,1,0,0,0,0,0,30480
F,90001600,0,0,0,0,0,0,30480
F,90000000,0,90,1,1,0,0,30540
F,90000001,1,0,1,0,0,0,30540
F,90000200,0,0,0,0,0,0,30540
F,90000201,1,0,0,0,0,0,30540
F,90000400,0,90,2,1,0,0,30540
F,90000401,1,90,2,1,0,0,30540
F,90000800,0,90,1,1,0,0,30540
F,90001000,0,0,0,0,0,0,30540
F,90001200,0,0,0,0,0,0,30540
F,90001201,1,0,0,0,0,0,30540
F,90001600,0,0,0,0,0,0,30540
F,90000000,0,90,2,1,0,0,30600
F,90000001,1,90,2,1,0,0,30600
F,90000200,0,0,0,0,0,0,30600
F,90000201,1,0,0,0,0,0,30600
F,90000400,0,90,2,1,0,0,30600
F,90000401,1,90,2,1,0,0,30600
F,90000800,0,90,1,1,0,0,30600
F,90001000,0,0,0,0,0,0,30600
F,90001200,0,0,0,0,0,0,30600
F,90001201,1,0,0,0,0,0,30600
F,90001600,0,0,0,0,0,0,30600
F,90000000,0,90,2,1,0,0,30660
F,90000001,1,90,2,1,0,0,30660
F,90000200,0,0,0,0,0,0,30660
F,90000201,1,0,0,0,0,0,30660
F,90000400,0,90,3,1,0,0,30660
F,90000401,1,90,3,1,0,0,30660
F,90000800,0,90,1,1,0,0,30660
F,90001000,0,0,0,0,0,0,30660
F,90001200,0,0,0,0,0,0,30660
F,90001201,1,0,0,0,0,0,30660
F,90001600,0,0,0,0,0,0,30660
F,90000000,0,90,2,1,0,0,30720
F,90000001,1,90,2,1,0,0,30720
F,90000200,0,90,2,1,0,0,30720
F,90000201,1,90,2,1,0,0,30720
F,90000400,0,90,3,1,0,0,30720
F,90000401,1,90,3,1,0,0,30720
F,90000800,0,0,0,0,0,0,30720
F,90001000,0,0,0,0,0,0,30720
F,90001200,0,0,0,0,0,0,30720
F,90001201,1,0,0,0,0,0,30720
F,90001600,0,0,0,0,0,0,30720
F,90000000,0,90,2,1,0,0,30780
F,90000001,1,90,2,1,0,0,30780
F,90000200,0,90,2,1,0,0,30780
F,90000201,1,90,2,1,0,0,30780
F,90000400,0,90,3,1,0,0,30780
F,90000401,1,90,3,1,0,0,30780
F,90000800,0,0,0,0,0,0,30780
F,90001000,0,0,0,0,0,0,30780
F,90001200,0,0,0,0,0,0,30780
F,90001201,1,0,0,0,0,0,30780
F,90001600,0,0,0,0,0,0,30780
F,90000000,0,90,2,1,0,0,30840
F,90000001,1,90,2,1,0,0,30840
F,90000200,0,90,2,1,0,0,30840
F,90000201,1,90,2,1,0,0,30840
F,90000400,0,90,2,1,0,0,30840
F,90000401,1,90,2,1,0,0,30840
F,90000800,0,0,0,0,0,0,30840
F,90001000,0,0,0,0,0,0,30840
F,90001200,0,0,0,0,0,0,30840
F,90001201,1,0,0,0,0,0,30840
F,90001600,0,0,0,0,0,0,30840
F,90000000,0,90,2,1,0,0,30900
F,90000001,1,90,2,1,0,0,30900
F,90000200,0,90,2,1,0,0,30900
F,90000201,1,90,2,1,0,0,30900
F,90000400,0,90,2,1,0,0,30900
F,90000401,1,90,2,1,0,0,30900
F,90000800,0,0,0,0,0,0,30900
F,90001000,0,0,0,0,0,0,30900
F,90001200,0,0,0,0,0,0,30900
F,90001201,1,0,0,0,0,0,30900
F,90001600,0,0,0,0,0,0,30900
F,90000000,0,90,2,1,0,0,30960
F,90000001,1,90,2,1,0,0,30960
F,90000200,0,90,2,1,0,0,30960
F,90000201,1,90,2,1,0,0,30960
F,90000400,0,90,2,1,0,0,30960
F,90000401,1,90,2,1,0,0,30960
F,90000800,0,0,0,0,0,0,30960
F,90001000,0,0,0,0,0,0,30960
F,90001200,0,0,0,0,0,0,30960
F,90001201,1,0,0,0,0,0,30960
F,90001600,0,0,0,0,0,0,30960
F,90000000,0,90,2,1,0,0,31020
F,90000001,1,90,2,1,0,0,31020
F,90000200,0,90,2,1,0,0,31020
F,90000201,1,90,2,1,0,0,31020
F,90000400,0,90,2,1,0,0,31020
F,90000401,1,90,2,1,0,0,31020
F,90000800,0,0,0,0,0,0,31020
F,90001000,0,0,0,0,0,0,31020
F,90001200,0,0,0,0,0,0,31020
F,90001201,1,0,0,0,0,0,31020
F,90001600,0,0,0,0,0,0,31020
F,90000000,0,90,2,1,0,0,31080
F,90000001,1,90,2,1,0,0,31080
F,90000200,0,90,2,1,0,0,31080
F,90000201,1,90,2,1,0,0,31080
F,90000400,0,90,2,1,0,0,31080
F,90000401,1,90,2,1,0,0,31080
F,90000800,0,0,0,0,0,0,31080
F,90001000,0,0,0,0,0,0,31080
F,90001200,0,0,0,0,0,0,31080
F,90001201,1,0,0,0,0,0,31080
F,90001600,0,0,0,0,0,0,31080
F,90000000,0,90,2,1,0,0,31140
F,90000001,1,90,2,1,0,0,31140
F,90000200,0,90,2,1,0,0,31140
F,90000201,1,90,2,1,0,0,31140
F,90000400,0,90,2,1,0,0,31140
F,90000401,1,90,2,1,0,0,31140
F,90000800,0,0,0,0,0,0,31140
F,90001000,0,0,0,0,0,0,31140
F,90001200,0,0,0,0,0,0,31140
F,90001201,1,0,0,0,0,0,31140
F,90001600,0,0,0,0,0,0,31140
F,90000000,0,90,2,1,0,0,31200
F,90000001,1,90,2,1,0,0,31200
F,90000200,0,90,2,1,0,0,31200
F,90000201,1,90,2,1,0,0,31200
F,90000400,0,90,2,1,0,0,31200
F,90000401,1,90,2,1,0,0,31200
F,90000800,0,0,0,0,0,0,31200
F,90001000,0,0,0,0,0,0,31200
F,90001200,0,0,0,0,0,0,31200
F,90001201,1,0,0,0,0,0,31200
F,90001600,0,0,0,0,0,0,31200
F,90000000,0,90,2,1,0,0,31260
F,90000001,1,90,2,1,0,0,31260
F,90000200,0,90,2,1,0,0,31260
F,90000201,1,90,2,1,0,0,31260
F,90000400,0,90,2,1,0,0,31260
F,90000401,1,90,2,1,0,0,31260
F,90000800,0,0,0,0,0,0,31260
F,90001000,0,0,0,0,0,0,31260
F,90001200,0,0,0,0,0,0,31260
F,90001201,1,0,0,0,0,0,31260
F,90001600,0,0,0,0,0,0,31260
F,90000000,0,90,2,1,0,0,31320
F,90000001,1,90,2,1,0,0,31320
F,90000200,0,90,2,1,0,0,31320
F,90000201,1,90,2,1,0,0,31320
F,90000400,0,90,2,1,0,0,31320
F,90000401,1,90,2,1,0,0,31320
F,90000800,0,0,0,0,0,0,31320
F,90001000,0,0,0,0,0,0,31320
F,90001200,0,0,0,0,0,0,31320
F,90001201,1,0,0,0,0,0,31320
F,90001600,0,0,0,0,0,0,31320
F,90000000,0,90,2,1,0,0,31380
F,90000001,1,90,2,1,0,0,31380
F,90000200,0,90,2,1,0,0,31380
F,90000201,1,90,2,1,0,0,31380
F,90000400,0,90,2,1,0,0,31380
F,90000401,1,90,2,1,0,0,31380
F,90000800,0,0,0,0,0,0,31380
F,90001000,0,0,0,0,0,0,31380
F,90001200,0,0,0,0,0,0,31380
F,90001201,1,0,0,0,0,0,31380
F,90001600,0,0,0,0,0,0,31380
F,90000000,0,90,2,1,0,0,31440
F,90000001,1,90,2,1,0,0,31440
F,90000200,0,90,2,1,0,0,31440
F,90000201,1,90,2,1,0,0,31440
F,90000400,0,90,2,1,0,0,31440
F,90000401,1,90,2,1,0,0,31440
F,90000800,0,0,0,0,0,0,31440
F,90001000,0,0,0,0,0,0,31440
F,90001200,0,0,0,0,0,0,31440
F,90001201,1,0,0,0,0,0,31440
F,90001600,0,0,0,0,0,0,31440
F,90000000,0,90,2,1,0,0,31500
F,90000001,1,90,2,1,0,0,31500
F,90000200,0,90,2,1,0,0,31500
F,90000201,1,90,2,1,0,0,31500
F,90000400,0,90,2,1,0,0,31500
F,90000401,1,90,2,1,0,0,31500
F,90000800,0,0,0,0,0,0,31500
F,90001000,0,0,0,0,0,0,31500
F,90001200,0,0,0,0,0,0,31500
F,90001201,1,0,0,0,0,0,31500
F,90001600,0,0,0,0,0,0,31500
F,90000000,0,90,2,1,0,0,31560
F,90000001,1,90,2,1,0,0,31560
F,90000200,0,90,2,1,0,0,31560
F,90000201,1,90,2,1,0,0,31560
F,90000400,0,90,2,1,0,0,31560
F,90000401,1,90,2,1,0,0,31560
F,90000800,0,0,0,0,0,0,31560
F,90001000,0,0,0,0,0,0,31560
F,90001200,0,0,0,0,0,0,31560
F,90001201,1,0,0,0,0,0,31560
F,90001600,0,0,0,0,0,0,31560
F,90000000,0,90,2,1,0,0,31620
F,90000001,1,90,2,1,0,0,31620
F,90000200,0,90,2,1,0,0,31620
F,90000201,1,90,2,1,0,0,31620
F,90000400,0,90,2,1,0,0,31620
F,90000401,1,90,2,1,0,0,31620
F,90000800,0,0,0,0,0,0,31620
F,90001000,0,0,0,0,0,0,31620
F,90001200,0,0,0,0,0,0,31620
F,90001201,1,0,0,0,0,0,31620
F,90001600,0,0,0,0,0,0,31620
F,90000000,0,90,2,1,0,0,31680
F,90000001,1,90,2,1,0,0,31680
F,90000200,0,90,2,1,0,0,31680
F,90000201,1,90,2,1,0,0,31680
F,90000400,0,0,1,0,0,0,31680
F,90000401,1,90,1,1,0,0,31680
F,90000800,0,0,0,0,0,0,31680
F,90001000,0,0,0,0,0,0,31680
F,90001200,0,0,0,0,0,0,31680
F,90001201,1,0,0,0,0,0,31680
F,90001600,0,0,0,0,0,0,31680
F,90000000,0,90,2,1,0,0,31740
F,90000001,1,90,2,1,0,0,31740
F,90000200,0,90,2,1,0,0,31740
F,90000201,1,90,2,1,0,0,31740
F,90000400,0,0,1,0,0,0,31740
F,90000401,1,90,1,1,0,0,31740
F,90000800,0,0,0,0,0,0,31740
F,90001000,0,0,0,0,0,0,31740
F,90001200,0,0,0,0,0,0,31740
F,90001201,1,0,0,0,0,0,31740
F,90001600,0,0,0,0,0,0,31740
F,90000000,0,90,2,1,0,0,31800
F,90000001,1,90,2,1,0,0,31800
F,90000200,0,90,2,1,0,0,31800
F,90000201,1,90,2,1,0,0,31800
F,90000400,0,0,1,0,0,0,31800
F,90000401,1,90,1,1,0,0,31800
F,90000800,0,0,0,0,0,0,31800
F,90001000,0,0,0,0,0,0,31800
F,90001200,0,0,0,0,0,0,31800
F,90001201,1,0,0,0,0,0,31800
F,90001600,0,0,0,0,0,0,31800
F,90000000,0,90,2,1,0,0,31860
F,90000001,1,90,2,1,0,0,31860
F,90000200,0,90,2,1,0,0,31860
F,90000201,1,90,2,1,0,0,31860
F,90000400,0,0,1,0,0,0,31860
F,90000401,1,90,1,1,0,0,31860
F,90000800,0,0,0,0,0,0,31860
F,90001000,0,0,0,0,0,0,31860
F,90001200,0,0,0,0,0,0,31860
F,90001201,1,0,0,0,0,0,31860
F,90001600,0,0,0,0,0,0,31860
F,90000000,0,0,1,0,0,0,31920
F,90000001,1,90,1,1,0,0,31920
F,90000200,0,90,2,1,0,0,31920
F,90000201,1,90,2,1,0,0,31920
F,90000400,0,0,1,0,0,0,31920
F,90000401,1,90,1,1,0,0,31920
F,90000800,0,0,0,0,0,0,31920
F,90001000,0,0,0,0,0,0,31920
F,90001200,0,0,0,0,0,0,31920
F,90001201,1,0,0,0,0,0,31920
F,90001600,0,0,0,0,0,0,31920
F,90000000,0,0,1,0,0,0,31980
F,90000001,1,90,1,1,0,0,31980
F,90000200,0,90,2,1,0,0,31980
F,90000201,1,90,2,1,0,0,31980
F,90000400,0,0,1,0,0,0,31980
F,90000401,1,90,1,1,0,0,31980
F,90000800,0,0,0,0,0,0,31980
F,90001000,0,0,0,0,0,0,31980
F,90001200,0,0,0,0,0,0,31980
F,90001201,1,0,0,0,0,0,31980
F,90001600,0,0,0,0,0,0,31980
F,90000000,0,0,0,0,0,0,32040
F,90000001,1,0,0,0,0,0,32040
F,90000200,0,90,2,1,0,0,32040
F,90000201,1,90,2,1,0,0,32040
F,90000400,0,0,1,0,0,0,32040
F,90000401,1,90,1,1,0,0,32040
F,90000800,0,0,0,0,0,0,32040
F,90001000,0,0,0,0,0,0,32040
F,90001200,0,0,0,0,0,0,32040
F,90001201,1,0,0,0,0,0,32040
F,90001600,0,0,0,0,0,0,32040
F,90000000,0,0,0,0,0,0,32100
F,90000001,1,0,0,0,0,0,32100
F,90000200,0,90,2,1,0,0,32100
F,90000201,1,90,2,1,0,0,32100
F,90000400,0,0,1,0,0,0,32100
F,90000401,1,90,1,1,0,0,32100
F,90000800,0,90,1,1,0,0,32100
F,90001000,0,0,0,0,0,0,32100
F,90001200,0,0,0,0,0,0,32100
F,90001201,1,0,0,0,0,0,32100
F,90001600,0,0,0,0,0,0,32100
F,90000000,0,0,0,0,0,0,32160
F,90000001,1,0,0,0,0,0,32160
F,90000200,0,0,0,0,0,0,32160
F,90000201,1,0,0,0,0,0,32160
F,90000400,0,0,1,0,0,0,32160
F,90000401,1,90,1,1,0,0,32160
F,90000800,0,90,1,1,0,0,32160
F,90001000,0,0,0,0,0,0,32160
F,90001200,0,0,0,0,0,0,32160
F,90001201,1,0,0,0,0,0,32160
F,90001600,0,0,0,0,0,0,32160
F,90000000,0,0,0,0,0,0,32220
F,90000001,1,0,0,0,0,0,32220
F,90000200,0,0,0,0,0,0,32220
F,90000201,1,0,0,0,0,0,32220
F,90000400,0,0,1,0,0,0,32220
F,90000401,1,90,1,1,0,0,32220
F,90000800,0,90,1,1,0,0,32220
F,90001000,0,0,0,0,0,0,32220
F,90001200,0,0,0,0,0,0,32220
F,90001201,1,0,0,0,0,0,32220
F,90001600,0,0,0,0,0,0,32220
F,90000000,0,0,0,0,0,0,32280
F,90000001,1,0,0,0,0,0,32280
F,90000200,0,0,0,0,0,0,32280
F,90000201,1,0,0,0,0,0,32280
F,90000400,0,0,0,0,0,0,32280
F,90000401,1,0,0,0,0,0,32280
F,90000800,0,90,1,1,0,0,32280
F,90001000,0,0,0,0,0,0,32280
F,90001200,0,0,0,0,0,0,32280
F,90001201,1,0,0,0,0,0,32280
F,90001600,0,0,0,0,0,0,32280
F,90000000,0,0,0,0,0,0,32340
F,90000001,1,0,0,0,0,0,32340
F,90000200,0,0,0,0,0,0,32340
F,90000201,1,0,0,0,0,0,32340
F,90000400,0,0,0,0,0,0,32340
F,90000401,1,0,0,0,0,0,32340
F,90000800,0,90,1,1,0,0,32340
F,90001000,0,0,0,0,0,0,32340
F,90001200,0,0,0,0,0,0,32340
F,90001201,1,0,0,0,0,0,32340
F,90001600,0,0,0,0,0,0,32340
F,90000000,0,0,0,0,0,0,32400
F,90000001,1,0,0,0,0,0,32400
F,90000200,0,0,0,0,0,0,32400
F,90000201,1,0,0,0,0,0,32400
F,90000400,0,0,0,0,0,0,32400
F,90000401,1,0,0,0,0,0,32400
F,90000800,0,90,1,1,0,0,32400
F,90001000,0,0,0,0,0,0,32400
F,90001200,0,0,0,0,0,0,32400
F,90001201,1,0,0,0,0,0,32400
F,90001600,0,0,0,0,0,0,32400
F,90000000,0,0,0,0,0,0,32460
F,90000001,1,0,0,0,0,0,32460
F,90000200,0,0,0,0,0,0,32460
F,90000201,1,0,0,0,0,0,32460
F,90000400,0,0,0,0,0,0,32460
F,90000401,1,0,0,0,0,0,32460
F,90000800,0,90,1,1,0,0,32460
F,90001000,0,0,0,0,0,0,32460
F,90001200,0,0,0,0,0,0,32460
F,90001201,1,0,0,0,0,0,32460
F,90001600,0,0,0,0,0,0,32460
F,90000000,0,0,0,0,0,0,32520
F,90000001,1,0,0,0,0,0,32520
F,90000200,0,0,0,0,0,0,32520
F,90000201,1,0,0,0,0,0,32520
F,90000400,0,0,0,0,0,0,32520
F,90000401,1,0,0,0,0,0,32520
F,90000800,0,90,1,1,0,0,32520
F,90001000,0,0,0,0,0,0,32520
F,90001200,0,0,0,0,0,0,32520
F,90001201,1,0,0,0,0,0,32520
F,90001600,0,0,0,0,0,0,32520
F,90000000,0,0,0,0,0,0,32580
F,90000001,1,0,0,0,0,0,32580
F,90000200,0,0,0,0,0,0,32580
F,90000201,1,0,0,0,0,0,32580
F,90000400,0,0,0,0,0,0,32580
F,90000401,1,0,0,0,0,0,32580
F,90000800,0,90,1,1,0,0,32580
F,90001000,0,0,0,0,0,0,32580
F,90001200,0,0,0,0,0,0,32580
F,90001201,1,0,0,0,0,0,32580
F,90001600,0,0,0,0,0,0,32580
F,90000000,0,0,0,0,0,0,32640
F,90000001,1,0,0,0,0,0,32640
F,90000200,0,0,0,0,0,0,32640
F,90000201,1,0,0,0,0,0,32640
F,90000400,0,0,0,0,0,0,32640
F,90000401,1,0,0,0,0,0,32640
F,90000800,0,90,1,1,0,0,32640
F,90001000,0,0,0,0,0,0,32640
F,90001200,0,0,0,0,0,0,32640
F,90001201,1,0,0,0,0,0,32640
F,90001600,0,0,0,0,0,0,32640
F,90000000,0,0,0,0,0,0,32700
F,90000001,1,0,0,0,0,0,32700
F,90000200,0,0,0,0,0,0,32700
F,90000201,1,0,0,0,0,0,32700
F,90000400,0,0,0,0,0,0,32700
F,90000401,1,0,0,0,0,0,32700
F,90000800,0,90,1,1,0,0,32700
F,90001000,0,0,0,0,0,0,32700
F,90001200,0,0,0,0,0,0,32700
F,90001201,1,0,0,0,0,0,32700
F,90001600,0,0,0,0,0,0,32700
F,90000000,0,0,0,0,0,0,32760
F,90000001,1,0,0,0,0,0,32760
F,90000200,0,0,0,0,0,0,32760
F,90000201,1,0,0,0,0,0,32760
F,90000400,0,0,0,0,0,0,32760
F,90000401,1,0,0,0,0,0,32760
F,90000800,0,90,1,1,0,0,32760
F,90001000,0,0,0,0,0,0,32760
F,90001200,0,0,0,0,0,0,32760
F,90001201,1,0,0,0,0,0,32760
F,90001600,0,0,0,0,0,0,32760
F,90000000,0,0,0,0,0,0,32820
F,90000001,1,0,0,0,0,0,32820
F,90000200,0,0,0,0,0,0,32820
F,90000201,1,0,0,0,0,0,32820
F,90000400,0,0,0,0,0,0,32820
F,90000401,1,0,0,0,0,0,32820
F,90000800,0,90,1,1,0,0,32820
F,90001000,0,0,0,0,0,0,32820
F,90001200,0,0,0,0,0,0,32820
F,90001201,1,0,0,0,0,0,32820
F,90001600,0,0,0,0,0,0,32820
F,90000000,0,0,0,0,0,0,32880
F,90000001,1,0,0,0,0,0,32880
F,90000200,0,0,0,0,0,0,32880
F,90000201,1,0,0,0,0,0,32880
F,90000400,0,0,0,0,0,0,32880
F,90000401,1,0,0,0,0,0,32880
F,90000800,0,90,1,1,0,0,32880
F,90001000,0,0,0,0,0,0,32880
F,90001200,0,0,0,0,0,0,32880
F,90001201,1,0,0,0,0,0,32880
F,90001600,0,0,0,0,0,0,32880
F,90000000,0,0,0,0,0,0,32940
F,90000001,1,0,0,0,0,0,32940
F,90000200,0,0,0,0,0,0,32940
F,90000201,1,0,0,0,0,0,32940
F,90000400,0,0,0,0,0,0,32940
F,90000401,1,0,0,0,0,0,32940
F,90000800,0,90,1,1,0,0,32940
F,90001000,0,0,0,0,0,0,32940
F,90001200,0,0,0,0,0,0,32940
F,90001201,1,0,0,0,0,0,32940
F,90001600,0,0,0,0,0,0,32940
F,90000000,0,0,0,0,0,0,33000
F,90000001,1,0,0,0,0,0,33000
F,90000200,0,0,0,0,0,0,33000
F,90000201,1,0,0,0,0,0,33000
F,90000400,0,0,0,0,0,0,33000
F,90000401,1,0,0,0,0,0,33000
F,90000800,0,90,1,1,0,0,33000
F,90001000,0,0,0,0,0,0,33000
F,90001200,0,0,0,0,0,0,33000
F,90001201,1,0,0,0,0,0,33000
F,90001600,0,0,0,0,0,0,33000
F,90000000,0,0,0,0,0,0,33060
F,90000001,1,0,0,0,0,0,33060
F,90000200,0,0,0,0,0,0,33060
F,90000201,1,0,0,0,0,0,33060
F,90000400,0,0,0,0,0,0,33060
F,90000401,1,0,0,0,0,0,33060
F,90000800,0,90,1,1,0,0,33060
F,90001000,0,0,0,0,0,0,33060
F,90001200,0,0,0,0,0,0,33060
F,90001201,1,0,0,0,0,0,33060
F,90001600,0,0,0,0,0,0,33060
F,90000000,0,0,0,0,0,0,33120
F,90000001,1,0,0,0,0,0,33120
F,90000200,0,0,0,0,0,0,33120
F,90000201,1,0,0,0,0,0,33120
F,90000400,0,0,0,0,0,0,33120
F,90000401,1,0,0,0,0,0,33120
F,90000800,0,90,1,1,0,0,33120
F,90001000,0,0,0,0,0,0,33120
F,90001200,0,0,0,0,0,0,33120
F,90001201,1,0,0,0,0,0,33120
F,90001600,0,0,0,0,0,0,33120
F,90000000,0,0,0,0,0,0,33180
F,90000001,1,0,0,0,0,0,33180
F,90000200,0,0,0,0,0,0,33180
F,90000201,1,0,0,0,0,0,33180
F,90000400,0,0,0,0,0,0,33180
F,90000401,1,0,0,0,0,0,33180
F,90000800,0,90,1,1,0,0,33180
F,90001000,0,0,0,0,0,0,33180
F,90001200,0,0,0,0,0,0,33180
F,90001201,1,0,0,0,0,0,33180
F,90001600,0,0,0,0,0,0,33180
F,90000000,0,0,0,0,0,0,33240
F,90000001,1,0,0,0,0,0,33240
F,90000200,0,0,0,0,0,0,33240
F,90000201,1,0,0,0,0,0,33240
F,90000400,0,0,0,0,0,0,33240
F,90000401,1,0,0,0,0,0,33240
F,90000800,0,90,1,1,0,0,33240
F,90001000,0,0,0,0,0,0,33240
F,90001200,0,0,0,0,0,0,33240
F,90001201,1,0,0,0,0,0,33240
F,90001600,0,0,0,0,0,0,33240
F,90000000,0,90,1,1,0,0,33300
F,90000001,1,0,1,0,0,0,33300
F,90000200,0,0,0,0,0,0,33300
F,90000201,1,0,0,0,0,0,33300
F,90000400,0,0,0,0,0,0,33300
F,90000401,1,0,0,0,0,0,33300
F,90000800,0,90,1,1,0,0,33300
F,90001000,0,0,0,0,0,0,33300
F,90001200,0,0,0,0,0,0,33300
F,90001201,1,0,0,0,0,0,33300
F,90001600,0,0,0,0,0,0,33300
F,90000000,0,90,1,1,0,0,33360
F,90000001,1,0,1,0,0,0,33360
F,90000200,0,0,0,0,0,0,33360
F,90000201,1,0,0,0,0,0,33360
F,90000400,0,0,0,0,0,0,33360
F,90000401,1,0,0,0,0,0,33360
F,90000800,0,90,1,1,0,0,33360
F,90001000,0,0,0,0,0,0,33360
F,90001200,0,0,0,0,0,0,33360
F,90001201,1,0,0,0,0,0,33360
F,90001600,0,0,0,0,0,0,33360
F,90000000,0,90,1,1,0,0,33420
F,90000001,1,0,1,0,0,0,33420
F,90000200,0,0,0,0,0,0,33420
F,90000201,1,0,0,0,0,0,33420
F,90000400,0,0,0,0,0,0,33420
F,90000401,1,0,0,0,0,0,33420
F,90000800,0,90,1,1,0,0,33420
F,90001000,0,0,0,0,0,0,33420
F,90001200,0,0,0,0,0,0,33420
F,90001201,1,0,0,0,0,0,33420
F,90001600,0,0,0,0,0,0,33420
F,90000000,0,90,1,1,0,0,33480
F,90000001,1,0,1,0,0,0,33480
F,90000200,0,0,0,0,0,0,33480
F,90000201,1,0,0,0,0,0,33480
F,90000400,0,0,0,0,0,0,33480
F,90000401,1,0,0,0,0,0,33480
F,90000800,0,90,1,1,0,0,33480
F,90001000,0,0,0,0,0,0,33480
F,90001200,0,0,0,0,0,0,33480
F,90001201,1,0,0,0,0,0,33480
F,90001600,0,0,0,0,0,0,33480
F,90000000,0,90,1,1,0,0,33540
F,90000001,1,0,1,0,0,0,33540
F,90000200,0,0,0,0,0,0,33540
F,90000201,1,0,0,0,0,0,33540
F,90000400,0,0,0,0,0,0,33540
F,90000401,1,0,0,0,0,0,33540
F,90000800,0,0,0,0,0,0,33540
F,90001000,0,0,0,0,0,0,33540
F,90001200,0,0,0,0,0,0,33540
F,90001201,1,0,0,0,0,0,33540
F,90001600,0,0,0,0,0,0,33540
F,90000000,0,90,1,1,0,0,33600
F,90000001,1,0,1,0,0,0,33600
F,90000200,0,0,0,0,0,0,33600
F,90000201,1,0,0,0,0,0,33600
F,90000400,0,0,0,0,0,0,33600
F,90000401,1,0,0,0,0,0,33600
F,90000800,0,0,0,0,0,0,33600
F,90001000,0,0,0,0,0,0,33600
F,90001200,0,0,0,0,0,0,33600
F,90001201,1,0,0,0,0,0,33600
F,90001600,0,0,0,0,0,0,33600
F,90000000,0,90,1,1,0,0,33660
F,90000001,1,0,1,0,0,0,33660
F,90000200,0,0,0,0,0,0,33660
F,90000201,1,0,0,0,0,0,33660
F,90000400,0,0,0,0,0,0,33660
F,90000401,1,0,0,0,0,0,33660
F,90000800,0,0,0,0,0,0,33660
F,90001000,0,0,0,0,0,0,33660
F,90001200,0,0,0,0,0,0,33660
F,90001201,1,0,0,0,0,0,33660
F,90001600,0,0,0,0,0,0,33660
F,90000000,0,90,1,1,0,0,33720
F,90000001,1,0,1,0,0,0,33720
F,90000200,0,0,0,0,0,0,33720
F,90000201,1,0,0,0,0,0,33720
F,90000400,0,0,0,0,0,0,33720
F,90000401,1,0,0,0,0,0,33720
F,90000800,0,0,0,0,0,0,33720
F,90001000,0,0,0,0,0,0,33720
F,90001200,0,0,0,0,0,0,33720
F,90001201,1,0,0,0,0,0,33720
F,90001600,0,0,0,0,0,0,33720
F,90000000,0,90,1,1,0,0,33780
F,90000001,1,0,1,0,0,0,33780
F,90000200,0,0,0,0,0,0,33780
F,90000201,1,0,0,0,0,0,33780
F,90000400,0,0,0,0,0,0,33780
F,90000401,1,0,0,0,0,0,33780
F,90000800,0,0,0,0,0,0,33780
F,90001000,0,0,0,0,0,0,33780
F,90001200,0,0,0,0,0,0,33780
F,90001201,1,0,0,0,0,0,33780
F,90001600,0,0,0,0,0,0,33780
F,90000000,0,90,1,1,0,0,33840
F,90000001,1,0,1,0,0,0,33840
F,90000200,0,0,0,0,0,0,33840
F,90000201,1,0,0,0,0,0,33840
F,90000400,0,0,0,0,0,0,33840
F,90000401,1,0,0,0,0,0,33840
F,90000800,0,0,0,0,0,0,33840
F,90001000,0,0,0,0,0,0,33840
F,90001200,0,0,0,0,0,0,33840
F,90001201,1,0,0,0,0,0,33840
F,90001600,0,0,0,0,0,0,33840
F,90000000,0,90,1,1,0,0,33900
F,90000001,1,0,1,0,0,0,33900
F,90000200,0,0,0,0,0,0,33900
F,90000201,1,0,0,0,0,0,33900
F,90000400,0,0,0,0,0,0,33900
F,90000401,1,0,0,0,0,0,33900
F,90000800,0,0,0,0,0,0,33900
F,90001000,0,0,0,0,0,0,33900
F,90001200,0,0,0,0,0,0,33900
F,90001201,1,0,0,0,0,0,33900
F,90001600,0,0,0,0,0,0,33900
F,90000000,0,90,1,1,0,0,33960
F,90000001,1,0,1,0,0,0,33960
F,90000200,0,0,0,0,0,0,33960
F,90000201,1,0,0,0,0,0,33960
F,90000400,0,0,0,0,0,0,33960
F,90000401,1,0,0,0,0,0,33960
F,90000800,0,0,0,0,0,0,33960
F,90001000,0,0,0,0,0,0,33960
F,90001200,0,0,0,0,0,0,33960
F,90001201,1,0,0,0,0,0,33960
F,90001600,0,0,0,0,0,0,33960
F,90000000,0,90,1,1,0,0,34020
F,90000001,1,0,1,0,0,0,34020
F,90000200,0,0,0,0,0,0,34020
F,90000201,1,0,0,0,0,0,34020
F,90000400,0,0,0,0,0,0,34020
F,90000401,1,0,0,0,0,0,34020
F,90000800,0,0,0,0,0,0,34020
F,90001000,0,0,0,0,0,0,34020
F,90001200,0,0,0,0,0,0,34020
F,90001201,1,0,0,0,0,0,34020
F,90001600,0,0,0,0,0,0,34020
F,90000000,0,90,1,1,0,0,34080
F,90000001,1,0,1,0,0,0,34080
F,90000200,0,0,0,0,0,0,34080
F,90000201,1,0,0,0,0,0,34080
F,90000400,0,0,0,0,0,0,34080
F,90000401,1,0,0,0,0,0,34080
F,90000800,0,0,0,0,0,0,34080
F,90001000,0,0,0,0,0,0,34080
F,90001200,0,0,0,0,0,0,34080
F,90001201,1,0,0,0,0,0,34080
F,90001600,0,0,0,0,0,0,34080
F,90000000,0,90,1,1,0,0,34140
F,90000001,1,0,1,0,0,0,34140
F,90000200,0,0,0,0,0,0,34140
F,90000201,1,0,0,0,0,0,34140
F,90000400,0,0,0,0,0,0,34140
F,90000401,1,0,0,0,0,0,34140
F,90000800,0,0,0,0,0,0,34140
F,90001000,0,0,0,0,0,0,34140
F,90001200,0,0,0,0,0,0,34140
F,90001201,1,0,0,0,0,0,34140
F,90001600,0,0,0,0,0,0,34140
F,90000000,0,90,1,1,0,0,34200
F,90000001,1,0,1,0,0,0,34200
F,90000200,0,0,0,0,0,0,34200
F,90000201,1,0,0,0,0,0,34200
F,90000400,0,0,0,0,0,0,34200
F,90000401,1,0,0,0,0,0,34200
F,90000800,0,0,0,0,0,0,34200
F,90001000,0,0,0,0,0,0,34200
F,90001200,0,0,0,0,0,0,34200
F,90001201,1,0,0,0,0,0,34200
F,90001600,0,0,0,0,0,0,34200
F,90000000,0,90,2,1,0,0,34260
F,90000001,1,90,2,1,0,0,34260
F,90000200,0,0,0,0,0,0,34260
F,90000201,1,0,0,0,0,0,34260
F,90000400,0,0,0,0,0,0,34260
F,90000401,1,0,0,0,0,0,34260
F,90000800,0,0,0,0,0,0,34260
F,90001000,0,0,0,0,0,0,34260
F,90001200,0,0,0,0,0,0,34260
F,90001201,1,0,0,0,0,0,34260
F,90001600,0,0,0,0,0,0,34260
F,90000000,0,90,2,1,0,0,34320
F,90000001,1,90,2,1,0,0,34320
F,90000200,0,0,0,0,0,0,34320
F,90000201,1,0,0,0,0,0,34320
F,90000400,0,0,0,0,0,0,34320
F,90000401,1,0,0,0,0,0,34320
F,90000800,0,0,0,0,0,0,34320
F,90001000,0,0,0,0,0,0,34320
F,90001200,0,0,0,0,0,0,34320
F,90001201,1,0,0,0,0,0,34320
F,90001600,0,0,0,0,0,0,34320
F,90000000,0,90,2,1,0,0,34380
F,90000001,1,90,2,1,0,0,34380
F,90000200,0,0,0,0,0,0,34380
F,90000201,1,0,0,0,0,0,34380
F,90000400,0,0,0,0,0,0,34380
F,90000401,1,0,0,0,0,0,34380
F,90000800,0,0,0,0,0,0,34380
F,90001000,0,0,0,0,0,0,34380
F,90001200,0,0,0,0,0,0,34380
F,90001201,1,0,0,0,0,0,34380
F,90001600,0,0,0,0,0,0,34380
F,90000000,0,90,2,1,0,0,34440
F,90000001,1,90,2,1,0,0,34440
F,90000200,0,0,0,0,0,0,34440
F,90000201,1,0,0,0,0,0,34440
F,90000400,0,0,0,0,0,0,34440
F,90000401,1,0,0,0,0,0,34440
F,90000800,0,0,0,0,0,0,34440
F,90001000,0,0,0,0,0,0,34440
F,90001200,0,0,0,0,0,0,34440
F,90001201,1,0,0,0,0,0,34440
F,90001600,0,0,0,0,0,0,34440
F,90000000,0,90,2,1,0,0,34500
F,90000001,1,90,2,1,0,0,34500
F,90000200,0,90,1,1,0,0,34500
F,90000201,1,0,1,0,0,0,34500
F,90000400,0,0,0,0,0,0,34500
F,90000401,1,0,0,0,0,0,34500
F,90000800,0,0,0,0,0,0,34500
F,90001000,0,0,0,0,0,0,34500
F,90001200,0,0,0,0,0,0,34500
F,90001201,1,0,0,0,0,0,34500
F,90001600,0,0,0,0,0,0,34500
F,90000000,0,90,2,1,0,0,34560
F,90000001,1,90,2,1,0,0,34560
F,90000200,0,90,1,1,0,0,34560
F,90000201,1,0,1,0,0,0,34560
F,90000400,0,0,0,0,0,0,34560
F,90000401,1,0,0,0,0,0,34560
F,90000800,0,0,0,0,0,0,34560
F,90001000,0,0,0,0,0,0,34560
F,90001200,0,0,0,0,0,0,34560
F,90001201,1,0,0,0,0,0,34560
F,90001600,0,0,0,0,0,0,34560
F,90000000,0,90,2,1,0,0,34620
F,90000001,1,90,2,1,0,0,34620
F,90000200,0,90,1,1,0,0,34620
F,90000201,1,0,1,0,0,0,34620
F,90000400,0,0,0,0,0,0,34620
F,90000401,1,0,0,0,0,0,34620
F,90000800,0,0,0,0,0,0,34620
F,90001000,0,0,0,0,0,0,34620
F,90001200,0,0,0,0,0,0,34620
F,90001201,1,0,0,0,0,0,34620
F,90001600,0,0,0,0,0,0,34620
F,90000000,0,90,2,1,0,0,34680
F,90000001,1,90,2,1,0,0,34680
F,90000200,0,90,1,1,0,0,34680
F,90000201,1,0,1,0,0,0,34680
F,90000400,0,90,1,1,0,0,34680
F,90000401,1,0,1,0,0,0,34680
F,90000800,0,0,0,0,0,0,34680
F,90001000,0,0,0,0,0,0,34680
F,90001200,0,0,0,0,0,0,34680
F,90001201,1,0,0,0,0,0,34680
F,90001600,0,0,0,0,0,0,34680
F,90000000,0,0,1,0,0,0,34740
F,90000001,1,90,1,1,0,0,34740
F,90000200,0,90,1,1,0,0,34740
F,90000201,1,0,1,0,0,0,34740
F,90000400,0,90,1,1,0,0,34740
F,90000401,1,0,1,0,0,0,34740
F,90000800,0,0,0,0,0,0,34740
F,90001000,0,0,0,0,0,0,34740
F,90001200,0,0,0,0,0,0,34740
F,90001201,1,0,0,0,0,0,34740
F,90001600,0,0,0,0,0,0,34740
F,90000000,0,0,1,0,0,0,34800
F,90000001,1,90,1,1,0,0,34800
F,90000200,0,90,1,1,0,0,34800
F,90000201,1,0,1,0,0,0,34800
F,90000400,0,90,1,1,0,0,34800
F,90000401,1,0,1,0,0,0,34800
F,90000800,0,0,0,0,0,0,34800
F,90001000,0,0,0,0,0,0,34800
F,90001200,0,0,0,0,0,0,34800
F,90001201,1,0,0,0,0,0,34800
F,90001600,0,0,0,0,0,0,34800
F,90000000,0,0,1,0,0,0,34860
F,90000001,1,90,1,1,0,0,34860
F,90000200,0,90,1,1,0,0,34860
F,90000201,1,0,1,0,0,0,34860
F,90000400,0,90,1,1,0,0,34860
F,90000401,1,0,1,0,0,0,34860
F,90000800,0,0,0,0,0,0,34860
F,90001000,0,0,0,0,0,0,34860
F,90001200,0,0,0,0,0,0,34860
F,90001201,1,0,0,0,0,0,34860
F,90001600,0,0,0,0,0,0,34860
F,90000000,0,0,1,0,0,0,34920
F,90000001,1,90,1,1,0,0,34920
F,90000200,0,90,1,1,0,0,34920
F,90000201,1,0,1,0,0,0,34920
F,90000400,0,90,1,1,0,0,34920
F,90000401,1,0,1,0,0,0,34920
F,90000800,0,0,0,0,0,0,34920
F,90001000,0,0,0,0,0,0,34920
F,90001200,0,0,0,0,0,0,34920
F,90001201,1,0,0,0,0,0,34920
F,90001600,0,0,0,0,0,0,34920
F,90000000,0,0,1,0,0,0,34980
F,90000001,1,90,1,1,0,0,34980
F,90000200,0,90,1,1,0,0,34980
F,90000201,1,0,1,0,0,0,34980
F,90000400,0,90,1,1,0,0,34980
F,90000401,1,0,1,0,0,0,34980
F,90000800,0,0,0,0,0,0,34980
F,90001000,0,0,0,0,0,0,34980
F,90001200,0,0,0,0,0,0,34980
F,90001201,1,0,0,0,0,0,34980
F,90001600,0,0,0,0,0,0,34980
F,90000000,0,0,1,0,0,0,35040
F,90000001,1,90,1,1,0,0,35040
F,90000200,0,90,1,1,0,0,35040
F,90000201,1,0,1,0,0,0,35040
F,90000400,0,90,1,1,0,0,35040
F,90000401,1,0,1,0,0,0,35040
F,90000800,0,0,0,0,0,0,35040
F,90001000,0,0,0,0,0,0,35040
F,90001200,0,0,0,0,0,0,35040
F,90001201,1,0,0,0,0,0,35040
F,90001600,0,0,0,0,0,0,35040
F,90000000,0,0,1,0,0,0,35100
F,90000001,1,90,1,1,0,0,35100
F,90000200,0,90,1,1,0,0,35100
F,90000201,1,0,1,0,0,0,35100
F,90000400,0,90,1,1,0,0,35100
F,90000401,1,0,1,0,0,0,35100
F,90000800,0,0,0,0,0,0,35100
F,90001000,0,0,0,0,0,0,35100
F,90001200,0,0,0,0,0,0,35100
F,90001201,1,0,0,0,0,0,35100
F,90001600,0,0,0,0,0,0,35100
F,90000000,0,90,2,1,0,0,35160
F,90000001,1,90,2,1,0,0,35160
F,90000200,0,90,1,1,0,0,35160
F,90000201,1,0,1,0,0,0,35160
F,90000400,0,90,1,1,0,0,35160
F,90000401,1,0,1,0,0,0,35160
F,90000800,0,0,0,0,0,0,35160
F,90001000,0,0,0,0,0,0,35160
F,90001200,0,0,0,0,0,0,35160
F,90001201,1,0,0,0,0,0,35160
F,90001600,0,0,0,0,0,0,35160
F,90000000,0,90,2,1,0,0,35220
F,90000001,1,90,2,1,0,0,35220
F,90000200,0,90,1,1,0,0,35220
F,90000201,1,0,1,0,0,0,35220
F,90000400,0,90,1,1,0,0,35220
F,90000401,1,0,1,0,0,0,35220
F,90000800,0,0,0,0,0,0,35220
F,90001000,0,0,0,0,0,0,35220
F,90001200,0,0,0,0,0,0,35220
F,90001201,1,0,0,0,0,0,35220
F,90001600,0,0,0,0,0,0,35220
F,90000000,0,90,2,1,0,0,35280
F,90000001,1,90,2,1,0,0,35280
F,90000200,0,90,1,1,0,0,35280
F,90000201,1,0,1,0,0,0,35280
F,90000400,0,90,1,1,0,0,35280
F,90000401,1,0,1,0,0,0,35280
F,90000800,0,0,0,0,0,0,35280
F,90001000,0,0,0,0,0,0,35280
F,90001200,0,0,0,0,0,0,35280
F,90001201,1,0,0,0,0,0,35280
F,90001600,0,0,0,0,0,0,35280
F,90000000,0,90,2,1,0,0,35340
F,90000001,1,90,2,1,0,0,35340
F,90000200,0,90,1,1,0,0,35340
F,90000201,1,0,1,0,0,0,35340
F,90000400,0,90,1,1,0,0,35340
F,90000401,1,0,1,0,0,0,35340
F,90000800,0,0,0,0,0,0,35340
F,90001000,0,0,0,0,0,0,35340
F,90001200,0,0,0,0,0,0,35340
F,90001201,1,0,0,0,0,0,35340
F,90001600,0,0,0,0,0,0,35340
F,90000000,0,90,2,1,0,0,35400
F,90000001,1,90,2,1,0,0,35400
F,90000200,0,90,1,1,0,0,35400
F,90000201,1,0,1,0,0,0,35400
F,90000400,0,90,1,1,0,0,35400
F,90000401,1,0,1,0,0,0,35400
F,90000800,0,0,0,0,0,0,35400
F,90001000,0,0,0,0,0,0,35400
F,90001200,0,0,0,0,0,0,35400
F,90001201,1,0,0,0,0,0,35400
F,90001600,0,0,0,0,0,0,35400
F,90000000,0,90,2,1,0,0,35460
F,90000001,1,90,2,1,0,0,35460
F,90000200,0,90,1,1,0,0,35460
F,90000201,1,0,1,0,0,0,35460
F,90000400,0,90,1,1,0,0,35460
F,90000401,1,0,1,0,0,0,35460
F,90000800,0,0,0,0,0,0,35460
F,90001000,0,0,0,0,0,0,35460
F,90001200,0,0,0,0,0,0,35460
F,90001201,1,0,0,0,0,0,35460
F,90001600,0,0,0,0,0,0,35460
F,90000000,0,90,2,1,0,0,35520
F,90000001,1,90,2,1,0,0,35520
F,90000200,0,90,1,1,0,0,35520
F,90000201,1,0,1,0,0,0,35520
F,90000400,0,90,1,1,0,0,35520
F,90000401,1,0,1,0,0,0,35520
F,90000800,0,0,0,0,0,0,35520
F,90001000,0,0,0,0,0,0,35520
F,90001200,0,0,0,0,0,0,35520
F,90001201,1,0,0,0,0,0,35520
F,90001600,0,0,0,0,0,0,35520
F,90000000,0,90,2,1,0,0,35580
F,90000001,1,90,2,1,0,0,35580
F,90000200,0,90,1,1,0,0,35580
F,90000201,1,0,1,0,0,0,35580
F,90000400,0,90,1,1,0,0,35580
F,90000401,1,0,1,0,0,0,35580
F,90000800,0,0,0,0,0,0,35580
F,90001000,0,0,0,0,0,0,35580
F,90001200,0,0,0,0,0,0,35580
F,90001201,1,0,0,0,0,0,35580
F,90001600,0,0,0,0,0,0,35580
F,90000000,0,90,2,1,0,0,35640
F,90000001,1,90,2,1,0,0,35640
F,90000200,0,90,1,1,0,0,35640
F,90000201,1,0,1,0,0,0,35640
F,90000400,0,90,1,1,0,0,35640
F,90000401,1,0,1,0,0,0,35640
F,90000800,0,0,0,0,0,0,35640
F,90001000,0,0,0,0,0,0,35640
F,90001200,0,0,0,0,0,0,35640
F,90001201,1,0,0,0,0,0,35640
F,90001600,0,0,0,0,0,0,35640
F,90000000,0,90,1,1,0,0,35700
F,90000001,1,0,1,0,0,0,35700
F,90000200,0,90,1,1,0,0,35700
F,90000201,1,0,1,0,0,0,35700
F,90000400,0,90,1,1,0,0,35700
F,90000401,1,0,1,0,0,0,35700
F,90000800,0,0,0,0,0,0,35700
F,90001000,0,0,0,0,0,0,35700
F,90001200,0,0,0,0,0,0,35700
F,90001201,1,0,0,0,0,0,35700
F,90001600,0,0,0,0,0,0,35700
F,90000000,0,90,1,1,0,0,35760
F,90000001,1,0,1,0,0,0,35760
F,90000200,0,90,1,1,0,0,35760
F,90000201,1,0,1,0,0,0,35760
F,90000400,0,90,1,1,0,0,35760
F,90000401,1,0,1,0,0,0,35760
F,90000800,0,0,0,0,0,0,35760
F,90001000,0,0,0,0,0,0,35760
F,90001200,0,0,0,0,0,0,35760
F,90001201,1,0,0,0,0,0,35760
F,90001600,0,0,0,0,0,0,35760
F,90000000,0,90,1,1,0,0,35820
F,90000001,1,0,1,0,0,0,35820
F,90000200,0,90,1,1,0,0,35820
F,90000201,1,0,1,0,0,0,35820
F,90000400,0,90,1,1,0,0,35820
F,90000401,1,0,1,0,0,0,35820
F,90000800,0,0,0,0,0,0,35820
F,90001000,0,0,0,0,0,0,35820
F,90001200,0,0,0,0,0,0,35820
F,90001201,1,0,0,0,0,0,35820
F,90001600,0,0,0,0,0,0,35820
F,90000000,0,90,1,1,0,0,35880
F,90000001,1,0,1,0,0,0,35880
F,90000200,0,90,1,1,0,0,35880
F,90000201,1,0,1,0,0,0,35880
F,90000400,0,90,1,1,0,0,35880
F,90000401,1,0,1,0,0,0,35880
F,90000800,0,0,0,0,0,0,35880
F,90001000,0,0,0,0,0,0,35880
F,90001200,0,0,0,0,0,0,35880
F,90001201,1,0,0,0,0,0,35880
F,90001600,0,0,0,0,0,0,35880
F,90000000,0,90,2,1,0,0,35940
F,90000001,1,90,2,1,0,0,35940
F,90000200,0,0,0,0,0,0,35940
F,90000201,1,0,0,0,0,0,35940
F,90000400,0,90,1,1,0,0,35940
F,90000401,1,0,1,0,0,0,35940
F,90000800,0,0,0,0,0,0,35940
F,90001000,0,0,0,0,0,0,35940
F,90001200,0,0,0,0,0,0,35940
F,90001201,1,0,0,0,0,0,35940
F,90001600,0,0,0,0,0,0,35940
F,90000000,0,90,2,1,0,0,36000
F,90000001,1,90,2,1,0,0,36000
F,90000200,0,0,0,0,0,0,36000
F,90000201,1,0,0,0,0,0,36000
F,90000400,0,90,1,1,0,0,36000
F,90000401,1,0,1,0,0,0,36000
F,90000800,0,0,0,0,0,0,36000
F,90001000,0,0,0,0,0,0,36000
F,90001200,0,0,0,0,0,0,36000
F,90001201,1,0,0,0,0,0,36000
F,90001600,0,0,0,0,0,0,36000
F,90000000,0,90,2,1,0,0,36060
F,90000001,1,90,2,1,0,0,36060
F,90000200,0,0,0,0,0,0,36060
F,90000201,1,0,0,0,0,0,36060
F,90000400,0,90,1,1,0,0,36060
F,90000401,1,0,1,0,0,0,36060
F,90000800,0,0,0,0,0,0,36060
F,90001000,0,0,0,0,0,0,36060
F,90001200,0,0,0,0,0,0,36060
F,90001201,1,0,0,0,0,0,36060
F,90001600,0,0,0,0,0,0,36060
F,90000000,0,90,2,1,0,0,36120
F,90000001,1,90,2,1,0,0,36120
F,90000200,0,0,0,0,0,0,36120
F,90000201,1,0,0,0,0,0,36120
F,90000400,0,90,1,1,0,0,36120
F,90000401,1,0,1,0,0,0,36120
F,90000800,0,0,0,0,0,0,36120
F,90001000,0,0,0,0,0,0,36120
F,90001200,0,0,0,0,0,0,36120
F,90001201,1,0,0,0,0,0,36120
F,90001600,0,0,0,0,0,0,36120
F,90000000,0,90,2,1,0,0,36180
F,90000001,1,90,2,1,0,0,36180
F,90000200,0,0,0,0,0,0,36180
F,90000201,1,0,0,0,0,0,36180
F,90000400,0,0,0,0,0,0,36180
F,90000401,1,0,0,0,0,0,36180
F,90000800,0,0,0,0,0,0,36180
F,90001000,0,0,0,0,0,0,36180
F,90001200,0,0,0,0,0,0,36180
F,90001201,1,0,0,0,0,0,36180
F,90001600,0,0,0,0,0,0,36180
F,90000000,0,90,2,1,0,0,36240
F,90000001,1,90,2,1,0,0,36240
F,90000200,0,0,0,0,0,0,36240
F,90000201,1,0,0,0,0,0,36240
F,90000400,0,0,0,0,0,0,36240
F,90000401,1,0,0,0,0,0,36240
F,90000800,0,0,0,0,0,0,36240
F,90001000,0,0,0,0,0,0,36240
F,90001200,0,0,0,0,0,0,36240
F,90001201,1,0,0,0,0,0,36240
F,90001600,0,0,0,0,0,0,36240
F,90000000,0,90,2,1,0,0,36300
F,90000001,1,90,2,1,0,0,36300
F,90000200,0,0,0,0,0,0,36300
F,90000201,1,0,0,0,0,0,36300
F,90000400,0,0,0,0,0,0,36300
F,90000401,1,0,0,0,0,0,36300
F,90000800,0,0,0,0,0,0,36300
F,90001000,0,0,0,0,0,0,36300
F,90001200,0,0,0,0,0,0,36300
F,90001201,1,0,0,0,0,0,36300
F,90001600,0,0,0,0,0,0,36300
F,90000000,0,90,2,1,0,0,36360
F,90000001,1,90,2,1,0,0,36360
F,90000200,0,0,0,0,0,0,36360
F,90000201,1,0,0,0,0,0,36360
F,90000400,0,0,0,0,0,0,36360
F,90000401,1,0,0,0,0,0,36360
F,90000800,0,0,0,0,0,0,36360
F,90001000,0,0,0,0,0,0,36360
F,90001200,0,0,0,0,0,0,36360
F,90001201,1,0,0,0,0,0,36360
F,90001600,0,0,0,0,0,0,36360
F,90000000,0,90,2,1,0,0,36420
F,90000001,1,90,2,1,0,0,36420
F,90000200,0,0,0,0,0,0,36420
F,90000201,1,0,0,0,0,0,36420
F,90000400,0,0,0,0,0,0,36420
F,90000401,1,0,0,0,0,0,36420
F,90000800,0,0,0,0,0,0,36420
F,90001000,0,0,0,0,0,0,36420
F,90001200,0,0,0,0,0,0,36420
F,90001201,1,0,0,0,0,0,36420
F,90001600,0,0,0,0,0,0,36420
F,90000000,0,90,2,1,0,0,36480
F,90000001,1,90,2,1,0,0,36480
F,90000200,0,0,0,0,0,0,36480
F,90000201,1,0,0,0,0,0,36480
F,90000400,0,0,0,0,0,0,36480
F,90000401,1,0,0,0,0,0,36480
F,90000800,0,0,0,0,0,0,36480
F,90001000,0,0,0,0,0,0,36480
F,90001200,0,0,0,0,0,0,36480
F,90001201,1,0,0,0,0,0,36480
F,90001600,0,0,0,0,0,0,36480
F,90000000,0,90,2,1,0,0,36540
F,90000001,1,90,2,1,0,0,36540
F,90000200,0,0,0,0,0,0,36540
F,90000201,1,0,0,0,0,0,36540
F,90000400,0,0,0,0,0,0,36540
F,90000401,1,0,0,0,0,0,36540
F,90000800,0,0,0,0,0,0,36540
F,90001000,0,0,0,0,0,0,36540
F,90001200,0,0,0,0,0,0,36540
F,90001201,1,0,0,0,0,0,36540
F,90001600,0,0,0,0,0,0,36540
F,90000000,0,90,2,1,0,0,36600
F,90000001,1,90,2,1,0,0,36600
F,90000200,0,0,0,0,0,0,36600
F,90000201,1,0,0,0,0,0,36600
F,90000400,0,0,0,0,0,0,36600
F,90000401,1,0,0,0,0,0,36600
F,90000800,0,0,0,0,0,0,36600
F,90001000,0,0,0,0,0,0,36600
F,90001200,0,0,0,0,0,0,36600
F,90001201,1,0,0,0,0,0,36600
F,90001600,0,0,0,0,0,0,36600
F,90000000,0,0,1,0,0,0,36660
F,90000001,1,90,1,1,0,0,36660
F,90000200,0,0,0,0,0,0,36660
F,90000201,1,0,0,0,0,0,36660
F,90000400,0,0,0,0,0,0,36660
F,90000401,1,0,0,0,0,0,36660
F,90000800,0,0,0,0,0,0,36660
F,90001000,0,0,0,0,0,0,36660
F,90001200,0,0,0,0,0,0,36660
F,90001201,1,0,0,0,0,0,36660
F,90001600,0,0,0,0,0,0,36660
F,90000000,0,0,1,0,0,0,36720
F,90000001,1,90,1,1,0,0,36720
F,90000200,0,0,0,0,0,0,36720
F,90000201,1,0,0,0,0,0,36720
F,90000400,0,0,0,0,0,0,36720
F,90000401,1,0,0,0,0,0,36720
F,90000800,0,0,0,0,0,0,36720
F,90001000,0,0,0,0,0,0,36720
F,90001200,0,0,0,0,0,0,36720
F,90001201,1,0,0,0,0,0,36720
F,90001600,0,0,0,0,0,0,36720
F,90000000,0,0,1,0,0,0,36780
F,90000001,1,90,1,1,0,0,36780
F,90000200,0,0,0,0,0,0,36780
F,90000201,1,0,0,0,0,0,36780
F,90000400,0,0,0,0,0,0,36780
F,90000401,1,0,0,0,0,0,36780
F,90000800,0,0,0,0,0,0,36780
F,90001000,0,0,0,0,0,0,36780
F,90001200,0,0,0,0,0,0,36780
F,90001201,1,0,0,0,0,0,36780
F,90001600,0,0,0,0,0,0,36780
F,90000000,0,0,1,0,0,0,36840
F,90000001,1,90,1,1,0,0,36840
F,90000200,0,0,0,0,0,0,36840
F,90000201,1,0,0,0,0,0,36840
F,90000400,0,0,0,0,0,0,36840
F,90000401,1,0,0,0,0,0,36840
F,90000800,0,0,0,0,0,0,36840
F,90001000,0,0,0,0,0,0,36840
F,90001200,0,0,0,0,0,0,36840
F,90001201,1,0,0,0,0,0,36840
F,90001600,0,0,0,0,0,0,36840
F,90000000,0,90,2,1,0,0,36900
F,90000001,1,90,2,1,0,0,36900
F,90000200,0,0,0,0,0,0,36900
F,90000201,1,0,0,0,0,0,36900
F,90000400,0,0,0,0,0,0,36900
F,90000401,1,0,0,0,0,0,36900
F,90000800,0,0,0,0,0,0,36900
F,90001000,0,0,0,0,0,0,36900
F,90001200,0,0,0,0,0,0,36900
F,90001201,1,0,0,0,0,0,36900
F,90001600,0,0,0,0,0,0,36900
F,90000000,0,90,3,1,0,0,36960
F,90000001,1,90,3,1,0,0,36960
F,90000200,0,0,0,0,0,0,36960
F,90000201,1,0,0,0,0,0,36960
F,90000400,0,0,0,0,0,0,36960
F,90000401,1,0,0,0,0,0,36960
F,90000800,0,0,0,0,0,0,36960
F,90001000,0,0,0,0,0,0,36960
F,90001200,0,0,0,0,0,0,36960
F,90001201,1,0,0,0,0,0,36960
F,90001600,0,0,0,0,0,0,36960
F,90000000,0,90,3,1,0,0,37020
F,90000001,1,90,3,1,0,0,37020
F,90000200,0,0,0,0,0,0,37020
F,90000201,1,0,0,0,0,0,37020
F,90000400,0,0,0,0,0,0,37020
F,90000401,1,0,0,0,0,0,37020
F,90000800,0,0,0,0,0,0,37020
F,90001000,0,0,0,0,0,0,37020
F,90001200,0,0,0,0,0,0,37020
F,90001201,1,0,0,0,0,0,37020
F,90001600,0,0,0,0,0,0,37020
F,90000000,0,90,3,1,0,0,37080
F,90000001,1,90,3,1,0,0,37080
F,90000200,0,0,0,0,0,0,37080
F,90000201,1,0,0,0,0,0,37080
F,90000400,0,0,0,0,0,0,37080
F,90000401,1,0,0,0,0,0,37080
F,90000800,0,0,0,0,0,0,37080
F,90001000,0,0,0,0,0,0,37080
F,90001200,0,0,0,0,0,0,37080
F,90001201,1,0,0,0,0,0,37080
F,90001600,0,0,0,0,0,0,37080
F,90000000,0,90,3,1,0,0,37140
F,90000001,1,90,3,1,0,0,37140
F,90000200,0,0,0,0,0,0,37140
F,90000201,1,0,0,0,0,0,37140
F,90000400,0,0,0,0,0,0,37140
F,90000401,1,0,0,0,0,0,37140
F,90000800,0,0,0,0,0,0,37140
F,90001000,0,0,0,0,0,0,37140
F,90001200,0,0,0,0,0,0,37140
F,90001201,1,0,0,0,0,0,37140
F,90001600,0,0,0,0,0,0,37140
F,90000000,0,90,3,1,0,0,37200
F,90000001,1,90,3,1,0,0,37200
F,90000200,0,0,0,0,0,0,37200
F,90000201,1,0,0,0,0,0,37200
F,90000400,0,0,0,0,0,0,37200
F,90000401,1,0,0,0,0,0,37200
F,90000800,0,0,0,0,0,0,37200
F,90001000,0,0,0,0,0,0,37200
F,90001200,0,0,0,0,0,0,37200
F,90001201,1,0,0,0,0,0,37200
F,90001600,0,0,0,0,0,0,37200
F,90000000,0,90,3,1,0,0,37260
F,90000001,1,90,3,1,0,0,37260
F,90000200,0,0,0,0,0,0,37260
F,90000201,1,0,0,0,0,0,37260
F,90000400,0,0,0,0,0,0,37260
F,90000401,1,0,0,0,0,0,37260
F,90000800,0,0,0,0,0,0,37260
F,90001000,0,0,0,0,0,0,37260
F,90001200,0,0,0,0,0,0,37260
F,90001201,1,0,0,0,0,0,37260
F,90001600,0,0,0,0,0,0,37260
F,90000000,0,90,3,1,0,0,37320
F,90000001,1,90,3,1,0,0,37320
F,90000200,0,0,0,0,0,0,37320
F,90000201,1,0,0,0,0,0,37320
F,90000400,0,0,0,0,0,0,37320
F,90000401,1,0,0,0,0,0,37320
F,90000800,0,0,0,0,0,0,37320
F,90001000,0,0,0,0,0,0,37320
F,90001200,0,0,0,0,0,0,37320
F,90001201,1,0,0,0,0,0,37320
F,90001600,0,0,0,0,0,0,37320
F,90000000,0,90,2,1,0,0,37380
F,90000001,1,90,2,1,0,0,37380
F,90000200,0,0,0,0,0,0,37380
F,90000201,1,0,0,0,0,0,37380
F,90000400,0,0,0,0,0,0,37380
F,90000401,1,0,0,0,0,0,37380
F,90000800,0,0,0,0,0,0,37380
F,90001000,0,0,0,0,0,0,37380
F,90001200,0,0,0,0,0,0,37380
F,90001201,1,0,0,0,0,0,37380
F,90001600,0,0,0,0,0,0,37380
F,90000000,0,90,2,1,0,0,37440
F,90000001,1,90,2,1,0,0,37440
F,90000200,0,0,0,0,0,0,37440
F,90000201,1,0,0,0,0,0,37440
F,90000400,0,0,0,0,0,0,37440
F,90000401,1,0,0,0,0,0,37440
F,90000800,0,0,0,0,0,0,37440
F,90001000,0,0,0,0,0,0,37440
F,90001200,0,0,0,0,0,0,37440
F,90001201,1,0,0,0,0,0,37440
F,90001600,0,0,0,0,0,0,37440
F,90000000,0,90,2,1,0,0,37500
F,90000001,1,90,2,1,0,0,37500
F,90000200,0,0,0,0,0,0,37500
F,90000201,1,0,0,0,0,0,37500
F,90000400,0,0,0,0,0,0,37500
F,90000401,1,0,0,0,0,0,37500
F,90000800,0,0,0,0,0,0,37500
F,90001000,0,0,0,0,0,0,37500
F,90001200,0,0,0,0,0,0,37500
F,90001201,1,0,0,0,0,0,37500
F,90001600,0,0,0,0,0,0,37500
F,90000000,0,90,2,1,0,0,37560
F,90000001,1,90,2,1,0,0,37560
F,90000200,0,0,0,0,0,0,37560
F,90000201,1,0,0,0,0,0,37560
F,90000400,0,0,0,0,0,0,37560
F,90000401,1,0,0,0,0,0,37560
F,90000800,0,0,0,0,0,0,37560
F,90001000,0,0,0,0,0,0,37560
F,90001200,0,0,0,0,0,0,37560
F,90001201,1,0,0,0,0,0,37560
F,90001600,0,0,0,0,0,0,37560
F,90000000,0,90,2,1,0,0,37620
F,90000001,1,90,2,1,0,0,37620
F,90000200,0,0,0,0,0,0,37620
F,90000201,1,0,0,0,0,0,37620
F,90000400,0,0,0,0,0,0,37620
F,90000401,1,0,0,0,0,0,37620
F,90000800,0,0,0,0,0,0,37620
F,90001000,0,0,0,0,0,0,37620
F,90001200,0,0,0,0,0,0,37620
F,90001201,1,0,0,0,0,0,37620
F,90001600,0,0,0,0,0,0,37620
F,90000000,0,90,2,1,0,0,37680
F,90000001,1,90,2,1,0,0,37680
F,90000200,0,0,0,0,0,0,37680
F,90000201,1,0,0,0,0,0,37680
F,90000400,0,0,0,0,0,0,37680
F,90000401,1,0,0,0,0,0,37680
F,90000800,0,0,0,0,0,0,37680
F,90001000,0,0,0,0,0,0,37680
F,90001200,0,0,0,0,0,0,37680
F,90001201,1,0,0,0,0,0,37680
F,90001600,0,0,0,0,0,0,37680
F,90000000,0,90,2,1,0,0,37740
F,90000001,1,90,2,1,0,0,37740
F,90000200,0,0,0,0,0,0,37740
F,90000201,1,0,0,0,0,0,37740
F,90000400,0,0,0,0,0,0,37740
F,90000401,1,0,0,0,0,0,37740
F,90000800,0,0,0,0,0,0,37740
F,90001000,0,0,0,0,0,0,37740
F,90001200,0,0,0,0,0,0,37740
F,90001201,1,0,0,0,0,0,37740
F,90001600,0,0,0,0,0,0,37740
F,90000000,0,90,2,1,0,0,37800
F,90000001,1,90,2,1,0,0,37800
F,90000200,0,0,0,0,0,0,37800
F,90000201,1,0,0,0,0,0,37800
F,90000400,0,0,0,0,0,0,37800
F,90000401,1,0,0,0,0,0,37800
F,90000800,0,0,0,0,0,0,37800
F,90001000,0,0,0,0,0,0,37800
F,90001200,0,0,0,0,0,0,37800
F,90001201,1,0,0,0,0,0,37800
F,90001600,0,0,0,0,0,0,37800
F,90000000,0,90,2,1,0,0,37860
F,90000001,1,90,2,1,0,0,37860
F,90000200,0,0,0,0,0,0,37860
F,90000201,1,0,0,0,0,0,37860
F,90000400,0,0,0,0,0,0,37860
F,90000401,1,0,0,0,0,0,37860
F,90000800,0,0,0,0,0,0,37860
F,90001000,0,0,0,0,0,0,37860
F,90001200,0,0,0,0,0,0,37860
F,90001201,1,0,0,0,0,0,37860
F,90001600,0,0,0,0,0,0,37860
F,90000000,0,90,2,1,0,0,37920
F,90000001,1,90,2,1,0,0,37920
F,90000200,0,0,0,0,0,0,37920
F,90000201,1,0,0,0,0,0,37920
F,90000400,0,0,0,0,0,0,37920
F,90000401,1,0,0,0,0,0,37920
F,90000800,0,0,0,0,0,0,37920
F,90001000,0,0,0,0,0,0,37920
F,90001200,0,0,0,0,0,0,37920
F,90001201,1,0,0,0,0,0,37920
F,90001600,0,0,0,0,0,0,37920
F,90000000,0,90,2,1,0,0,37980
F,90000001,1,90,2,1,0,0,37980
F,90000200,0,0,0,0,0,0,37980
F,90000201,1,0,0,0,0,0,37980
F,90000400,0,0,0,0,0,0,37980
F,90000401,1,0,0,0,0,0,37980
F,90000800,0,0,0,0,0,0,37980
F,90001000,0,0,0,0,0,0,37980
F,90001200,0,0,0,0,0,0,37980
F,90001201,1,0,0,0,0,0,37980
F,90001600,0,0,0,0,0,0,37980
F,90000000,0,90,2,1,0,0,38040
F,90000001,1,90,2,1,0,0,38040
F,90000200,0,0,0,0,0,0,38040
F,90000201,1,0,0,0,0,0,38040
F,90000400,0,0,0,0,0,0,38040
F,90000401,1,0,0,0,0,0,38040
F,90000800,0,0,0,0,0,0,38040
F,90001000,0,0,0,0,0,0,38040
F,90001200,0,0,0,0,0,0,38040
F,90001201,1,0,0,0,0,0,38040
F,90001600,0,0,0,0,0,0,38040
F,90000000,0,90,2,1,0,0,38100
F,90000001,1,90,2,1,0,0,38100
F,90000200,0,0,0,0,0,0,38100
F,90000201,1,0,0,0,0,0,38100
F,90000400,0,0,0,0,0,0,38100
F,90000401,1,0,0,0,0,0,38100
F,90000800,0,0,0,0,0,0,38100
F,90001000,0,0,0,0,0,0,38100
F,90001200,0,0,0,0,0,0,38100
F,90001201,1,0,0,0,0,0,38100
F,90001600,0,0,0,0,0,0,38100
F,90000000,0,90,2,1,0,0,38160
F,90000001,1,90,2,1,0,0,38160
F,90000200,0,0,0,0,0,0,38160
F,90000201,1,0,0,0,0,0,38160
F,90000400,0,0,0,0,0,0,38160
F,90000401,1,0,0,0,0,0,38160
F,90000800,0,0,0,0,0,0,38160
F,90001000,0,0,0,0,0,0,38160
F,90001200,0,0,0,0,0,0,38160
F,90001201,1,0,0,0,0,0,38160
F,90001600,0,0,0,0,0,0,38160
F,90000000,0,90,2,1,0,0,38220
F,90000001,1,90,2,1,0,0,38220
F,90000200,0,0,0,0,0,0,38220
F,90000201,1,0,0,0,0,0,38220
F,90000400,0,0,0,0,0,0,38220
F,90000401,1,0,0,0,0,0,38220
F,90000800,0,0,0,0,0,0,38220
F,90001000,0,0,0,0,0,0,38220
F,90001200,0,0,0,0,0,0,38220
F,90001201,1,0,0,0,0,0,38220
F,90001600,0,0,0,0,0,0,38220
F,90000000,0,90,2,1,0,0,38280
F,90000001,1,90,2,1,0,0,38280
F,90000200,0,0,0,0,0,0,38280
F,90000201,1,0,0,0,0,0,38280
F,90000400,0,0,0,0,0,0,38280
F,90000401,1,0,0,0,0,0,38280
F,90000800,0,0,0,0,0,0,38280
F,90001000,0,0,0,0,0,0,38280
F,90001200,0,0,0,0,0,0,38280
F,90001201,1,0,0,0,0,0,38280
F,90001600,0,0,0,0,0,0,38280
F,90000000,0,90,2,1,0,0,38340
F,90000001,1,90,2,1,0,0,38340
F,90000200,0,0,0,0,0,0,38340
F,90000201,1,0,0,0,0,0,38340
F,90000400,0,0,0,0,0,0,38340
F,90000401,1,0,0,0,0,0,38340
F,90000800,0,0,0,0,0,0,38340
F,90001000,0,0,0,0,0,0,38340
F,90001200,0,0,0,0,0,0,38340
F,90001201,1,0,0,0,0,0,38340
F,90001600,0,0,0,0,0,0,38340
F,90000000,0,0,1,0,0,0,38400
F,90000001,1,90,1,1,0,0,38400
F,90000200,0,0,0,0,0,0,38400
F,90000201,1,0,0,0,0,0,38400
F,90000400,0,0,0,0,0,0,38400
F,90000401,1,0,0,0,0,0,38400
F,90000800,0,0,0,0,0,0,38400
F,90001000,0,0,0,0,0,0,38400
F,90001200,0,0,0,0,0,0,38400
F,90001201,1,0,0,0,0,0,38400
F,90001600,0,0,0,0,0,0,38400
F,90000000,0,0,1,0,0,0,38460
F,90000001,1,90,1,1,0,0,38460
F,90000200,0,0,0,0,0,0,38460
F,90000201,1,0,0,0,0,0,38460
F,90000400,0,0,0,0,0,0,38460
F,90000401,1,0,0,0,0,0,38460
F,90000800,0,0,0,0,0,0,38460
F,90001000,0,0,0,0,0,0,38460
F,90001200,0,0,0,0,0,0,38460
F,90001201,1,0,0,0,0,0,38460
F,90001600,0,0,0,0,0,0,38460
F,90000000,0,0,1,0,0,0,38520
F,90000001,1,90,1,1,0,0,38520
F,90000200,0,0,0,0,0,0,38520
F,90000201,1,0,0,0,0,0,38520
F,90000400,0,90,1,1,0,0,38520
F,90000401,1,0,1,0,0,0,38520
F,90000800,0,0,0,0,0,0,38520
F,90001000,0,0,0,0,0,0,38520
F,90001200,0,0,0,0,0,0,38520
F,90001201,1,0,0,0,0,0,38520
F,90001600,0,0,0,0,0,0,38520
F,90000000,0,90,2,1,0,0,38580
F,90000001,1,90,2,1,0,0,38580
F,90000200,0,0,0,0,0,0,38580
F,90000201,1,0,0,0,0,0,38580
F,90000400,0,90,1,1,0,0,38580
F,90000401,1,0,1,0,0,0,38580
F,90000800,0,0,0,0,0,0,38580
F,90001000,0,0,0,0,0,0,38580
F,90001200,0,0,0,0,0,0,38580
F,90001201,1,0,0,0,0,0,38580
F,90001600,0,0,0,0,0,0,38580
F,90000000,0,90,2,1,0,0,38640
F,90000001,1,90,2,1,0,0,38640
F,90000200,0,0,0,0,0,0,38640
F,90000201,1,0,0,0,0,0,38640
F,90000400,0,90,1,1,0,0,38640
F,90000401,1,0,1,0,0,0,38640
F,90000800,0,0,0,0,0,0,38640
F,90001000,0,0,0,0,0,0,38640
F,90001200,0,0,0,0,0,0,38640
F,90001201,1,0,0,0,0,0,38640
F,90001600,0,0,0,0,0,0,38640
F,90000000,0,90,2,1,0,0,38700
F,90000001,1,90,2,1,0,0,38700
F,90000200,0,0,0,0,0,0,38700
F,90000201,1,0,0,0,0,0,38700
F,90000400,0,90,1,1,0,0,38700
F,90000401,1,0,1,0,0,0,38700
F,90000800,0,0,0,0,0,0,38700
F,90001000,0,0,0,0,0,0,38700
F,90001200,0,0,0,0,0,0,38700
F,90001201,1,0,0,0,0,0,38700
F,90001600,0,0,0,0,0,0,38700
F,90000000,0,90,2,1,0,0,38760
F,90000001,1,90,2,1,0,0,38760
F,90000200,0,0,0,0,0,0,38760
F,90000201,1,0,0,0,0,0,38760
F,90000400,0,90,1,1,0,0,38760
F,90000401,1,0,1,0,0,0,38760
F,90000800,0,0,0,0,0,0,38760
F,90001000,0,0,0,0,0,0,38760
F,90001200,0,0,0,0,0,0,38760
F,90001201,1,0,0,0,0,0,38760
F,90001600,0,0,0,0,0,0,38760
F,90000000,0,90,1,1,0,0,38820
F,90000001,1,0,1,0,0,0,38820
F,90000200,0,0,0,0,0,0,38820
F,90000201,1,0,0,0,0,0,38820
F,90000400,0,90,1,1,0,0,38820
F,90000401,1,0,1,0,0,0,38820
F,90000800,0,0,0,0,0,0,38820
F,90001000,0,0,0,0,0,0,38820
F,90001200,0,0,0,0,0,0,38820
F,90001201,1,0,0,0,0,0,38820
F,90001600,0,0,0,0,0,0,38820
F,90000000,0,90,1,1,0,0,38880
F,90000001,1,0,1,0,0,0,38880
F,90000200,0,0,0,0,0,0,38880
F,90000201,1,0,0,0,0,0,38880
F,90000400,0,90,1,1,0,0,38880
F,90000401,1,0,1,0,0,0,38880
F,90000800,0,0,0,0,0,0,38880
F,90001000,0,0,0,0,0,0,38880
F,90001200,0,0,0,0,0,0,38880
F,90001201,1,0,0,0,0,0,38880
F,90001600,0,0,0,0,0,0,38880
F,90000000,0,90,1,1,0,0,38940
F,90000001,1,0,1,0,0,0,38940
F,90000200,0,0,0,0,0,0,38940
F,90000201,1,0,0,0,0,0,38940
F,90000400,0,90,1,1,0,0,38940
F,90000401,1,0,1,0,0,0,38940
F,90000800,0,0,0,0,0,0,38940
F,90001000,0,0,0,0,0,0,38940
F,90001200,0,0,0,0,0,0,38940
F,90001201,1,0,0,0,0,0,38940
F,90001600,0,0,0,0,0,0,38940
F,90000000,0,90,1,1,0,0,39000
F,90000001,1,0,1,0,0,0,39000
F,90000200,0,0,0,0,0,0,39000
F,90000201,1,0,0,0,0,0,39000
F,90000400,0,90,1,1,0,0,39000
F,90000401,1,0,1,0,0,0,39000
F,90000800,0,0,0,0,0,0,39000
F,90001000,0,0,0,0,0,0,39000
F,90001200,0,0,0,0,0,0,39000
F,90001201,1,0,0,0,0,0,39000
F,90001600,0,0,0,0,0,0,39000
F,90000000,0,90,1,1,0,0,39060
F,90000001,1,0,1,0,0,0,39060
F,90000200,0,0,0,0,0,0,39060
F,90000201,1,0,0,0,0,0,39060
F,90000400,0,90,1,1,0,0,39060
F,90000401,1,0,1,0,0,0,39060
F,90000800,0,0,0,0,0,0,39060
F,90001000,0,0,0,0,0,0,39060
F,90001200,0,0,0,0,0,0,39060
F,90001201,1,0,0,0,0,0,39060
F,90001600,0,0,0,0,0,0,39060
F,90000000,0,90,1,1,0,0,39120
F,90000001,1,0,1,0,0,0,39120
F,90000200,0,0,0,0,0,0,39120
F,90000201,1,0,0,0,0,0,39120
F,90000400,0,90,1,1,0,0,39120
F,90000401,1,0,1,0,0,0,39120
F,90000800,0,0,0,0,0,0,39120
F,90001000,0,0,0,0,0,0,39120
F,90001200,0,0,0,0,0,0,39120
F,90001201,1,0,0,0,0,0,39120
F,90001600,0,0,0,0,0,0,39120
F,90000000,0,90,1,1,0,0,39180
F,90000001,1,0,1,0,0,0,39180
F,90000200,0,0,0,0,0,0,39180
F,90000201,1,0,0,0,0,0,39180
F,90000400,0,90,1,1,0,0,39180
F,90000401,1,0,1,0,0,0,39180
F,90000800,0,0,0,0,0,0,39180
F,90001000,0,0,0,0,0,0,39180
F,90001200,0,0,0,0,0,0,39180
F,90001201,1,0,0,0,0,0,39180
F,90001600,0,0,0,0,0,0,39180
F,90000000,0,90,1,1,0,0,39240
F,90000001,1,0,1,0,0,0,39240
F,90000200,0,0,0,0,0,0,39240
F,90000201,1,0,0,0,0,0,39240
F,90000400,0,90,1,1,0,0,39240
F,90000401,1,0,1,0,0,0,39240
F,90000800,0,0,0,0,0,0,39240
F,90001000,0,0,0,0,0,0,39240
F,90001200,0,0,0,0,0,0,39240
F,90001201,1,0,0,0,0,0,39240
F,90001600,0,0,0,0,0,0,39240
F,90000000,0,90,1,1,0,0,39300
F,90000001,1,0,1,0,0,0,39300
F,90000200,0,0,0,0,0,0,39300
F,90000201,1,0,0,0,0,0,39300
F,90000400,0,90,1,1,0,0,39300
F,90000401,1,0,1,0,0,0,39300
F,90000800,0,0,0,0,0,0,39300
F,90001000,0,0,0,0,0,0,39300
F,90001200,0,0,0,0,0,0,39300
F,90001201,1,0,0,0,0,0,39300
F,90001600,0,0,0,0,0,0,39300
F,90000000,0,90,1,1,0,0,39360
F,90000001,1,0,1,0,0,0,39360
F,90000200,0,0,0,0,0,0,39360
F,90000201,1,0,0,0,0,0,39360
F,90000400,0,90,1,1,0,0,39360
F,90000401,1,0,1,0,0,0,39360
F,90000800,0,0,0,0,0,0,39360
F,90001000,0,0,0,0,0,0,39360
F,90001200,0,0,0,0,0,0,39360
F,90001201,1,0,0,0,0,0,39360
F,90001600,0,0,0,0,0,0,39360
F,90000000,0,90,1,1,0,0,39420
F,90000001,1,0,1,0,0,0,39420
F,90000200,0,0,0,0,0,0,39420
F,90000201,1,0,0,0,0,0,39420
F,90000400,0,90,1,1,0,0,39420
F,90000401,1,0,1,0,0,0,39420
F,90000800,0,0,0,0,0,0,39420
F,90001000,0,0,0,0,0,0,39420
F,90001200,0,0,0,0,0,0,39420
F,90001201,1,0,0,0,0,0,39420
F,90001600,0,0,0,0,0,0,39420
F,90000000,0,90,1,1,0,0,39480
F,90000001,1,0,1,0,0,0,39480
F,90000200,0,0,0,0,0,0,39480
F,90000201,1,0,0,0,0,0,39480
F,90000400,0,90,1,1,0,0,39480
F,90000401,1,0,1,0,0,0,39480
F,90000800,0,0,0,0,0,0,39480
F,90001000,0,0,0,0,0,0,39480
F,90001200,0,0,0,0,0,0,39480
F,90001201,1,0,0,0,0,0,39480
F,90001600,0,0,0,0,0,0,39480
F,90000000,0,90,1,1,0,0,39540
F,90000001,1,0,1,0,0,0,39540
F,90000200,0,0,0,0,0,0,39540
F,90000201,1,0,0,0,0,0,39540
F,90000400,0,90,1,1,0,0,39540
F,90000401,1,0,1,0,0,0,39540
F,90000800,0,0,0,0,0,0,39540
F,90001000,0,0,0,0,0,0,39540
F,90001200,0,0,0,0,0,0,39540
F,90001201,1,0,0,0,0,0,39540
F,90001600,0,0,0,0,0,0,39540
F,90000000,0,90,1,1,0,0,39600
F,90000001,1,0,1,0,0,0,39600
F,90000200,0,0,0,0,0,0,39600
F,90000201,1,0,0,0,0,0,39600
F,90000400,0,90,1,1,0,0,39600
F,90000401,1,0,1,0,0,0,39600
F,90000800,0,0,0,0,0,0,39600
F,90001000,0,0,0,0,0,0,39600
F,90001200,0,0,0,0,0,0,39600
F,90001201,1,0,0,0,0,0,39600
F,90001600,0,0,0,0,0,0,39600
F,90000000,0,90,1,1,0,0,39660
F,90000001,1,0,1,0,0,0,39660
F,90000200,0,0,0,0,0,0,39660
F,90000201,1,0,0,0,0,0,39660
F,90000400,0,90,1,1,0,0,39660
F,90000401,1,0,1,0,0,0,39660
F,90000800,0,0,0,0,0,0,39660
F,90001000,0,0,0,0,0,0,39660
F,90001200,0,0,0,0,0,0,39660
F,90001201,1,0,0,0,0,0,39660
F,90001600,0,0,0,0,0,0,39660
F,90000000,0,90,1,1,0,0,39720
F,90000001,1,0,1,0,0,0,39720
F,90000200,0,0,0,0,0,0,39720
F,90000201,1,0,0,0,0,0,39720
F,90000400,0,90,1,1,0,0,39720
F,90000401,1,0,1,0,0,0,39720
F,90000800,0,0,0,0,0,0,39720
F,90001000,0,0,0,0,0,0,39720
F,90001200,0,0,0,0,0,0,39720
F,90001201,1,0,0,0,0,0,39720
F,90001600,0,0,0,0,0,0,39720
F,90000000,0,90,1,1,0,0,39780
F,90000001,1,0,1,0,0,0,39780
F,90000200,0,0,0,0,0,0,39780
F,90000201,1,0,0,0,0,0,39780
F,90000400,0,90,1,1,0,0,39780
F,90000401,1,0,1,0,0,0,39780
F,90000800,0,0,0,0,0,0,39780
F,90001000,0,0,0,0,0,0,39780
F,90001200,0,0,0,0,0,0,39780
F,90001201,1,0,0,0,0,0,39780
F,90001600,0,0,0,0,0,0,39780
F,90000000,0,90,1,1,0,0,39840
F,90000001,1,0,1,0,0,0,39840
F,90000200,0,0,0,0,0,0,39840
F,90000201,1,0,0,0,0,0,39840
F,90000400,0,90,1,1,0,0,39840
F,90000401,1,0,1,0,0,0,39840
F,90000800,0,0,0,0,0,0,39840
F,90001000,0,0,0,0,0,0,39840
F,90001200,0,0,0,0,0,0,39840
F,90001201,1,0,0,0,0,0,39840
F,90001600,0,0,0,0,0,0,39840
F,90000000,0,90,1,1,0,0,39900
F,90000001,1,0,1,0,0,0,39900
F,90000200,0,0,0,0,0,0,39900
F,90000201,1,0,0,0,0,0,39900
F,90000400,0,90,1,1,0,0,39900
F,90000401,1,0,1,0,0,0,39900
F,90000800,0,0,0,0,0,0,39900
F,90001000,0,0,0,0,0,0,39900
F,90001200,0,0,0,0,0,0,39900
F,90001201,1,0,0,0,0,0,39900
F,90001600,0,0,0,0,0,0,39900
F,90000000,0,90,2,1,0,0,39960
F,90000001,1,90,2,1,0,0,39960
F,90000200,0,0,0,0,0,0,39960
F,90000201,1,0,0,0,0,0,39960
F,90000400,0,90,1,1,0,0,39960
F,90000401,1,0,1,0,0,0,39960
F,90000800,0,0,0,0,0,0,39960
F,90001000,0,0,0,0,0,0,39960
F,90001200,0,0,0,0,0,0,39960
F,90001201,1,0,0,0,0,0,39960
F,90001600,0,0,0,0,0,0,39960
F,90000000,0,0,1,0,0,0,40020
F,90000001,1,90,1,1,0,0,40020
F,90000200,0,0,0,0,0,0,40020
F,90000201,1,0,0,0,0,0,40020
F,90000400,0,0,0,0,0,0,40020
F,90000401,1,0,0,0,0,0,40020
F,90000800,0,0,0,0,0,0,40020
F,90001000,0,0,0,0,0,0,40020
F,90001200,0,0,0,0,0,0,40020
F,90001201,1,0,0,0,0,0,40020
F,90001600,0,0,0,0,0,0,40020
F,90000000,0,0,1,0,0,0,40080
F,90000001,1,90,1,1,0,0,40080
F,90000200,0,0,0,0,0,0,40080
F,90000201,1,0,0,0,0,0,40080
F,90000400,0,0,0,0,0,0,40080
F,90000401,1,0,0,0,0,0,40080
F,90000800,0,0,0,0,0,0,40080
F,90001000,0,0,0,0,0,0,40080
F,90001200,0,0,0,0,0,0,40080
F,90001201,1,0,0,0,0,0,40080
F,90001600,0,0,0,0,0,0,40080
F,90000000,0,0,1,0,0,0,40140
F,90000001,1,90,1,1,0,0,40140
F,90000200,0,0,0,0,0,0,40140
F,90000201,1,0,0,0,0,0,40140
F,90000400,0,0,0,0,0,0,40140
F,90000401,1,0,0,0,0,0,40140
F,90000800,0,0,0,0,0,0,40140
F,90001000,0,0,0,0,0,0,40140
F,90001200,0,0,0,0,0,0,40140
F,90001201,1,0,0,0,0,0,40140
F,90001600,0,0,0,0,0,0,40140
F,90000000,0,0,1,0,0,0,40200
F,90000001,1,90,1,1,0,0,40200
F,90000200,0,0,0,0,0,0,40200
F,90000201,1,0,0,0,0,0,40200
F,90000400,0,0,0,0,0,0,40200
F,90000401,1,0,0,0,0,0,40200
F,90000800,0,0,0,0,0,0,40200
F,90001000,0,0,0,0,0,0,40200
F,90001200,0,0,0,0,0,0,40200
F,90001201,1,0,0,0,0,0,40200
F,90001600,0,0,0,0,0,0,40200
F,90000000,0,0,1,0,0,0,40260
F,90000001,1,90,1,1,0,0,40260
F,90000200,0,0,0,0,0,0,40260
F,90000201,1,0,0,0,0,0,40260
F,90000400,0,0,0,0,0,0,40260
F,90000401,1,0,0,0,0,0,40260
F,90000800,0,0,0,0,0,0,40260
F,90001000,0,0,0,0,0,0,40260
F,90001200,0,0,0,0,0,0,40260
F,90001201,1,0,0,0,0,0,40260
F,90001600,0,0,0,0,0,0,40260
F,90000000,0,0,1,0,0,0,40320
F,90000001,1,90,1,1,0,0,40320
F,90000200,0,0,0,0,0,0,40320
F,90000201,1,0,0,0,0,0,40320
F,90000400,0,0,0,0,0,0,40320
F,90000401,1,0,0,0,0,0,40320
F,90000800,0,0,0,0,0,0,40320
F,90001000,0,0,0,0,0,0,40320
F,90001200,0,0,0,0,0,0,40320
F,90001201,1,0,0,0,0,0,40320
F,90001600,0,0,0,0,0,0,40320
F,90000000,0,0,1,0,0,0,40380
F,90000001,1,90,1,1,0,0,40380
F,90000200,0,90,1,1,0,0,40380
F,90000201,1,0,1,0,0,0,40380
F,90000400,0,0,0,0,0,0,40380
F,90000401,1,0,0,0,0,0,40380
F,90000800,0,0,0,0,0,0,40380
F,90001000,0,0,0,0,0,0,40380
F,90001200,0,0,0,0,0,0,40380
F,90001201,1,0,0,0,0,0,40380
F,90001600,0,0,0,0,0,0,40380
F,90000000,0,0,1,0,0,0,40440
F,90000001,1,90,1,1,0,0,40440
F,90000200,0,90,1,1,0,0,40440
F,90000201,1,0,1,0,0,0,40440
F,90000400,0,0,0,0,0,0,40440
F,90000401,1,0,0,0,0,0,40440
F,90000800,0,0,0,0,0,0,40440
F,90001000,0,0,0,0,0,0,40440
F,90001200,0,0,0,0,0,0,40440
F,90001201,1,0,0,0,0,0,40440
F,90001600,0,0,0,0,0,0,40440
F,90000000,0,0,1,0,0,0,40500
F,90000001,1,90,1,1,0,0,40500
F,90000200,0,90,1,1,0,0,40500
F,90000201,1,0,1,0,0,0,40500
F,90000400,0,0,0,0,0,0,40500
F,90000401,1,0,0,0,0,0,40500
F,90000800,0,0,0,0,0,0,40500
F,90001000,0,0,0,0,0,0,40500
F,90001200,0,0,0,0,0,0,40500
F,90001201,1,0,0,0,0,0,40500
F,90001600,0,0,0,0,0,0,40500
F,90000000,0,0,1,0,0,0,40560
F,90000001,1,90,1,1,0,0,40560
F,90000200,0,90,1,1,0,0,40560
F,90000201,1,0,1,0,0,0,40560
F,90000400,0,0,0,0,0,0,40560
F,90000401,1,0,0,0,0,0,40560
F,90000800,0,0,0,0,0,0,40560
F,90001000,0,0,0,0,0,0,40560
F,90001200,0,0,0,0,0,0,40560
F,90001201,1,0,0,0,0,0,40560
F,90001600,0,0,0,0,0,0,40560
F,90000000,0,0,1,0,0,0,40620
F,90000001,1,90,1,1,0,0,40620
F,90000200,0,90,1,1,0,0,40620
F,90000201,1,0,1,0,0,0,40620
F,90000400,0,0,0,0,0,0,40620
F,90000401,1,0,0,0,0,0,40620
F,90000800,0,0,0,0,0,0,40620
F,90001000,0,0,0,0,0,0,40620
F,90001200,0,0,0,0,0,0,40620
F,90001201,1,0,0,0,0,0,40620
F,90001600,0,0,0,0,0,0,40620
F,90000000,0,0,1,0,0,0,40680
F,90000001,1,90,1,1,0,0,40680
F,90000200,0,90,1,1,0,0,40680
F,90000201,1,0,1,0,0,0,40680
F,90000400,0,0,0,0,0,0,40680
F,90000401,1,0,0,0,0,0,40680
F,90000800,0,0,0,0,0,0,40680
F,90001000,0,0,0,0,0,0,40680
F,90001200,0,0,0,0,0,0,40680
F,90001201,1,0,0,0,0,0,40680
F,90001600,0,0,0,0,0,0,40680
F,90000000,0,0,1,0,0,0,40740
F,90000001,1,90,1,1,0,0,40740
F,90000200,0,90,1,1,0,0,40740
F,90000201,1,0,1,0,0,0,40740
F,90000400,0,0,0,0,0,0,40740
F,90000401,1,0,0,0,0,0,40740
F,90000800,0,0,0,0,0,0,40740
F,90001000,0,0,0,0,0,0,40740
F,90001200,0,0,0,0,0,0,40740
F,90001201,1,0,0,0,0,0,40740
F,90001600,0,0,0,0,0,0,40740
F,90000000,0,0,1,0,0,0,40800
F,90000001,1,90,1,1,0,0,40800
F,90000200,0,90,1,1,0,0,40800
F,90000201,1,0,1,0,0,0,40800
F,90000400,0,0,0,0,0,0,40800
F,90000401,1,0,0,0,0,0,40800
F,90000800,0,0,0,0,0,0,40800
F,90001000,0,0,0,0,0,0,40800
F,90001200,0,0,0,0,0,0,40800
F,90001201,1,0,0,0,0,0,40800
F,90001600,0,0,0,0,0,0,40800
F,90000000,0,0,1,0,0,0,40860
F,90000001,1,90,1,1,0,0,40860
F,90000200,0,90,1,1,0,0,40860
F,90000201,1,0,1,0,0,0,40860
F,90000400,0,0,0,0,0,0,40860
F,90000401,1,0,0,0,0,0,40860
F,90000800,0,0,0,0,0,0,40860
F,90001000,0,0,0,0,0,0,40860
F,90001200,0,0,0,0,0,0,40860
F,90001201,1,0,0,0,0,0,40860
F,90001600,0,0,0,0,0,0,40860
F,90000000,0,0,1,0,0,0,40920
F,90000001,1,90,1,1,0,0,40920
F,90000200,0,90,1,1,0,0,40920
F,90000201,1,0,1,0,0,0,40920
F,90000400,0,0,0,0,0,0,40920
F,90000401,1,0,0,0,0,0,40920
F,90000800,0,0,0,0,0,0,40920
F,90001000,0,0,0,0,0,0,40920
F,90001200,0,0,0,0,0,0,40920
F,90001201,1,0,0,0,0,0,40920
F,90001600,0,0,0,0,0,0,40920
F,90000000,0,90,2,1,0,0,40980
F,90000001,1,90,2,1,0,0,40980
F,90000200,0,90,1,1,0,0,40980
F,90000201,1,0,1,0,0,0,40980
F,90000400,0,0,0,0,0,0,40980
F,90000401,1,0,0,0,0,0,40980
F,90000800,0,0,0,0,0,0,40980
F,90001000,0,0,0,0,0,0,40980
F,90001200,0,0,0,0,0,0,40980
F,90001201,1,0,0,0,0,0,40980
F,90001600,0,0,0,0,0,0,40980
F,90000000,0,90,2,1,0,0,41040
F,90000001,1,90,2,1,0,0,41040
F,90000200,0,90,1,1,0,0,41040
F,90000201,1,0,1,0,0,0,41040
F,90000400,0,0,0,0,0,0,41040
F,90000401,1,0,0,0,0,0,41040
F,90000800,0,0,0,0,0,0,41040
F,90001000,0,0,0,0,0,0,41040
F,90001200,0,0,0,0,0,0,41040
F,90001201,1,0,0,0,0,0,41040
F,90001600,0,0,0,0,0,0,41040
F,90000000,0,90,2,1,0,0,41100
F,90000001,1,90,2,1,0,0,41100
F,90000200,0,90,1,1,0,0,41100
F,90000201,1,0,1,0,0,0,41100
F,90000400,0,0,0,0,0,0,41100
F,90000401,1,0,0,0,0,0,41100
F,90000800,0,0,0,0,0,0,41100
F,90001000,0,0,0,0,0,0,41100
F,90001200,0,0,0,0,0,0,41100
F,90001201,1,0,0,0,0,0,41100
F,90001600,0,0,0,0,0,0,41100
F,90000000,0,90,2,1,0,0,41160
F,90000001,1,90,2,1,0,0,41160
F,90000200,0,90,1,1,0,0,41160
F,90000201,1,0,1,0,0,0,41160
F,90000400,0,0,0,0,0,0,41160
F,90000401,1,0,0,0,0,0,41160
F,90000800,0,0,0,0,0,0,41160
F,90001000,0,0,0,0,0,0,41160
F,90001200,0,0,0,0,0,0,41160
F,90001201,1,0,0,0,0,0,41160
F,90001600,0,0,0,0,0,0,41160
F,90000000,0,90,2,1,0,0,41220
F,90000001,1,90,2,1,0,0,41220
F,90000200,0,90,1,1,0,0,41220
F,90000201,1,0,1,0,0,0,41220
F,90000400,0,0,0,0,0,0,41220
F,90000401,1,0,0,0,0,0,41220
F,90000800,0,0,0,0,0,0,41220
F,90001000,0,0,0,0,0,0,41220
F,90001200,0,0,0,0,0,0,41220
F,90001201,1,0,0,0,0,0,41220
F,90001600,0,0,0,0,0,0,41220
F,90000000,0,90,2,1,0,0,41280
F,90000001,1,90,2,1,0,0,41280
F,90000200,0,90,1,1,0,0,41280
F,90000201,1,0,1,0,0,0,41280
F,90000400,0,0,0,0,0,0,41280
F,90000401,1,0,0,0,0,0,41280
F,90000800,0,0,0,0,0,0,41280
F,90001000,0,0,0,0,0,0,41280
F,90001200,0,0,0,0,0,0,41280
F,90001201,1,0,0,0,0,0,41280
F,90001600,0,0,0,0,0,0,41280
F,90000000,0,90,2,1,0,0,41340
F,90000001,1,90,2,1,0,0,41340
F,90000200,0,90,1,1,0,0,41340
F,90000201,1,0,1,0,0,0,41340
F,90000400,0,0,0,0,0,0,41340
F,90000401,1,0,0,0,0,0,41340
F,90000800,0,0,0,0,0,0,41340
F,90001000,0,0,0,0,0,0,41340
F,90001200,0,0,0,0,0,0,41340
F,90001201,1,0,0,0,0,0,41340
F,90001600,0,0,0,0,0,0,41340
F,90000000,0,90,1,1,0,0,41400
F,90000001,1,0,1,0,0,0,41400
F,90000200,0,90,1,1,0,0,41400
F,90000201,1,0,1,0,0,0,41400
F,90000400,0,0,0,0,0,0,41400
F,90000401,1,0,0,0,0,0,41400
F,90000800,0,0,0,0,0,0,41400
F,90001000,0,0,0,0,0,0,41400
F,90001200,0,0,0,0,0,0,41400
F,90001201,1,0,0,0,0,0,41400
F,90001600,0,0,0,0,0,0,41400
F,90000000,0,90,1,1,0,0,41460
F,90000001,1,0,1,0,0,0,41460
F,90000200,0,90,1,1,0,0,41460
F,90000201,1,0,1,0,0,0,41460
F,90000400,0,0,0,0,0,0,41460
F,90000401,1,0,0,0,0,0,41460
F,90000800,0,0,0,0,0,0,41460
F,90001000,0,0,0,0,0,0,41460
F,90001200,0,0,0,0,0,0,41460
F,90001201,1,0,0,0,0,0,41460
F,90001600,0,0,0,0,0,0,41460
F,90000000,0,90,1,1,0,0,41520
F,90000001,1,0,1,0,0,0,41520
F,90000200,0,90,1,1,0,0,41520
F,90000201,1,0,1,0,0,0,41520
F,90000400,0,0,0,0,0,0,41520
F,90000401,1,0,0,0,0,0,41520
F,90000800,0,0,0,0,0,0,41520
F,90001000,0,0,0,0,0,0,41520
F,90001200,0,0,0,0,0,0,41520
F,90001201,1,0,0,0,0,0,41520
F,90001600,0,0,0,0,0,0,41520
F,90000000,0,90,1,1,0,0,41580
F,90000001,1,0,1,0,0,0,41580
F,90000200,0,90,1,1,0,0,41580
F,90000201,1,0,1,0,0,0,41580
F,90000400,0,0,0,0,0,0,41580
F,90000401,1,0,0,0,0,0,41580
F,90000800,0,0,0,0,0,0,41580
F,90001000,0,0,0,0,0,0,41580
F,90001200,0,0,0,0,0,0,41580
F,90001201,1,0,0,0,0,0,41580
F,90001600,0,0,0,0,0,0,41580
F,90000000,0,90,1,1,0,0,41640
F,90000001,1,0,1,0,0,0,41640
F,90000200,0,90,1,1,0,0,41640
F,90000201,1,0,1,0,0,0,41640
F,90000400,0,0,0,0,0,0,41640
F,90000401,1,0,0,0,0,0,41640
F,90000800,0,0,0,0,0,0,41640
F,90001000,0,0,0,0,0,0,41640
F,90001200,0,0,0,0,0,0,41640
F,90001201,1,0,0,0,0,0,41640
F,90001600,0,0,0,0,0,0,41640
F,90000000,0,90,1,1,0,0,41700
F,90000001,1,0,1,0,0,0,41700
F,90000200,0,90,1,1,0,0,41700
F,90000201,1,0,1,0,0,0,41700
F,90000400,0,0,0,0,0,0,41700
F,90000401,1,0,0,0,0,0,41700
F,90000800,0,0,0,0,0,0,41700
F,90001000,0,0,0,0,0,0,41700
F,90001200,0,0,0,0,0,0,41700
F,90001201,1,0,0,0,0,0,41700
F,90001600,0,0,0,0,0,0,41700
F,90000000,0,90,1,1,0,0,41760
F,90000001,1,0,1,0,0,0,41760
F,90000200,0,90,1,1,0,0,41760
F,90000201,1,0,1,0,0,0,41760
F,90000400,0,0,0,0,0,0,41760
F,90000401,1,0,0,0,0,0,41760
F,90000800,0,0,0,0,0,0,41760
F,90001000,0,0,0,0,0,0,41760
F,90001200,0,0,0,0,0,0,41760
F,90001201,1,0,0,0,0,0,41760
F,90001600,0,0,0,0,0,0,41760
F,90000000,0,90,1,1,0,0,41820
F,90000001,1,0,1,0,0,0,41820
F,90000200,0,0,0,0,0,0,41820
F,90000201,1,0,0,0,0,0,41820
F,90000400,0,0,0,0,0,0,41820
F,90000401,1,0,0,0,0,0,41820
F,90000800,0,0,0,0,0,0,41820
F,90001000,0,0,0,0,0,0,41820
F,90001200,0,0,0,0,0,0,41820
F,90001201,1,0,0,0,0,0,41820
F,90001600,0,0,0,0,0,0,41820
F,90000000,0,90,1,1,0,0,41880
F,90000001,1,0,1,0,0,0,41880
F,90000200,0,0,0,0,0,0,41880
F,90000201,1,0,0,0,0,0,41880
F,90000400,0,0,0,0,0,0,41880
F,90000401,1,0,0,0,0,0,41880
F,90000800,0,0,0,0,0,0,41880
F,90001000,0,0,0,0,0,0,41880
F,90001200,0,0,0,0,0,0,41880
F,90001201,1,0,0,0,0,0,41880
F,90001600,0,0,0,0,0,0,41880
F,90000000,0,90,1,1,0,0,41940
F,90000001,1,0,1,0,0,0,41940
F,90000200,0,0,0,0,0,0,41940
F,90000201,1,0,0,0,0,0,41940
F,90000400,0,0,0,0,0,0,41940
F,90000401,1,0,0,0,0,0,41940
F,90000800,0,0,0,0,0,0,41940
F,90001000,0,0,0,0,0,0,41940
F,90001200,0,0,0,0,0,0,41940
F,90001201,1,0,0,0,0,0,41940
F,90001600,0,0,0,0,0,0,41940
F,90000000,0,90,1,1,0,0,42000
F,90000001,1,0,1,0,0,0,42000
F,90000200,0,0,0,0,0,0,42000
F,90000201,1,0,0,0,0,0,42000
F,90000400,0,0,0,0,0,0,42000
F,90000401,1,0,0,0,0,0,42000
F,90000800,0,0,0,0,0,0,42000
F,90001000,0,0,0,0,0,0,42000
F,90001200,0,0,0,0,0,0,42000
F,90001201,1,0,0,0,0,0,42000
F,90001600,0,0,0,0,0,0,42000
F,90000000,0,90,1,1,0,0,42060
F,90000001,1,0,1,0,0,0,42060
F,90000200,0,0,0,0,0,0,42060
F,90000201,1,0,0,0,0,0,42060
F,90000400,0,0,0,0,0,0,42060
F,90000401,1,0,0,0,0,0,42060
F,90000800,0,0,0,0,0,0,42060
F,90001000,0,0,0,0,0,0,42060
F,90001200,0,0,0,0,0,0,42060
F,90001201,1,0,0,0,0,0,42060
F,90001600,0,0,0,0,0,0,42060
F,90000000,0,90,1,1,0,0,42120
F,90000001,1,0,1,0,0,0,42120
F,90000200,0,0,0,0,0,0,42120
F,90000201,1,0,0,0,0,0,42120
F,90000400,0,0,0,0,0,0,42120
F,90000401,1,0,0,0,0,0,42120
F,90000800,0,0,0,0,0,0,42120
F,90001000,0,0,0,0,0,0,42120
F,90001200,0,0,0,0,0,0,42120
F,90001201,1,0,0,0,0,0,42120
F,90001600,0,0,0,0,0,0,42120
F,90000000,0,90,1,1,0,0,42180
F,90000001,1,0,1,0,0,0,42180
F,90000200,0,0,0,0,0,0,42180
F,90000201,1,0,0,0,0,0,42180
F,90000400,0,0,0,0,0,0,42180
F,90000401,1,0,0,0,0,0,42180
F,90000800,0,0,0,0,0,0,42180
F,90001000,0,0,0,0,0,0,42180
F,90001200,0,0,0,0,0,0,42180
F,90001201,1,0,0,0,0,0,42180
F,90001600,0,0,0,0,0,0,42180
F,90000000,0,90,1,1,0,0,42240
F,90000001,1,0,1,0,0,0,42240
F,90000200,0,0,0,0,0,0,42240
F,90000201,1,0,0,0,0,0,42240
F,90000400,0,0,0,0,0,0,42240
F,90000401,1,0,0,0,0,0,42240
F,90000800,0,0,0,0,0,0,42240
F,90001000,0,0,0,0,0,0,42240
F,90001200,0,0,0,0,0,0,42240
F,90001201,1,0,0,0,0,0,42240
F,90001600,0,0,0,0,0,0,42240
F,90000000,0,90,1,1,0,0,42300
F,90000001,1,0,1,0,0,0,42300
F,90000200,0,0,0,0,0,0,42300
F,90000201,1,0,0,0,0,0,42300
F,90000400,0,0,0,0,0,0,42300
F,90000401,1,0,0,0,0,0,42300
F,90000800,0,0,0,0,0,0,42300
F,90001000,0,0,0,0,0,0,42300
F,90001200,0,0,0,0,0,0,42300
F,90001201,1,0,0,0,0,0,42300
F,90001600,0,0,0,0,0,0,42300
F,90000000,0,90,1,1,0,0,42360
F,90000001,1,0,1,0,0,0,42360
F,90000200,0,0,0,0,0,0,42360
F,90000201,1,0,0,0,0,0,42360
F,90000400,0,0,0,0,0,0,42360
F,90000401,1,0,0,0,0,0,42360
F,90000800,0,0,0,0,0,0,42360
F,90001000,0,0,0,0,0,0,42360
F,90001200,0,0,0,0,0,0,42360
F,90001201,1,0,0,0,0,0,42360
F,90001600,0,0,0,0,0,0,42360
F,90000000,0,0,0,0,0,0,42420
F,90000001,1,0,0,0,0,0,42420
F,90000200,0,0,0,0,0,0,42420
F,90000201,1,0,0,0,0,0,42420
F,90000400,0,0,0,0,0,0,42420
F,90000401,1,0,0,0,0,0,42420
F,90000800,0,0,0,0,0,0,42420
F,90001000,0,0,0,0,0,0,42420
F,90001200,0,0,0,0,0,0,42420
F,90001201,1,0,0,0,0,0,42420
F,90001600,0,0,0,0,0,0,42420
F,90000000,0,0,0,0,0,0,42480
F,90000001,1,0,0,0,0,0,42480
F,90000200,0,0,0,0,0,0,42480
F,90000201,1,0,0,0,0,0,42480
F,90000400,0,0,0,0,0,0,42480
F,90000401,1,0,0,0,0,0,42480
F,90000800,0,0,0,0,0,0,42480
F,90001000,0,0,0,0,0,0,42480
F,90001200,0,0,0,0,0,0,42480
F,90001201,1,0,0,0,0,0,42480
F,90001600,0,0,0,0,0,0,42480
F,90000000,0,0,0,0,0,0,42540
F,90000001,1,0,0,0,0,0,42540
F,90000200,0,0,0,0,0,0,42540
F,90000201,1,0,0,0,0,0,42540
F,90000400,0,0,0,0,0,0,42540
F,90000401,1,0,0,0,0,0,42540
F,90000800,0,0,0,0,0,0,42540
F,90001000,0,0,0,0,0,0,42540
F,90001200,0,0,0,0,0,0,42540
F,90001201,1,0,0,0,0,0,42540
F,90001600,0,0,0,0,0,0,42540
F,90000000,0,0,0,0,0,0,42600
F,90000001,1,0,0,0,0,0,42600
F,90000200,0,0,0,0,0,0,42600
F,90000201,1,0,0,0,0,0,42600
F,90000400,0,0,0,0,0,0,42600
F,90000401,1,0,0,0,0,0,42600
F,90000800,0,0,0,0,0,0,42600
F,90001000,0,0,0,0,0,0,42600
F,90001200,0,0,0,0,0,0,42600
F,90001201,1,0,0,0,0,0,42600
F,90001600,0,0,0,0,0,0,42600
F,90000000,0,0,0,0,0,0,42660
F,90000001,1,0,0,0,0,0,42660
F,90000200,0,0,0,0,0,0,42660
F,90000201,1,0,0,0,0,0,42660
F,90000400,0,0,0,0,0,0,42660
F,90000401,1,0,0,0,0,0,42660
F,90000800,0,0,0,0,0,0,42660
F,90001000,0,0,0,0,0,0,42660
F,90001200,0,0,0,0,0,0,42660
F,90001201,1,0,0,0,0,0,42660
F,90001600,0,0,0,0,0,0,42660
F,90000000,0,0,0,0,0,0,42720
F,90000001,1,0,0,0,0,0,42720
F,90000200,0,0,0,0,0,0,42720
F,90000201,1,0,0,0,0,0,42720
F,90000400,0,0,0,0,0,0,42720
F,90000401,1,0,0,0,0,0,42720
F,90000800,0,0,0,0,0,0,42720
F,90001000,0,0,0,0,0,0,42720
F,90001200,0,0,0,0,0,0,42720
F,90001201,1,0,0,0,0,0,42720
F,90001600,0,0,0,0,0,0,42720
F,90000000,0,0,0,0,0,0,42780
F,90000001,1,0,0,0,0,0,42780
F,90000200,0,0,0,0,0,0,42780
F,90000201,1,0,0,0,0,0,42780
F,90000400,0,0,0,0,0,0,42780
F,90000401,1,0,0,0,0,0,42780
F,90000800,0,0,0,0,0,0,42780
F,90001000,0,0,0,0,0,0,42780
F,90001200,0,0,0,0,0,0,42780
F,90001201,1,0,0,0,0,0,42780
F,90001600,0,0,0,0,0,0,42780
F,90000000,0,0,0,0,0,0,42840
F,90000001,1,0,0,0,0,0,42840
F,90000200,0,0,0,0,0,0,42840
F,90000201,1,0,0,0,0,0,42840
F,90000400,0,0,0,0,0,0,42840
F,90000401,1,0,0,0,0,0,42840
F,90000800,0,0,0,0,0,0,42840
F,90001000,0,0,0,0,0,0,42840
F,90001200,0,0,0,0,0,0,42840
F,90001201,1,0,0,0,0,0,42840
F,90001600,0,0,0,0,0,0,42840
F,90000000,0,0,0,0,0,0,42900
F,90000001,1,0,0,0,0,0,42900
F,90000200,0,0,0,0,0,0,42900
F,90000201,1,0,0,0,0,0,42900
F,90000400,0,0,0,0,0,0,42900
F,90000401,1,0,0,0,0,0,42900
F,90000800,0,0,0,0,0,0,42900
F,90001000,0,0,0,0,0,0,42900
F,90001200,0,0,0,0,0,0,42900
F,90001201,1,0,0,0,0,0,42900
F,90001600,0,0,0,0,0,0,42900
F,90000000,0,0,0,0,0,0,42960
F,90000001,1,0,0,0,0,0,42960
F,90000200,0,0,0,0,0,0,42960
F,90000201,1,0,0,0,0,0,42960
F,90000400,0,0,0,0,0,0,42960
F,90000401,1,0,0,0,0,0,42960
F,90000800,0,0,0,0,0,0,42960
F,90001000,0,0,0,0,0,0,42960
F,90001200,0,0,0,0,0,0,42960
F,90001201,1,0,0,0,0,0,42960
F,90001600,0,0,0,0,0,0,42960
F,90000000,0,0,0,0,0,0,43020
F,90000001,1,0,0,0,0,0,43020
F,90000200,0,0,0,0,0,0,43020
F,90000201,1,0,0,0,0,0,43020
F,90000400,0,0,0,0,0,0,43020
F,90000401,1,0,0,0,0,0,43020
F,90000800,0,0,0,0,0,0,43020
F,90001000,0,0,0,0,0,0,43020
F,90001200,0,0,0,0,0,0,43020
F,90001201,1,0,0,0,0,0,43020
F,90001600,0,0,0,0,0,0,43020
F,90000000,0,0,0,0,0,0,43080
F,90000001,1,0,0,0,0,0,43080
F,90000200,0,0,0,0,0,0,43080
F,90000201,1,0,0,0,0,0,43080
F,90000400,0,0,0,0,0,0,43080
F,90000401,1,0,0,0,0,0,43080
F,90000800,0,0,0,0,0,0,43080
F,90001000,0,0,0,0,0,0,43080
F,90001200,0,0,0,0,0,0,43080
F,90001201,1,0,0,0,0,0,43080
F,90001600,0,0,0,0,0,0,43080
F,90000000,0,0,0,0,0,0,43140
F,90000001,1,0,0,0,0,0,43140
F,90000200,0,0,0,0,0,0,43140
F,90000201,1,0,0,0,0,0,43140
F,90000400,0,0,0,0,0,0,43140
F,90000401,1,0,0,0,0,0,43140
F,90000800,0,0,0,0,0,0,43140
F,90001000,0,0,0,0,0,0,43140
F,90001200,0,0,0,0,0,0,43140
F,90001201,1,0,0,0,0,0,43140
F,90001600,0,0,0,0,0,0,43140
F,90000000,0,0,0,0,0,0,43200
F,90000001,1,0,0,0,0,0,43200
F,90000200,0,0,0,0,0,0,43200
F,90000201,1,0,0,0,0,0,43200
F,90000400,0,0,0,0,0,0,43200
F,90000401,1,0,0,0,0,0,43200
F,90000800,0,0,0,0,0,0,43200
F,90001000,0,0,0,0,0,0,43200
F,90001200,0,0,0,0,0,0,43200
F,90001201,1,0,0,0,0,0,43200
F,90001600,0,0,0,0,0,0,43200
F,90000000,0,0,0,0,0,0,43260
F,90000001,1,0,0,0,0,0,43260
F,90000200,0,0,0,0,0,0,43260
F,90000201,1,0,0,0,0,0,43260
F,90000400,0,0,0,0,0,0,43260
F,90000401,1,0,0,0,0,0,43260
F,90000800,0,0,0,0,0,0,43260
F,90001000,0,0,0,0,0,0,43260
F,90001200,0,0,0,0,0,0,43260
F,90001201,1,0,0,0,0,0,43260
F,90001600,0,0,0,0,0,0,43260
F,90000000,0,0,0,0,0,0,43320
F,90000001,1,0,0,0,0,0,43320
F,90000200,0,0,0,0,0,0,43320
F,90000201,1,0,0,0,0,0,43320
F,90000400,0,0,0,0,0,0,43320
F,90000401,1,0,0,0,0,0,43320
F,90000800,0,0,0,0,0,0,43320
F,90001000,0,0,0,0,0,0,43320
F,90001200,0,0,0,0,0,0,43320
F,90001201,1,0,0,0,0,0,43320
F,90001600,0,0,0,0,0,0,43320
F,90000000,0,90,1,1,0,0,43380
F,90000001,1,0,1,0,0,0,43380
F,90000200,0,0,0,0,0,0,43380
F,90000201,1,0,0,0,0,0,43380
F,90000400,0,0,0,0,0,0,43380
F,90000401,1,0,0,0,0,0,43380
F,90000800,0,0,0,0,0,0,43380
F,90001000,0,0,0,0,0,0,43380
F,90001200,0,0,0,0,0,0,43380
F,90001201,1,0,0,0,0,0,43380
F,90001600,0,0,0,0,0,0,43380
F,90000000,0,90,1,1,0,0,43440
F,90000001,1,0,1,0,0,0,43440
F,90000200,0,0,0,0,0,0,43440
F,90000201,1,0,0,0,0,0,43440
F,90000400,0,0,0,0,0,0,43440
F,90000401,1,0,0,0,0,0,43440
F,90000800,0,0,0,0,0,0,43440
F,90001000,0,0,0,0,0,0,43440
F,90001200,0,0,0,0,0,0,43440
F,90001201,1,0,0,0,0,0,43440
F,90001600,0,0,0,0,0,0,43440
F,90000000,0,90,1,1,0,0,43500
F,90000001,1,0,1,0,0,0,43500
F,90000200,0,0,0,0,0,0,43500
F,90000201,1,0,0,0,0,0,43500
F,90000400,0,0,0,0,0,0,43500
F,90000401,1,0,0,0,0,0,43500
F,90000800,0,0,0,0,0,0,43500
F,90001000,0,0,0,0,0,0,43500
F,90001200,0,0,0,0,0,0,43500
F,90001201,1,0,0,0,0,0,43500
F,90001600,0,0,0,0,0,0,43500
F,90000000,0,90,1,1,0,0,43560
F,90000001,1,0,1,0,0,0,43560
F,90000200,0,0,0,0,0,0,43560
F,90000201,1,0,0,0,0,0,43560
F,90000400,0,0,0,0,0,0,43560
F,90000401,1,0,0,0,0,0,43560
F,90000800,0,0,0,0,0,0,43560
F,90001000,0,0,0,0,0,0,43560
F,90001200,0,0,0,0,0,0,43560
F,90001201,1,0,0,0,0,0,43560
F,90001600,0,0,0,0,0,0,43560
F,90000000,0,90,1,1,0,0,43620
F,90000001,1,0,1,0,0,0,43620
F,90000200,0,0,0,0,0,0,43620
F,90000201,1,0,0,0,0,0,43620
F,90000400,0,0,0,0,0,0,43620
F,90000401,1,0,0,0,0,0,43620
F,90000800,0,0,0,0,0,0,43620
F,90001000,0,0,0,0,0,0,43620
F,90001200,0,0,0,0,0,0,43620
F,90001201,1,0,0,0,0,0,43620
F,90001600,0,0,0,0,0,0,43620
F,90000000,0,90,1,1,0,0,43680
F,90000001,1,0,1,0,0,0,43680
F,90000200,0,0,0,0,0,0,43680
F,90000201,1,0,0,0,0,0,43680
F,90000400,0,0,0,0,0,0,43680
F,90000401,1,0,0,0,0,0,43680
F,90000800,0,0,0,0,0,0,43680
F,90001000,0,0,0,0,0,0,43680
F,90001200,0,0,0,0,0,0,43680
F,90001201,1,0,0,0,0,0,43680
F,90001600,0,0,0,0,0,0,43680
F,90000000,0,90,1,1,0,0,43740
F,90000001,1,0,1,0,0,0,43740
F,90000200,0,0,0,0,0,0,43740
F,90000201,1,0,0,0,0,0,43740
F,90000400,0,0,0,0,0,0,43740
F,90000401,1,0,0,0,0,0,43740
F,90000800,0,0,0,0,0,0,43740
F,90001000,0,0,0,0,0,0,43740
F,90001200,0,0,0,0,0,0,43740
F,90001201,1,0,0,0,0,0,43740
F,90001600,0,0,0,0,0,0,43740
F,90000000,0,90,1,1,0,0,43800
F,90000001,1,0,1,0,0,0,43800
F,90000200,0,0,0,0,0,0,43800
F,90000201,1,0,0,0,0,0,43800
F,90000400,0,0,0,0,0,0,43800
F,90000401,1,0,0,0,0,0,43800
F,90000800,0,0,0,0,0,0,43800
F,90001000,0,0,0,0,0,0,43800
F,90001200,0,0,0,0,0,0,43800
F,90001201,1,0,0,0,0,0,43800
F,90001600,0,0,0,0,0,0,43800
F,90000000,0,90,1,1,0,0,43860
F,90000001,1,0,1,0,0,0,43860
F,90000200,0,90,1,1,0,0,43860
F,90000201,1,0,1,0,0,0,43860
F,90000400,0,0,0,0,0,0,43860
F,90000401,1,0,0,0,0,0,43860
F,90000800,0,0,0,0,0,0,43860
F,90001000,0,0,0,0,0,0,43860
F,90001200,0,0,0,0,0,0,43860
F,90001201,1,0,0,0,0,0,43860
F,90001600,0,0,0,0,0,0,43860
F,90000000,0,90,1,1,0,0,43920
F,90000001,1,0,1,0,0,0,43920
F,90000200,0,90,1,1,0,0,43920
F,90000201,1,0,1,0,0,0,43920
F,90000400,0,0,0,0,0,0,43920
F,90000401,1,0,0,0,0,0,43920
F,90000800,0,0,0,0,0,0,43920
F,90001000,0,0,0,0,0,0,43920
F,90001200,0,0,0,0,0,0,43920
F,90001201,1,0,0,0,0,0,43920
F,90001600,0,0,0,0,0,0,43920
F,90000000,0,90,1,1,0,0,43980
F,90000001,1,0,1,0,0,0,43980
F,90000200,0,90,1,1,0,0,43980
F,90000201,1,0,1,0,0,0,43980
F,90000400,0,0,0,0,0,0,43980
F,90000401,1,0,0,0,0,0,43980
F,90000800,0,0,0,0,0,0,43980
F,90001000,0,0,0,0,0,0,43980
F,90001200,0,0,0,0,0,0,43980
F,90001201,1,0,0,0,0,0,43980
F,90001600,0,0,0,0,0,0,43980
F,90000000,0,90,1,1,0,0,44040
F,90000001,1,0,1,0,0,0,44040
F,90000200,0,90,1,1,0,0,44040
F,90000201,1,0,1,0,0,0,44040
F,90000400,0,0,0,0,0,0,44040
F,90000401,1,0,0,0,0,0,44040
F,90000800,0,0,0,0,0,0,44040
F,90001000,0,0,0,0,0,0,44040
F,90001200,0,0,0,0,0,0,44040
F,90001201,1,0,0,0,0,0,44040
F,90001600,0,0,0,0,0,0,44040
F,90000000,0,90,1,1,0,0,44100
F,90000001,1,0,1,0,0,0,44100
F,90000200,0,90,1,1,0,0,44100
F,90000201,1,0,1,0,0,0,44100
F,90000400,0,0,0,0,0,0,44100
F,90000401,1,0,0,0,0,0,44100
F,90000800,0,0,0,0,0,0,44100
F,90001000,0,0,0,0,0,0,44100
F,90001200,0,0,0,0,0,0,44100
F,90001201,1,0,0,0,0,0,44100
F,90001600,0,0,0,0,0,0,44100
F,90000000,0,90,1,1,0,0,44160
F,90000001,1,0,1,0,0,0,44160
F,90000200,0,90,1,1,0,0,44160
F,90000201,1,0,1,0,0,0,44160
F,90000400,0,0,0,0,0,0,44160
F,90000401,1,0,0,0,0,0,44160
F,90000800,0,0,0,0,0,0,44160
F,90001000,0,0,0,0,0,0,44160
F,90001200,0,0,0,0,0,0,44160
F,90001201,1,0,0,0,0,0,44160
F,90001600,0,0,0,0,0,0,44160
F,90000000,0,90,1,1,0,0,44220
F,90000001,1,0,1,0,0,0,44220
F,90000200,0,90,1,1,0,0,44220
F,90000201,1,0,1,0,0,0,44220
F,90000400,0,0,0,0,0,0,44220
F,90000401,1,0,0,0,0,0,44220
F,90000800,0,0,0,0,0,0,44220
F,90001000,0,0,0,0,0,0,44220
F,90001200,0,0,0,0,0,0,44220
F,90001201,1,0,0,0,0,0,44220
F,90001600,0,0,0,0,0,0,44220
F,90000000,0,90,1,1,0,0,44280
F,90000001,1,0,1,0,0,0,44280
F,90000200,0,90,1,1,0,0,44280
F,90000201,1,0,1,0,0,0,44280
F,90000400,0,0,0,0,0,0,44280
F,90000401,1,0,0,0,0,0,44280
F,90000800,0,0,0,0,0,0,44280
F,90001000,0,0,0,0,0,0,44280
F,90001200,0,0,0,0,0,0,44280
F,90001201,1,0,0,0,0,0,44280
F,90001600,0,0,0,0,0,0,44280
F,90000000,0,90,1,1,0,0,44340
F,90000001,1,0,1,0,0,0,44340
F,90000200,0,90,1,1,0,0,44340
F,90000201,1,0,1,0,0,0,44340
F,90000400,0,0,0,0,0,0,44340
F,90000401,1,0,0,0,0,0,44340
F,90000800,0,0,0,0,0,0,44340
F,90001000,0,0,0,0,0,0,44340
F,90001200,0,0,0,0,0,0,44340
F,90001201,1,0,0,0,0,0,44340
F,90001600,0,0,0,0,0,0,44340
F,90000000,0,90,1,1,0,0,44400
F,90000001,1,0,1,0,0,0,44400
F,90000200,0,90,1,1,0,0,44400
F,90000201,1,0,1,0,0,0,44400
F,90000400,0,0,0,0,0,0,44400
F,90000401,1,0,0,0,0,0,44400
F,90000800,0,0,0,0,0,0,44400
F,90001000,0,0,0,0,0,0,44400
F,90001200,0,0,0,0,0,0,44400
F,90001201,1,0,0,0,0,0,44400
F,90001600,0,0,0,0,0,0,44400
F,90000000,0,90,1,1,0,0,44460
F,90000001,1,0,1,0,0,0,44460
F,90000200,0,90,1,1,0,0,44460
F,90000201,1,0,1,0,0,0,44460
F,90000400,0,0,0,0,0,0,44460
F,90000401,1,0,0,0,0,0,44460
F,90000800,0,0,0,0,0,0,44460
F,90001000,0,0,0,0,0,0,44460
F,90001200,0,0,0,0,0,0,44460
F,90001201,1,0,0,0,0,0,44460
F,90001600,0,0,0,0,0,0,44460
F,90000000,0,90,1,1,0,0,44520
F,90000001,1,0,1,0,0,0,44520
F,90000200,0,90,1,1,0,0,44520
F,90000201,1,0,1,0,0,0,44520
F,90000400,0,0,0,0,0,0,44520
F,90000401,1,0,0,0,0,0,44520
F,90000800,0,0,0,0,0,0,44520
F,90001000,0,0,0,0,0,0,44520
F,90001200,0,0,0,0,0,0,44520
F,90001201,1,0,0,0,0,0,44520
F,90001600,0,0,0,0,0,0,44520
F,90000000,0,90,2,1,0,0,44580
F,90000001,1,90,2,1,0,0,44580
F,90000200,0,90,1,1,0,0,44580
F,90000201,1,0,1,0,0,0,44580
F,90000400,0,0,0,0,0,0,44580
F,90000401,1,0,0,0,0,0,44580
F,90000800,0,0,0,0,0,0,44580
F,90001000,0,0,0,0,0,0,44580
F,90001200,0,0,0,0,0,0,44580
F,90001201,1,0,0,0,0,0,44580
F,90001600,0,0,0,0,0,0,44580
F,90000000,0,90,2,1,0,0,44640
F,90000001,1,90,2,1,0,0,44640
F,90000200,0,90,1,1,0,0,44640
F,90000201,1,0,1,0,0,0,44640
F,90000400,0,0,0,0,0,0,44640
F,90000401,1,0,0,0,0,0,44640
F,90000800,0,0,0,0,0,0,44640
F,90001000,0,0,0,0,0,0,44640
F,90001200,0,0,0,0,0,0,44640
F,90001201,1,0,0,0,0,0,44640
F,90001600,0,0,0,0,0,0,44640
F,90000000,0,90,2,1,0,0,44700
F,90000001,1,90,2,1,0,0,44700
F,90000200,0,90,1,1,0,0,44700
F,90000201,1,0,1,0,0,0,44700
F,90000400,0,0,0,0,0,0,44700
F,90000401,1,0,0,0,0,0,44700
F,90000800,0,0,0,0,0,0,44700
F,90001000,0,0,0,0,0,0,44700
F,90001200,0,0,0,0,0,0,44700
F,90001201,1,0,0,0,0,0,44700
F,90001600,0,0,0,0,0,0,44700
F,90000000,0,90,2,1,0,0,44760
F,90000001,1,90,2,1,0,0,44760
F,90000200,0,90,1,1,0,0,44760
F,90000201,1,0,1,0,0,0,44760
F,90000400,0,0,0,0,0,0,44760
F,90000401,1,0,0,0,0,0,44760
F,90000800,0,0,0,0,0,0,44760
F,90001000,0,0,0,0,0,0,44760
F,90001200,0,0,0,0,0,0,44760
F,90001201,1,0,0,0,0,0,44760
F,90001600,0,0,0,0,0,0,44760
F,90000000,0,0,1,0,0,0,44820
F,90000001,1,90,1,1,0,0,44820
F,90000200,0,90,1,1,0,0,44820
F,90000201,1,0,1,0,0,0,44820
F,90000400,0,0,0,0,0,0,44820
F,90000401,1,0,0,0,0,0,44820
F,90000800,0,0,0,0,0,0,44820
F,90001000,0,0,0,0,0,0,44820
F,90001200,0,0,0,0,0,0,44820
F,90001201,1,0,0,0,0,0,44820
F,90001600,0,0,0,0,0,0,44820
F,90000000,0,0,1,0,0,0,44880
F,90000001,1,90,1,1,0,0,44880
F,90000200,0,90,1,1,0,0,44880
F,90000201,1,0,1,0,0,0,44880
F,90000400,0,0,0,0,0,0,44880
F,90000401,1,0,0,0,0,0,44880
F,90000800,0,0,0,0,0,0,44880
F,90001000,0,0,0,0,0,0,44880
F,90001200,0,0,0,0,0,0,44880
F,90001201,1,0,0,0,0,0,44880
F,90001600,0,0,0,0,0,0,44880
F,90000000,0,0,1,0,0,0,44940
F,90000001,1,90,1,1,0,0,44940
F,90000200,0,90,1,1,0,0,44940
F,90000201,1,0,1,0,0,0,44940
F,90000400,0,0,0,0,0,0,44940
F,90000401,1,0,0,0,0,0,44940
F,90000800,0,0,0,0,0,0,44940
F,90001000,0,0,0,0,0,0,44940
F,90001200,0,0,0,0,0,0,44940
F,90001201,1,0,0,0,0,0,44940
F,90001600,0,0,0,0,0,0,44940
F,90000000,0,0,1,0,0,0,45000
F,90000001,1,90,1,1,0,0,45000
F,90000200,0,90,1,1,0,0,45000
F,90000201,1,0,1,0,0,0,45000
F,90000400,0,0,0,0,0,0,45000
F,90000401,1,0,0,0,0,0,45000
F,90000800,0,0,0,0,0,0,45000
F,90001000,0,0,0,0,0,0,45000
F,90001200,0,0,0,0,0,0,45000
F,90001201,1,0,0,0,0,0,45000
F,90001600,0,0,0,0,0,0,45000
F,90000000,0,0,1,0,0,0,45060
F,90000001,1,90,1,1,0,0,45060
F,90000200,0,90,1,1,0,0,45060
F,90000201,1,0,1,0,0,0,45060
F,90000400,0,0,0,0,0,0,45060
F,90000401,1,0,0,0,0,0,45060
F,90000800,0,0,0,0,0,0,45060
F,90001000,0,0,0,0,0,0,45060
F,90001200,0,0,0,0,0,0,45060
F,90001201,1,0,0,0,0,0,45060
F,90001600,0,0,0,0,0,0,45060
F,90000000,0,0,1,0,0,0,45120
F,90000001,1,90,1,1,0,0,45120
F,90000200,0,90,1,1,0,0,45120
F,90000201,1,0,1,0,0,0,45120
F,90000400,0,0,0,0,0,0,45120
F,90000401,1,0,0,0,0,0,45120
F,90000800,0,0,0,0,0,0,45120
F,90001000,0,0,0,0,0,0,45120
F,90001200,0,0,0,0,0,0,45120
F,90001201,1,0,0,0,0,0,45120
F,90001600,0,0,0,0,0,0,45120
F,90000000,0,0,1,0,0,0,45180
F,90000001,1,90,1,1,0,0,45180
F,90000200,0,90,1,1,0,0,45180
F,90000201,1,0,1,0,0,0,45180
F,90000400,0,0,0,0,0,0,45180
F,90000401,1,0,0,0,0,0,45180
F,90000800,0,0,0,0,0,0,45180
F,90001000,0,0,0,0,0,0,45180
F,90001200,0,0,0,0,0,0,45180
F,90001201,1,0,0,0,0,0,45180
F,90001600,0,0,0,0,0,0,45180
F,90000000,0,0,1,0,0,0,45240
F,90000001,1,90,1,1,0,0,45240
F,90000200,0,90,1,1,0,0,45240
F,90000201,1,0,1,0,0,0,45240
F,90000400,0,0,0,0,0,0,45240
F,90000401,1,0,0,0,0,0,45240
F,90000800,0,0,0,0,0,0,45240
F,90001000,0,0,0,0,0,0,45240
F,90001200,0,0,0,0,0,0,45240
F,90001201,1,0,0,0,0,0,45240
F,90001600,0,0,0,0,0,0,45240
F,90000000,0,0,1,0,0,0,45300
F,90000001,1,90,1,1,0,0,45300
F,90000200,0,0,0,0,0,0,45300
F,90000201,1,0,0,0,0,0,45300
F,90000400,0,0,0,0,0,0,45300
F,90000401,1,0,0,0,0,0,45300
F,90000800,0,0,0,0,0,0,45300
F,90001000,0,0,0,0,0,0,45300
F,90001200,0,0,0,0,0,0,45300
F,90001201,1,0,0,0,0,0,45300
F,90001600,0,0,0,0,0,0,45300
F,90000000,0,0,1,0,0,0,45360
F,90000001,1,90,1,1,0,0,45360
F,90000200,0,0,0,0,0,0,45360
F,90000201,1,0,0,0,0,0,45360
F,90000400,0,0,0,0,0,0,45360
F,90000401,1,0,0,0,0,0,45360
F,90000800,0,0,0,0,0,0,45360
F,90001000,0,0,0,0,0,0,45360
F,90001200,0,0,0,0,0,0,45360
F,90001201,1,0,0,0,0,0,45360
F,90001600,0,0,0,0,0,0,45360
F,90000000,0,0,1,0,0,0,45420
F,90000001,1,90,1,1,0,0,45420
F,90000200,0,0,0,0,0,0,45420
F,90000201,1,0,0,0,0,0,45420
F,90000400,0,0,0,0,0,0,45420
F,90000401,1,0,0,0,0,0,45420
F,90000800,0,0,0,0,0,0,45420
F,90001000,0,0,0,0,0,0,45420
F,90001200,0,0,0,0,0,0,45420
F,90001201,1,0,0,0,0,0,45420
F,90001600,0,0,0,0,0,0,45420
F,90000000,0,90,2,1,0,0,45480
F,90000001,1,90,2,1,0,0,45480
F,90000200,0,0,0,0,0,0,45480
F,90000201,1,0,0,0,0,0,45480
F,90000400,0,0,0,0,0,0,45480
F,90000401,1,0,0,0,0,0,45480
F,90000800,0,0,0,0,0,0,45480
F,90001000,0,0,0,0,0,0,45480
F,90001200,0,0,0,0,0,0,45480
F,90001201,1,0,0,0,0,0,45480
F,90001600,0,0,0,0,0,0,45480
F,90000000,0,90,2,1,0,0,45540
F,90000001,1,90,2,1,0,0,45540
F,90000200,0,0,0,0,0,0,45540
F,90000201,1,0,0,0,0,0,45540
F,90000400,0,0,0,0,0,0,45540
F,90000401,1,0,0,0,0,0,45540
F,90000800,0,0,0,0,0,0,45540
F,90001000,0,0,0,0,0,0,45540
F,90001200,0,0,0,0,0,0,45540
F,90001201,1,0,0,0,0,0,45540
F,90001600,0,0,0,0,0,0,45540
F,90000000,0,90,2,1,0,0,45600
F,90000001,1,90,2,1,0,0,45600
F,90000200,0,0,0,0,0,0,45600
F,90000201,1,0,0,0,0,0,45600
F,90000400,0,0,0,0,0,0,45600
F,90000401,1,0,0,0,0,0,45600
F,90000800,0,0,0,0,0,0,45600
F,90001000,0,0,0,0,0,0,45600
F,90001200,0,0,0,0,0,0,45600
F,90001201,1,0,0,0,0,0,45600
F,90001600,0,0,0,0,0,0,45600
F,90000000,0,90,2,1,0,0,45660
F,90000001,1,90,2,1,0,0,45660
F,90000200,0,0,0,0,0,0,45660
F,90000201,1,0,0,0,0,0,45660
F,90000400,0,0,0,0,0,0,45660
F,90000401,1,0,0,0,0,0,45660
F,90000800,0,0,0,0,0,0,45660
F,90001000,0,0,0,0,0,0,45660
F,90001200,0,0,0,0,0,0,45660
F,90001201,1,0,0,0,0,0,45660
F,90001600,0,0,0,0,0,0,45660
F,90000000,0,90,2,1,0,0,45720
F,90000001,1,90,2,1,0,0,45720
F,90000200,0,90,1,1,0,0,45720
F,90000201,1,0,1,0,0,0,45720
F,90000400,0,0,0,0,0,0,45720
F,90000401,1,0,0,0,0,0,45720
F,90000800,0,0,0,0,0,0,45720
F,90001000,0,0,0,0,0,0,45720
F,90001200,0,0,0,0,0,0,45720
F,90001201,1,0,0,0,0,0,45720
F,90001600,0,0,0,0,0,0,45720
F,90000000,0,90,2,1,0,0,45780
F,90000001,1,90,2,1,0,0,45780
F,90000200,0,90,1,1,0,0,45780
F,90000201,1,0,1,0,0,0,45780
F,90000400,0,0,0,0,0,0,45780
F,90000401,1,0,0,0,0,0,45780
F,90000800,0,0,0,0,0,0,45780
F,90001000,0,0,0,0,0,0,45780
F,90001200,0,0,0,0,0,0,45780
F,90001201,1,0,0,0,0,0,45780
F,90001600,0,0,0,0,0,0,45780
F,90000000,0,90,2,1,0,0,45840
F,90000001,1,90,2,1,0,0,45840
F,90000200,0,90,1,1,0,0,45840
F,90000201,1,0,1,0,0,0,45840
F,90000400,0,0,0,0,0,0,45840
F,90000401,1,0,0,0,0,0,45840
F,90000800,0,0,0,0,0,0,45840
F,90001000,0,0,0,0,0,0,45840
F,90001200,0,0,0,0,0,0,45840
F,90001201,1,0,0,0,0,0,45840
F,90001600,0,0,0,0,0,0,45840
F,90000000,0,90,2,1,0,0,45900
F,90000001,1,90,2,1,0,0,45900
F,90000200,0,90,1,1,0,0,45900
F,90000201,1,0,1,0,0,0,45900
F,90000400,0,0,0,0,0,0,45900
F,90000401,1,0,0,0,0,0,45900
F,90000800,0,0,0,0,0,0,45900
F,90001000,0,0,0,0,0,0,45900
F,90001200,0,0,0,0,0,0,45900
F,90001201,1,0,0,0,0,0,45900
F,90001600,0,0,0,0,0,0,45900
F,90000000,0,90,2,1,0,0,45960
F,90000001,1,90,2,1,0,0,45960
F,90000200,0,90,1,1,0,0,45960
F,90000201,1,0,1,0,0,0,45960
F,90000400,0,0,0,0,0,0,45960
F,90000401,1,0,0,0,0,0,45960
F,90000800,0,0,0,0,0,0,45960
F,90001000,0,0,0,0,0,0,45960
F,90001200,0,0,0,0,0,0,45960
F,90001201,1,0,0,0,0,0,45960
F,90001600,0,0,0,0,0,0,45960
F,90000000,0,90,1,1,0,0,46020
F,90000001,1,0,1,0,0,0,46020
F,90000200,0,90,1,1,0,0,46020
F,90000201,1,0,1,0,0,0,46020
F,90000400,0,0,0,0,0,0,46020
F,90000401,1,0,0,0,0,0,46020
F,90000800,0,0,0,0,0,0,46020
F,90001000,0,0,0,0,0,0,46020
F,90001200,0,0,0,0,0,0,46020
F,90001201,1,0,0,0,0,0,46020
F,90001600,0,0,0,0,0,0,46020
F,90000000,0,90,1,1,0,0,46080
F,90000001,1,0,1,0,0,0,46080
F,90000200,0,90,1,1,0,0,46080
F,90000201,1,0,1,0,0,0,46080
F,90000400,0,0,0,0,0,0,46080
F,90000401,1,0,0,0,0,0,46080
F,90000800,0,0,0,0,0,0,46080
F,90001000,0,0,0,0,0,0,46080
F,90001200,0,0,0,0,0,0,46080
F,90001201,1,0,0,0,0,0,46080
F,90001600,0,0,0,0,0,0,46080
F,90000000,0,90,1,1,0,0,46140
F,90000001,1,0,1,0,0,0,46140
F,90000200,0,90,1,1,0,0,46140
F,90000201,1,0,1,0,0,0,46140
F,90000400,0,0,0,0,0,0,46140
F,90000401,1,0,0,0,0,0,46140
F,90000800,0,0,0,0,0,0,46140
F,90001000,0,0,0,0,0,0,46140
F,90001200,0,0,0,0,0,0,46140
F,90001201,1,0,0,0,0,0,46140
F,90001600,0,0,0,0,0,0,46140
F,90000000,0,90,1,1,0,0,46200
F,90000001,1,0,1,0,0,0,46200
F,90000200,0,90,1,1,0,0,46200
F,90000201,1,0,1,0,0,0,46200
F,90000400,0,0,0,0,0,0,46200
F,90000401,1,0,0,0,0,0,46200
F,90000800,0,0,0,0,0,0,46200
F,90001000,0,0,0,0,0,0,46200
F,90001200,0,0,0,0,0,0,46200
F,90001201,1,0,0,0,0,0,46200
F,90001600,0,0,0,0,0,0,46200
F,90000000,0,90,1,1,0,0,46260
F,90000001,1,0,1,0,0,0,46260
F,90000200,0,90,1,1,0,0,46260
F,90000201,1,0,1,0,0,0,46260
F,90000400,0,0,0,0,0,0,46260
F,90000401,1,0,0,0,0,0,46260
F,90000800,0,0,0,0,0,0,46260
F,90001000,0,0,0,0,0,0,46260
F,90001200,0,0,0,0,0,0,46260
F,90001201,1,0,0,0,0,0,46260
F,90001600,0,0,0,0,0,0,46260
F,90000000,0,90,1,1,0,0,46320
F,90000001,1,0,1,0,0,0,46320
F,90000200,0,90,1,1,0,0,46320
F,90000201,1,0,1,0,0,0,46320
F,90000400,0,0,0,0,0,0,46320
F,90000401,1,0,0,0,0,0,46320
F,90000800,0,0,0,0,0,0,46320
F,90001000,0,0,0,0,0,0,46320
F,90001200,0,0,0,0,0,0,46320
F,90001201,1,0,0,0,0,0,46320
F,90001600,0,0,0,0,0,0,46320
F,90000000,0,90,1,1,0,0,46380
F,90000001,1,0,1,0,0,0,46380
F,90000200,0,90,1,1,0,0,46380
F,90000201,1,0,1,0,0,0,46380
F,90000400,0,0,0,0,0,0,46380
F,90000401,1,0,0,0,0,0,46380
F,90000800,0,0,0,0,0,0,46380
F,90001000,0,0,0,0,0,0,46380
F,90001200,0,0,0,0,0,0,46380
F,90001201,1,0,0,0,0,0,46380
F,90001600,0,0,0,0,0,0,46380
F,90000000,0,90,1,1,0,0,46440
F,90000001,1,0,1,0,0,0,46440
F,90000200,0,90,1,1,0,0,46440
F,90000201,1,0,1,0,0,0,46440
F,90000400,0,0,0,0,0,0,46440
F,90000401,1,0,0,0,0,0,46440
F,90000800,0,0,0,0,0,0,46440
F,90001000,0,0,0,0,0,0,46440
F,90001200,0,0,0,0,0,0,46440
F,90001201,1,0,0,0,0,0,46440
F,90001600,0,0,0,0,0,0,46440
F,90000000,0,90,1,1,0,0,46500
F,90000001,1,0,1,0,0,0,46500
F,90000200,0,90,1,1,0,0,46500
F,90000201,1,0,1,0,0,0,46500
F,90000400,0,0,0,0,0,0,46500
F,90000401,1,0,0,0,0,0,46500
F,90000800,0,0,0,0,0,0,46500
F,90001000,0,0,0,0,0,0,46500
F,90001200,0,0,0,0,0,0,46500
F,90001201,1,0,0,0,0,0,46500
F,90001600,0,0,0,0,0,0,46500
F,90000000,0,90,1,1,0,0,46560
F,90000001,1,0,1,0,0,0,46560
F,90000200,0,90,1,1,0,0,46560
F,90000201,1,0,1,0,0,0,46560
F,90000400,0,0,0,0,0,0,46560
F,90000401,1,0,0,0,0,0,46560
F,90000800,0,0,0,0,0,0,46560
F,90001000,0,0,0,0,0,0,46560
F,90001200,0,0,0,0,0,0,46560
F,90001201,1,0,0,0,0,0,46560
F,90001600,0,0,0,0,0,0,46560
F,90000000,0,90,1,1,0,0,46620
F,90000001,1,0,1,0,0,0,46620
F,90000200,0,90,1,1,0,0,46620
F,90000201,1,0,1,0,0,0,46620
F,90000400,0,0,0,0,0,0,46620
F,90000401,1,0,0,0,0,0,46620
F,90000800,0,0,0,0,0,0,46620
F,90001000,0,0,0,0,0,0,46620
F,90001200,0,0,0,0,0,0,46620
F,90001201,1,0,0,0,0,0,46620
F,90001600,0,0,0,0,0,0,46620
F,90000000,0,90,1,1,0,0,46680
F,90000001,1,0,1,0,0,0,46680
F,90000200,0,90,1,1,0,0,46680
F,90000201,1,0,1,0,0,0,46680
F,90000400,0,0,0,0,0,0,46680
F,90000401,1,0,0,0,0,0,46680
F,90000800,0,0,0,0,0,0,46680
F,90001000,0,0,0,0,0,0,46680
F,90001200,0,0,0,0,0,0,46680
F,90001201,1,0,0,0,0,0,46680
F,90001600,0,0,0,0,0,0,46680
F,90000000,0,90,1,1,0,0,46740
F,90000001,1,0,1,0,0,0,46740
F,90000200,0,90,1,1,0,0,46740
F,90000201,1,0,1,0,0,0,46740
F,90000400,0,0,0,0,0,0,46740
F,90000401,1,0,0,0,0,0,46740
F,90000800,0,0,0,0,0,0,46740
F,90001000,0,0,0,0,0,0,46740
F,90001200,0,0,0,0,0,0,46740
F,90001201,1,0,0,0,0,0,46740
F,90001600,0,0,0,0,0,0,46740
F,90000000,0,90,1,1,0,0,46800
F,90000001,1,0,1,0,0,0,46800
F,90000200,0,90,1,1,0,0,46800
F,90000201,1,0,1,0,0,0,46800
F,90000400,0,0,0,0,0,0,46800
F,90000401,1,0,0,0,0,0,46800
F,90000800,0,0,0,0,0,0,46800
F,90001000,0,0,0,0,0,0,46800
F,90001200,0,0,0,0,0,0,46800
F,90001201,1,0,0,0,0,0,46800
F,90001600,0,0,0,0,0,0,46800
F,90000000,0,90,1,1,0,0,46860
F,90000001,1,0,1,0,0,0,46860
F,90000200,0,90,1,1,0,0,46860
F,90000201,1,0,1,0,0,0,46860
F,90000400,0,0,0,0,0,0,46860
F,90000401,1,0,0,0,0,0,46860
F,90000800,0,0,0,0,0,0,46860
F,90001000,0,0,0,0,0,0,46860
F,90001200,0,0,0,0,0,0,46860
F,90001201,1,0,0,0,0,0,46860
F,90001600,0,0,0,0,0,0,46860
F,90000000,0,0,0,0,0,0,46920
F,90000001,1,0,0,0,0,0,46920
F,90000200,0,90,1,1,0,0,46920
F,90000201,1,0,1,0,0,0,46920
F,90000400,0,0,0,0,0,0,46920
F,90000401,1,0,0,0,0,0,46920
F,90000800,0,0,0,0,0,0,46920
F,90001000,0,0,0,0,0,0,46920
F,90001200,0,0,0,0,0,0,46920
F,90001201,1,0,0,0,0,0,46920
F,90001600,0,0,0,0,0,0,46920
F,90000000,0,0,0,0,0,0,46980
F,90000001,1,0,0,0,0,0,46980
F,90000200,0,90,1,1,0,0,46980
F,90000201,1,0,1,0,0,0,46980
F,90000400,0,0,0,0,0,0,46980
F,90000401,1,0,0,0,0,0,46980
F,90000800,0,0,0,0,0,0,46980
F,90001000,0,0,0,0,0,0,46980
F,90001200,0,0,0,0,0,0,46980
F,90001201,1,0,0,0,0,0,46980
F,90001600,0,0,0,0,0,0,46980
F,90000000,0,0,0,0,0,0,47040
F,90000001,1,0,0,0,0,0,47040
F,90000200,0,90,1,1,0,0,47040
F,90000201,1,0,1,0,0,0,47040
F,90000400,0,0,0,0,0,0,47040
F,90000401,1,0,0,0,0,0,47040
F,90000800,0,0,0,0,0,0,47040
F,90001000,0,0,0,0,0,0,47040
F,90001200,0,0,0,0,0,0,47040
F,90001201,1,0,0,0,0,0,47040
F,90001600,0,0,0,0,0,0,47040
F,90000000,0,0,0,0,0,0,47100
F,90000001,1,0,0,0,0,0,47100
F,90000200,0,90,1,1,0,0,47100
F,90000201,1,0,1,0,0,0,47100
F,90000400,0,0,0,0,0,0,47100
F,90000401,1,0,0,0,0,0,47100
F,90000800,0,0,0,0,0,0,47100
F,90001000,0,0,0,0,0,0,47100
F,90001200,0,0,0,0,0,0,47100
F,90001201,1,0,0,0,0,0,47100
F,90001600,0,0,0,0,0,0,47100
F,90000000,0,0,0,0,0,0,47160
F,90000001,1,0,0,0,0,0,47160
F,90000200,0,0,0,0,0,0,47160
F,90000201,1,0,0,0,0,0,47160
F,90000400,0,0,0,0,0,0,47160
F,90000401,1,0,0,0,0,0,47160
F,90000800,0,0,0,0,0,0,47160
F,90001000,0,0,0,0,0,0,47160
F,90001200,0,0,0,0,0,0,47160
F,90001201,1,0,0,0,0,0,47160
F,90001600,0,0,0,0,0,0,47160
F,90000000,0,0,0,0,0,0,47220
F,90000001,1,0,0,0,0,0,47220
F,90000200,0,0,0,0,0,0,47220
F,90000201,1,0,0,0,0,0,47220
F,90000400,0,0,0,0,0,0,47220
F,90000401,1,0,0,0,0,0,47220
F,90000800,0,0,0,0,0,0,47220
F,90001000,0,0,0,0,0,0,47220
F,90001200,0,0,0,0,0,0,47220
F,90001201,1,0,0,0,0,0,47220
F,90001600,0,0,0,0,0,0,47220
F,90000000,0,0,0,0,0,0,47280
F,90000001,1,0,0,0,0,0,47280
F,90000200,0,0,0,0,0,0,47280
F,90000201,1,0,0,0,0,0,47280
F,90000400,0,0,0,0,0,0,47280
F,90000401,1,0,0,0,0,0,47280
F,90000800,0,0,0,0,0,0,47280
F,90001000,0,0,0,0,0,0,47280
F,90001200,0,0,0,0,0,0,47280
F,90001201,1,0,0,0,0,0,47280
F,90001600,0,0,0,0,0,0,47280
F,90000000,0,0,0,0,0,0,47340
F,90000001,1,0,0,0,0,0,47340
F,90000200,0,0,0,0,0,0,47340
F,90000201,1,0,0,0,0,0,47340
F,90000400,0,0,0,0,0,0,47340
F,90000401,1,0,0,0,0,0,47340
F,90000800,0,0,0,0,0,0,47340
F,90001000,0,0,0,0,0,0,47340
F,90001200,0,0,0,0,0,0,47340
F,90001201,1,0,0,0,0,0,47340
F,90001600,0,0,0,0,0,0,47340
F,90000000,0,0,0,0,0,0,47400
F,90000001,1,0,0,0,0,0,47400
F,90000200,0,0,0,0,0,0,47400
F,90000201,1,0,0,0,0,0,47400
F,90000400,0,0,0,0,0,0,47400
F,90000401,1,0,0,0,0,0,47400
F,90000800,0,0,0,0,0,0,47400
F,90001000,0,0,0,0,0,0,47400
F,90001200,0,0,0,0,0,0,47400
F,90001201,1,0,0,0,0,0,47400
F,90001600,0,0,0,0,0,0,47400
F,90000000,0,0,0,0,0,0,47460
F,90000001,1,0,0,0,0,0,47460
F,90000200,0,0,0,0,0,0,47460
F,90000201,1,0,0,0,0,0,47460
F,90000400,0,0,0,0,0,0,47460
F,90000401,1,0,0,0,0,0,47460
F,90000800,0,0,0,0,0,0,47460
F,90001000,0,0,0,0,0,0,47460
F,90001200,0,0,0,0,0,0,47460
F,90001201,1,0,0,0,0,0,47460
F,90001600,0,0,0,0,0,0,47460
F,90000000,0,90,1,1,0,0,47520
F,90000001,1,0,1,0,0,0,47520
F,90000200,0,0,0,0,0,0,47520
F,90000201,1,0,0,0,0,0,47520
F,90000400,0,0,0,0,0,0,47520
F,90000401,1,0,0,0,0,0,47520
F,90000800,0,0,0,0,0,0,47520
F,90001000,0,0,0,0,0,0,47520
F,90001200,0,0,0,0,0,0,47520
F,90001201,1,0,0,0,0,0,47520
F,90001600,0,0,0,0,0,0,47520
F,90000000,0,90,1,1,0,0,47580
F,90000001,1,0,1,0,0,0,47580
F,90000200,0,0,0,0,0,0,47580
F,90000201,1,0,0,0,0,0,47580
F,90000400,0,0,0,0,0,0,47580
F,90000401,1,0,0,0,0,0,47580
F,90000800,0,0,0,0,0,0,47580
F,90001000,0,0,0,0,0,0,47580
F,90001200,0,0,0,0,0,0,47580
F,90001201,1,0,0,0,0,0,47580
F,90001600,0,0,0,0,0,0,47580
F,90000000,0,90,1,1,0,0,47640
F,90000001,1,0,1,0,0,0,47640
F,90000200,0,0,0,0,0,0,47640
F,90000201,1,0,0,0,0,0,47640
F,90000400,0,0,0,0,0,0,47640
F,90000401,1,0,0,0,0,0,47640
F,90000800,0,0,0,0,0,0,47640
F,90001000,0,0,0,0,0,0,47640
F,90001200,0,0,0,0,0,0,47640
F,90001201,1,0,0,0,0,0,47640
F,90001600,0,0,0,0,0,0,47640
F,90000000,0,90,1,1,0,0,47700
F,90000001,1,0,1,0,0,0,47700
F,90000200,0,0,0,0,0,0,47700
F,90000201,1,0,0,0,0,0,47700
F,90000400,0,0,0,0,0,0,47700
F,90000401,1,0,0,0,0,0,47700
F,90000800,0,0,0,0,0,0,47700
F,90001000,0,0,0,0,0,0,47700
F,90001200,0,0,0,0,0,0,47700
F,90001201,1,0,0,0,0,0,47700
F,90001600,0,0,0,0,0,0,47700
F,90000000,0,90,1,1,0,0,47760
F,90000001,1,0,1,0,0,0,47760
F,90000200,0,0,0,0,0,0,47760
F,90000201,1,0,0,0,0,0,47760
F,90000400,0,0,0,0,0,0,47760
F,90000401,1,0,0,0,0,0,47760
F,90000800,0,0,0,0,0,0,47760
F,90001000,0,0,0,0,0,0,47760
F,90001200,0,0,0,0,0,0,47760
F,90001201,1,0,0,0,0,0,47760
F,90001600,0,0,0,0,0,0,47760
F,90000000,0,90,1,1,0,0,47820
F,90000001,1,0,1,0,0,0,47820
F,90000200,0,0,0,0,0,0,47820
F,90000201,1,0,0,0,0,0,47820
F,90000400,0,0,0,0,0,0,47820
F,90000401,1,0,0,0,0,0,47820
F,90000800,0,0,0,0,0,0,47820
F,90001000,0,0,0,0,0,0,47820
F,90001200,0,0,0,0,0,0,47820
F,90001201,1,0,0,0,0,0,47820
F,90001600,0,0,0,0,0,0,47820
F,90000000,0,90,1,1,0,0,47880
F,90000001,1,0,1,0,0,0,47880
F,90000200,0,0,0,0,0,0,47880
F,90000201,1,0,0,0,0,0,47880
F,90000400,0,0,0,0,0,0,47880
F,90000401,1,0,0,0,0,0,47880
F,90000800,0,0,0,0,0,0,47880
F,90001000,0,0,0,0,0,0,47880
F,90001200,0,0,0,0,0,0,47880
F,90001201,1,0,0,0,0,0,47880
F,90001600,0,0,0,0,0,0,47880
F,90000000,0,90,1,1,0,0,47940
F,90000001,1,0,1,0,0,0,47940
F,90000200,0,0,0,0,0,0,47940
F,90000201,1,0,0,0,0,0,47940
F,90000400,0,0,0,0,0,0,47940
F,90000401,1,0,0,0,0,0,47940
F,90000800,0,0,0,0,0,0,47940
F,90001000,0,0,0,0,0,0,47940
F,90001200,0,0,0,0,0,0,47940
F,90001201,1,0,0,0,0,0,47940
F,90001600,0,0,0,0,0,0,47940
F,90000000,0,90,1,1,0,0,48000
F,90000001,1,0,1,0,0,0,48000
F,90000200,0,0,0,0,0,0,48000
F,90000201,1,0,0,0,0,0,48000
F,90000400,0,0,0,0,0,0,48000
F,90000401,1,0,0,0,0,0,48000
F,90000800,0,0,0,0,0,0,48000
F,90001000,0,0,0,0,0,0,48000
F,90001200,0,0,0,0,0,0,48000
F,90001201,1,0,0,0,0,0,48000
F,90001600,0,0,0,0,0,0,48000
F,90000000,0,90,1,1,0,0,48060
F,90000001,1,0,1,0,0,0,48060
F,90000200,0,0,0,0,0,0,48060
F,90000201,1,0,0,0,0,0,48060
F,90000400,0,0,0,0,0,0,48060
F,90000401,1,0,0,0,0,0,48060
F,90000800,0,0,0,0,0,0,48060
F,90001000,0,0,0,0,0,0,48060
F,90001200,0,0,0,0,0,0,48060
F,90001201,1,0,0,0,0,0,48060
F,90001600,0,0,0,0,0,0,48060
F,90000000,0,90,1,1,0,0,48120
F,90000001,1,0,1,0,0,0,48120
F,90000200,0,0,0,0,0,0,48120
F,90000201,1,0,0,0,0,0,48120
F,90000400,0,0,0,0,0,0,48120
F,90000401,1,0,0,0,0,0,48120
F,90000800,0,0,0,0,0,0,48120
F,90001000,0,0,0,0,0,0,48120
F,90001200,0,0,0,0,0,0,48120
F,90001201,1,0,0,0,0,0,48120
F,90001600,0,0,0,0,0,0,48120
F,90000000,0,90,1,1,0,0,48180
F,90000001,1,0,1,0,0,0,48180
F,90000200,0,0,0,0,0,0,48180
F,90000201,1,0,0,0,0,0,48180
F,90000400,0,0,0,0,0,0,48180
F,90000401,1,0,0,0,0,0,48180
F,90000800,0,0,0,0,0,0,48180
F,90001000,0,0,0,0,0,0,48180
F,90001200,0,0,0,0,0,0,48180
F,90001201,1,0,0,0,0,0,48180
F,90001600,0,0,0,0,0,0,48180
F,90000000,0,90,1,1,0,0,48240
F,90000001,1,0,1,0,0,0,48240
F,90000200,0,0,0,0,0,0,48240
F,90000201,1,0,0,0,0,0,48240
F,90000400,0,0,0,0,0,0,48240
F,90000401,1,0,0,0,0,0,48240
F,90000800,0,0,0,0,0,0,48240
F,90001000,0,0,0,0,0,0,48240
F,90001200,0,0,0,0,0,0,48240
F,90001201,1,0,0,0,0,0,48240
F,90001600,0,0,0,0,0,0,48240
F,90000000,0,90,2,1,0,0,48300
F,90000001,1,90,2,1,0,0,48300
F,90000200,0,0,0,0,0,0,48300
F,90000201,1,0,0,0,0,0,48300
F,90000400,0,0,0,0,0,0,48300
F,90000401,1,0,0,0,0,0,48300
F,90000800,0,0,0,0,0,0,48300
F,90001000,0,0,0,0,0,0,48300
F,90001200,0,0,0,0,0,0,48300
F,90001201,1,0,0,0,0,0,48300
F,90001600,0,0,0,0,0,0,48300
F,90000000,0,90,2,1,0,0,48360
F,90000001,1,90,2,1,0,0,48360
F,90000200,0,0,0,0,0,0,48360
F,90000201,1,0,0,0,0,0,48360
F,90000400,0,0,0,0,0,0,48360
F,90000401,1,0,0,0,0,0,48360
F,90000800,0,0,0,0,0,0,48360
F,90001000,0,0,0,0,0,0,48360
F,90001200,0,0,0,0,0,0,48360
F,90001201,1,0,0,0,0,0,48360
F,90001600,0,0,0,0,0,0,48360
F,90000000,0,90,2,1,0,0,48420
F,90000001,1,90,2,1,0,0,48420
F,90000200,0,0,0,0,0,0,48420
F,90000201,1,0,0,0,0,0,48420
F,90000400,0,0,0,0,0,0,48420
F,90000401,1,0,0,0,0,0,48420
F,90000800,0,0,0,0,0,0,48420
F,90001000,0,0,0,0,0,0,48420
F,90001200,0,0,0,0,0,0,48420
F,90001201,1,0,0,0,0,0,48420
F,90001600,0,0,0,0,0,0,48420
F,90000000,0,90,2,1,0,0,48480
F,90000001,1,90,2,1,0,0,48480
F,90000200,0,0,0,0,0,0,48480
F,90000201,1,0,0,0,0,0,48480
F,90000400,0,0,0,0,0,0,48480
F,90000401,1,0,0,0,0,0,48480
F,90000800,0,0,0,0,0,0,48480
F,90001000,0,0,0,0,0,0,48480
F,90001200,0,0,0,0,0,0,48480
F,90001201,1,0,0,0,0,0,48480
F,90001600,0,0,0,0,0,0,48480
F,90000000,0,90,2,1,0,0,48540
F,90000001,1,90,2,1,0,0,48540
F,90000200,0,0,0,0,0,0,48540
F,90000201,1,0,0,0,0,0,48540
F,90000400,0,0,0,0,0,0,48540
F,90000401,1,0,0,0,0,0,48540
F,90000800,0,0,0,0,0,0,48540
F,90001000,0,0,0,0,0,0,48540
F,90001200,0,0,0,0,0,0,48540
F,90001201,1,0,0,0,0,0,48540
F,90001600,0,0,0,0,0,0,48540
F,90000000,0,90,2,1,0,0,48600
F,90000001,1,90,2,1,0,0,48600
F,90000200,0,0,0,0,0,0,48600
F,90000201,1,0,0,0,0,0,48600
F,90000400,0,0,0,0,0,0,48600
F,90000401,1,0,0,0,0,0,48600
F,90000800,0,0,0,0,0,0,48600
F,90001000,0,0,0,0,0,0,48600
F,90001200,0,0,0,0,0,0,48600
F,90001201,1,0,0,0,0,0,48600
F,90001600,0,0,0,0,0,0,48600
F,90000000,0,90,2,1,0,0,48660
F,90000001,1,90,2,1,0,0,48660
F,90000200,0,0,0,0,0,0,48660
F,90000201,1,0,0,0,0,0,48660
F,90000400,0,0,0,0,0,0,48660
F,90000401,1,0,0,0,0,0,48660
F,90000800,0,0,0,0,0,0,48660
F,90001000,0,0,0,0,0,0,48660
F,90001200,0,0,0,0,0,0,48660
F,90001201,1,0,0,0,0,0,48660
F,90001600,0,0,0,0,0,0,48660
F,90000000,0,90,2,1,0,0,48720
F,90000001,1,90,2,1,0,0,48720
F,90000200,0,0,0,0,0,0,48720
F,90000201,1,0,0,0,0,0,48720
F,90000400,0,0,0,0,0,0,48720
F,90000401,1,0,0,0,0,0,48720
F,90000800,0,0,0,0,0,0,48720
F,90001000,0,0,0,0,0,0,48720
F,90001200,0,0,0,0,0,0,48720
F,90001201,1,0,0,0,0,0,48720
F,90001600,0,0,0,0,0,0,48720
F,90000000,0,90,2,1,0,0,48780
F,90000001,1,90,2,1,0,0,48780
F,90000200,0,0,0,0,0,0,48780
F,90000201,1,0,0,0,0,0,48780
F,90000400,0,0,0,0,0,0,48780
F,90000401,1,0,0,0,0,0,48780
F,90000800,0,0,0,0,0,0,48780
F,90001000,0,0,0,0,0,0,48780
F,90001200,0,0,0,0,0,0,48780
F,90001201,1,0,0,0,0,0,48780
F,90001600,0,0,0,0,0,0,48780
F,90000000,0,90,2,1,0,0,48840
F,90000001,1,90,2,1,0,0,48840
F,90000200,0,0,0,0,0,0,48840
F,90000201,1,0,0,0,0,0,48840
F,90000400,0,0,0,0,0,0,48840
F,90000401,1,0,0,0,0,0,48840
F,90000800,0,0,0,0,0,0,48840
F,90001000,0,0,0,0,0,0,48840
F,90001200,0,0,0,0,0,0,48840
F,90001201,1,0,0,0,0,0,48840
F,90001600,0,0,0,0,0,0,48840
F,90000000,0,90,2,1,0,0,48900
F,90000001,1,90,2,1,0,0,48900
F,90000200,0,0,0,0,0,0,48900
F,90000201,1,0,0,0,0,0,48900
F,90000400,0,0,0,0,0,0,48900
F,90000401,1,0,0,0,0,0,48900
F,90000800,0,0,0,0,0,0,48900
F,90001000,0,0,0,0,0,0,48900
F,90001200,0,0,0,0,0,0,48900
F,90001201,1,0,0,0,0,0,48900
F,90001600,0,0,0,0,0,0,48900
F,90000000,0,0,1,0,0,0,48960
F,90000001,1,90,1,1,0,0,48960
F,90000200,0,0,0,0,0,0,48960
F,90000201,1,0,0,0,0,0,48960
F,90000400,0,0,0,0,0,0,48960
F,90000401,1,0,0,0,0,0,48960
F,90000800,0,0,0,0,0,0,48960
F,90001000,0,0,0,0,0,0,48960
F,90001200,0,0,0,0,0,0,48960
F,90001201,1,0,0,0,0,0,48960
F,90001600,0,0,0,0,0,0,48960
F,90000000,0,0,1,0,0,0,49020
F,90000001,1,90,1,1,0,0,49020
F,90000200,0,0,0,0,0,0,49020
F,90000201,1,0,0,0,0,0,49020
F,90000400,0,0,0,0,0,0,49020
F,90000401,1,0,0,0,0,0,49020
F,90000800,0,0,0,0,0,0,49020
F,90001000,0,0,0,0,0,0,49020
F,90001200,0,0,0,0,0,0,49020
F,90001201,1,0,0,0,0,0,49020
F,90001600,0,0,0,0,0,0,49020
F,90000000,0,0,1,0,0,0,49080
F,90000001,1,90,1,1,0,0,49080
F,90000200,0,0,0,0,0,0,49080
F,90000201,1,0,0,0,0,0,49080
F,90000400,0,0,0,0,0,0,49080
F,90000401,1,0,0,0,0,0,49080
F,90000800,0,0,0,0,0,0,49080
F,90001000,0,0,0,0,0,0,49080
F,90001200,0,0,0,0,0,0,49080
F,90001201,1,0,0,0,0,0,49080
F,90001600,0,0,0,0,0,0,49080
F,90000000,0,0,1,0,0,0,49140
F,90000001,1,90,1,1,0,0,49140
F,90000200,0,0,0,0,0,0,49140
F,90000201,1,0,0,0,0,0,49140
F,90000400,0,0,0,0,0,0,49140
F,90000401,1,0,0,0,0,0,49140
F,90000800,0,0,0,0,0,0,49140
F,90001000,0,0,0,0,0,0,49140
F,90001200,0,0,0,0,0,0,49140
F,90001201,1,0,0,0,0,0,49140
F,90001600,0,0,0,0,0,0,49140
F,90000000,0,0,1,0,0,0,49200
F,90000001,1,90,1,1,0,0,49200
F,90000200,0,0,0,0,0,0,49200
F,90000201,1,0,0,0,0,0,49200
F,90000400,0,0,0,0,0,0,49200
F,90000401,1,0,0,0,0,0,49200
F,90000800,0,0,0,0,0,0,49200
F,90001000,0,0,0,0,0,0,49200
F,90001200,0,0,0,0,0,0,49200
F,90001201,1,0,0,0,0,0,49200
F,90001600,0,0,0,0,0,0,49200
F,90000000,0,0,1,0,0,0,49260
F,90000001,1,90,1,1,0,0,49260
F,90000200,0,0,0,0,0,0,49260
F,90000201,1,0,0,0,0,0,49260
F,90000400,0,0,0,0,0,0,49260
F,90000401,1,0,0,0,0,0,49260
F,90000800,0,0,0,0,0,0,49260
F,90001000,0,0,0,0,0,0,49260
F,90001200,0,0,0,0,0,0,49260
F,90001201,1,0,0,0,0,0,49260
F,90001600,0,0,0,0,0,0,49260
F,90000000,0,0,1,0,0,0,49320
F,90000001,1,90,1,1,0,0,49320
F,90000200,0,0,0,0,0,0,49320
F,90000201,1,0,0,0,0,0,49320
F,90000400,0,0,0,0,0,0,49320
F,90000401,1,0,0,0,0,0,49320
F,90000800,0,0,0,0,0,0,49320
F,90001000,0,0,0,0,0,0,49320
F,90001200,0,0,0,0,0,0,49320
F,90001201,1,0,0,0,0,0,49320
F,90001600,0,0,0,0,0,0,49320
F,90000000,0,0,1,0,0,0,49380
F,90000001,1,90,1,1,0,0,49380
F,90000200,0,0,0,0,0,0,49380
F,90000201,1,0,0,0,0,0,49380
F,90000400,0,0,0,0,0,0,49380
F,90000401,1,0,0,0,0,0,49380
F,90000800,0,0,0,0,0,0,49380
F,90001000,0,0,0,0,0,0,49380
F,90001200,0,0,0,0,0,0,49380
F,90001201,1,0,0,0,0,0,49380
F,90001600,0,0,0,0,0,0,49380
F,90000000,0,0,1,0,0,0,49440
F,90000001,1,90,1,1,0,0,49440
F,90000200,0,0,0,0,0,0,49440
F,90000201,1,0,0,0,0,0,49440
F,90000400,0,0,0,0,0,0,49440
F,90000401,1,0,0,0,0,0,49440
F,90000800,0,0,0,0,0,0,49440
F,90001000,0,0,0,0,0,0,49440
F,90001200,0,0,0,0,0,0,49440
F,90001201,1,0,0,0,0,0,49440
F,90001600,0,0,0,0,0,0,49440
F,90000000,0,0,1,0,0,0,49500
F,90000001,1,90,1,1,0,0,49500
F,90000200,0,0,0,0,0,0,49500
F,90000201,1,0,0,0,0,0,49500
F,90000400,0,0,0,0,0,0,49500
F,90000401,1,0,0,0,0,0,49500
F,90000800,0,0,0,0,0,0,49500
F,90001000,0,0,0,0,0,0,49500
F,90001200,0,0,0,0,0,0,49500
F,90001201,1,0,0,0,0,0,49500
F,90001600,0,0,0,0,0,0,49500
F,90000000,0,0,1,0,0,0,49560
F,90000001,1,90,1,1,0,0,49560
F,90000200,0,0,0,0,0,0,49560
F,90000201,1,0,0,0,0,0,49560
F,90000400,0,0,0,0,0,0,49560
F,90000401,1,0,0,0,0,0,49560
F,90000800,0,0,0,0,0,0,49560
F,90001000,0,0,0,0,0,0,49560
F,90001200,0,0,0,0,0,0,49560
F,90001201,1,0,0,0,0,0,49560
F,90001600,0,0,0,0,0,0,49560
F,90000000,0,0,1,0,0,0,49620
F,90000001,1,90,1,1,0,0,49620
F,90000200,0,0,0,0,0,0,49620
F,90000201,1,0,0,0,0,0,49620
F,90000400,0,0,0,0,0,0,49620
F,90000401,1,0,0,0,0,0,49620
F,90000800,0,0,0,0,0,0,49620
F,90001000,0,0,0,0,0,0,49620
F,90001200,0,0,0,0,0,0,49620
F,90001201,1,0,0,0,0,0,49620
F,90001600,0,0,0,0,0,0,49620
F,90000000,0,0,1,0,0,0,49680
F,90000001,1,90,1,1,0,0,49680
F,90000200,0,0,0,0,0,0,49680
F,90000201,1,0,0,0,0,0,49680
F,90000400,0,0,0,0,0,0,49680
F,90000401,1,0,0,0,0,0,49680
F,90000800,0,0,0,0,0,0,49680
F,90001000,0,0,0,0,0,0,49680
F,90001200,0,0,0,0,0,0,49680
F,90001201,1,0,0,0,0,0,49680
F,90001600,0,0,0,0,0,0,49680
F,90000000,0,0,0,0,0,0,49740
F,90000001,1,0,0,0,0,0,49740
F,90000200,0,0,0,0,0,0,49740
F,90000201,1,0,0,0,0,0,49740
F,90000400,0,0,0,0,0,0,49740
F,90000401,1,0,0,0,0,0,49740
F,90000800,0,0,0,0,0,0,49740
F,90001000,0,0,0,0,0,0,49740
F,90001200,0,0,0,0,0,0,49740
F,90001201,1,0,0,0,0,0,49740
F,90001600,0,0,0,0,0,0,49740
F,90000000,0,0,0,0,0,0,49800
F,90000001,1,0,0,0,0,0,49800
F,90000200,0,0,0,0,0,0,49800
F,90000201,1,0,0,0,0,0,49800
F,90000400,0,0,0,0,0,0,49800
F,90000401,1,0,0,0,0,0,49800
F,90000800,0,0,0,0,0,0,49800
F,90001000,0,0,0,0,0,0,49800
F,90001200,0,0,0,0,0,0,49800
F,90001201,1,0,0,0,0,0,49800
F,90001600,0,0,0,0,0,0,49800
F,90000000,0,0,0,0,0,0,49860
F,90000001,1,0,0,0,0,0,49860
F,90000200,0,0,0,0,0,0,49860
F,90000201,1,0,0,0,0,0,49860
F,90000400,0,0,0,0,0,0,49860
F,90000401,1,0,0,0,0,0,49860
F,90000800,0,0,0,0,0,0,49860
F,90001000,0,0,0,0,0,0,49860
F,90001200,0,0,0,0,0,0,49860
F,90001201,1,0,0,0,0,0,49860
F,90001600,0,0,0,0,0,0,49860
F,90000000,0,0,0,0,0,0,49920
F,90000001,1,0,0,0,0,0,49920
F,90000200,0,0,0,0,0,0,49920
F,90000201,1,0,0,0,0,0,49920
F,90000400,0,90,1,1,0,0,49920
F,90000401,1,0,1,0,0,0,49920
F,90000800,0,0,0,0,0,0,49920
F,90001000,0,0,0,0,0,0,49920
F,90001200,0,0,0,0,0,0,49920
F,90001201,1,0,0,0,0,0,49920
F,90001600,0,0,0,0,0,0,49920
F,90000000,0,0,0,0,0,0,49980
F,90000001,1,0,0,0,0,0,49980
F,90000200,0,0,0,0,0,0,49980
F,90000201,1,0,0,0,0,0,49980
F,90000400,0,90,1,1,0,0,49980
F,90000401,1,0,1,0,0,0,49980
F,90000800,0,0,0,0,0,0,49980
F,90001000,0,0,0,0,0,0,49980
F,90001200,0,0,0,0,0,0,49980
F,90001201,1,0,0,0,0,0,49980
F,90001600,0,0,0,0,0,0,49980
F,90000000,0,0,0,0,0,0,50040
F,90000001,1,0,0,0,0,0,50040
F,90000200,0,0,0,0,0,0,50040
F,90000201,1,0,0,0,0,0,50040
F,90000400,0,90,1,1,0,0,50040
F,90000401,1,0,1,0,0,0,50040
F,90000800,0,0,0,0,0,0,50040
F,90001000,0,0,0,0,0,0,50040
F,90001200,0,0,0,0,0,0,50040
F,90001201,1,0,0,0,0,0,50040
F,90001600,0,0,0,0,0,0,50040
F,90000000,0,0,0,0,0,0,50100
F,90000001,1,0,0,0,0,0,50100
F,90000200,0,0,0,0,0,0,50100
F,90000201,1,0,0,0,0,0,50100
F,90000400,0,90,1,1,0,0,50100
F,90000401,1,0,1,0,0,0,50100
F,90000800,0,0,0,0,0,0,50100
F,90001000,0,0,0,0,0,0,50100
F,90001200,0,0,0,0,0,0,50100
F,90001201,1,0,0,0,0,0,50100
F,90001600,0,0,0,0,0,0,50100
F,90000000,0,0,0,0,0,0,50160
F,90000001,1,0,0,0,0,0,50160
F,90000200,0,0,0,0,0,0,50160
F,90000201,1,0,0,0,0,0,50160
F,90000400,0,90,1,1,0,0,50160
F,90000401,1,0,1,0,0,0,50160
F,90000800,0,0,0,0,0,0,50160
F,90001000,0,0,0,0,0,0,50160
F,90001200,0,0,0,0,0,0,50160
F,90001201,1,0,0,0,0,0,50160
F,90001600,0,0,0,0,0,0,50160
F,90000000,0,0,0,0,0,0,50220
F,90000001,1,0,0,0,0,0,50220
F,90000200,0,0,0,0,0,0,50220
F,90000201,1,0,0,0,0,0,50220
F,90000400,0,90,1,1,0,0,50220
F,90000401,1,0,1,0,0,0,50220
F,90000800,0,0,0,0,0,0,50220
F,90001000,0,0,0,0,0,0,50220
F,90001200,0,0,0,0,0,0,50220
F,90001201,1,0,0,0,0,0,50220
F,90001600,0,0,0,0,0,0,50220
F,90000000,0,0,0,0,0,0,50280
F,90000001,1,0,0,0,0,0,50280
F,90000200,0,0,0,0,0,0,50280
F,90000201,1,0,0,0,0,0,50280
F,90000400,0,90,1,1,0,0,50280
F,90000401,1,0,1,0,0,0,50280
F,90000800,0,0,0,0,0,0,50280
F,90001000,0,0,0,0,0,0,50280
F,90001200,0,0,0,0,0,0,50280
F,90001201,1,0,0,0,0,0,50280
F,90001600,0,0,0,0,0,0,50280
F,90000000,0,0,0,0,0,0,50340
F,90000001,1,0,0,0,0,0,50340
F,90000200,0,0,0,0,0,0,50340
F,90000201,1,0,0,0,0,0,50340
F,90000400,0,90,1,1,0,0,50340
F,90000401,1,0,1,0,0,0,50340
F,90000800,0,0,0,0,0,0,50340
F,90001000,0,0,0,0,0,0,50340
F,90001200,0,0,0,0,0,0,50340
F,90001201,1,0,0,0,0,0,50340
F,90001600,0,0,0,0,0,0,50340
F,90000000,0,0,0,0,0,0,50400
F,90000001,1,0,0,0,0,0,50400
F,90000200,0,0,0,0,0,0,50400
F,90000201,1,0,0,0,0,0,50400
F,90000400,0,90,1,1,0,0,50400
F,90000401,1,0,1,0,0,0,50400
F,90000800,0,0,0,0,0,0,50400
F,90001000,0,0,0,0,0,0,50400
F,90001200,0,0,0,0,0,0,50400
F,90001201,1,0,0,0,0,0,50400
F,90001600,0,0,0,0,0,0,50400
F,90000000,0,0,0,0,0,0,50460
F,90000001,1,0,0,0,0,0,50460
F,90000200,0,0,0,0,0,0,50460
F,90000201,1,0,0,0,0,0,50460
F,90000400,0,90,1,1,0,0,50460
F,90000401,1,0,1,0,0,0,50460
F,90000800,0,0,0,0,0,0,50460
F,90001000,0,0,0,0,0,0,50460
F,90001200,0,0,0,0,0,0,50460
F,90001201,1,0,0,0,0,0,50460
F,90001600,0,0,0,0,0,0,50460
F,90000000,0,0,0,0,0,0,50520
F,90000001,1,0,0,0,0,0,50520
F,90000200,0,0,0,0,0,0,50520
F,90000201,1,0,0,0,0,0,50520
F,90000400,0,90,1,1,0,0,50520
F,90000401,1,0,1,0,0,0,50520
F,90000800,0,0,0,0,0,0,50520
F,90001000,0,0,0,0,0,0,50520
F,90001200,0,0,0,0,0,0,50520
F,90001201,1,0,0,0,0,0,50520
F,90001600,0,0,0,0,0,0,50520
F,90000000,0,0,0,0,0,0,50580
F,90000001,1,0,0,0,0,0,50580
F,90000200,0,0,0,0,0,0,50580
F,90000201,1,0,0,0,0,0,50580
F,90000400,0,90,1,1,0,0,50580
F,90000401,1,0,1,0,0,0,50580
F,90000800,0,0,0,0,0,0,50580
F,90001000,0,0,0,0,0,0,50580
F,90001200,0,0,0,0,0,0,50580
F,90001201,1,0,0,0,0,0,50580
F,90001600,0,0,0,0,0,0,50580
F,90000000,0,0,0,0,0,0,50640
F,90000001,1,0,0,0,0,0,50640
F,90000200,0,0,0,0,0,0,50640
F,90000201,1,0,0,0,0,0,50640
F,90000400,0,90,1,1,0,0,50640
F,90000401,1,0,1,0,0,0,50640
F,90000800,0,0,0,0,0,0,50640
F,90001000,0,0,0,0,0,0,50640
F,90001200,0,0,0,0,0,0,50640
F,90001201,1,0,0,0,0,0,50640
F,90001600,0,0,0,0,0,0,50640
F,90000000,0,0,0,0,0,0,50700
F,90000001,1,0,0,0,0,0,50700
F,90000200,0,0,0,0,0,0,50700
F,90000201,1,0,0,0,0,0,50700
F,90000400,0,90,1,1,0,0,50700
F,90000401,1,0,1,0,0,0,50700
F,90000800,0,0,0,0,0,0,50700
F,90001000,0,0,0,0,0,0,50700
F,90001200,0,0,0,0,0,0,50700
F,90001201,1,0,0,0,0,0,50700
F,90001600,0,0,0,0,0,0,50700
F,90000000,0,0,0,0,0,0,50760
F,90000001,1,0,0,0,0,0,50760
F,90000200,0,0,0,0,0,0,50760
F,90000201,1,0,0,0,0,0,50760
F,90000400,0,90,1,1,0,0,50760
F,90000401,1,0,1,0,0,0,50760
F,90000800,0,0,0,0,0,0,50760
F,90001000,0,0,0,0,0,0,50760
F,90001200,0,0,0,0,0,0,50760
F,90001201,1,0,0,0,0,0,50760
F,90001600,0,0,0,0,0,0,50760
F,90000000,0,0,0,0,0,0,50820
F,90000001,1,0,0,0,0,0,50820
F,90000200,0,0,0,0,0,0,50820
F,90000201,1,0,0,0,0,0,50820
F,90000400,0,90,1,1,0,0,50820
F,90000401,1,0,1,0,0,0,50820
F,90000800,0,0,0,0,0,0,50820
F,90001000,0,0,0,0,0,0,50820
F,90001200,0,0,0,0,0,0,50820
F,90001201,1,0,0,0,0,0,50820
F,90001600,0,0,0,0,0,0,50820
F,90000000,0,0,0,0,0,0,50880
F,90000001,1,0,0,0,0,0,50880
F,90000200,0,0,0,0,0,0,50880
F,90000201,1,0,0,0,0,0,50880
F,90000400,0,90,1,1,0,0,50880
F,90000401,1,0,1,0,0,0,50880
F,90000800,0,0,0,0,0,0,50880
F,90001000,0,0,0,0,0,0,50880
F,90001200,0,0,0,0,0,0,50880
F,90001201,1,0,0,0,0,0,50880
F,90001600,0,0,0,0,0,0,50880
F,90000000,0,0,0,0,0,0,50940
F,90000001,1,0,0,0,0,0,50940
F,90000200,0,0,0,0,0,0,50940
F,90000201,1,0,0,0,0,0,50940
F,90000400,0,90,1,1,0,0,50940
F,90000401,1,0,1,0,0,0,50940
F,90000800,0,0,0,0,0,0,50940
F,90001000,0,0,0,0,0,0,50940
F,90001200,0,0,0,0,0,0,50940
F,90001201,1,0,0,0,0,0,50940
F,90001600,0,0,0,0,0,0,50940
F,90000000,0,0,0,0,0,0,51000
F,90000001,1,0,0,0,0,0,51000
F,90000200,0,0,0,0,0,0,51000
F,90000201,1,0,0,0,0,0,51000
F,90000400,0,90,1,1,0,0,51000
F,90000401,1,0,1,0,0,0,51000
F,90000800,0,0,0,0,0,0,51000
F,90001000,0,0,0,0,0,0,51000
F,90001200,0,0,0,0,0,0,51000
F,90001201,1,0,0,0,0,0,51000
F,90001600,0,0,0,0,0,0,51000
F,90000000,0,90,1,1,0,0,51060
F,90000001,1,0,1,0,0,0,51060
F,90000200,0,0,0,0,0,0,51060
F,90000201,1,0,0,0,0,0,51060
F,90000400,0,90,1,1,0,0,51060
F,90000401,1,0,1,0,0,0,51060
F,90000800,0,0,0,0,0,0,51060
F,90001000,0,0,0,0,0,0,51060
F,90001200,0,0,0,0,0,0,51060
F,90001201,1,0,0,0,0,0,51060
F,90001600,0,0,0,0,0,0,51060
F,90000000,0,90,1,1,0,0,51120
F,90000001,1,0,1,0,0,0,51120
F,90000200,0,0,0,0,0,0,51120
F,90000201,1,0,0,0,0,0,51120
F,90000400,0,90,1,1,0,0,51120
F,90000401,1,0,1,0,0,0,51120
F,90000800,0,0,0,0,0,0,51120
F,90001000,0,0,0,0,0,0,51120
F,90001200,0,0,0,0,0,0,51120
F,90001201,1,0,0,0,0,0,51120
F,90001600,0,0,0,0,0,0,51120
F,90000000,0,90,1,1,0,0,51180
F,90000001,1,0,1,0,0,0,51180
F,90000200,0,0,0,0,0,0,51180
F,90000201,1,0,0,0,0,0,51180
F,90000400,0,90,1,1,0,0,51180
F,90000401,1,0,1,0,0,0,51180
F,90000800,0,0,0,0,0,0,51180
F,90001000,0,0,0,0,0,0,51180
F,90001200,0,0,0,0,0,0,51180
F,90001201,1,0,0,0,0,0,51180
F,90001600,0,0,0,0,0,0,51180
F,90000000,0,90,1,1,0,0,51240
F,90000001,1,0,1,0,0,0,51240
F,90000200,0,0,0,0,0,0,51240
F,90000201,1,0,0,0,0,0,51240
F,90000400,0,90,1,1,0,0,51240
F,90000401,1,0,1,0,0,0,51240
F,90000800,0,0,0,0,0,0,51240
F,90001000,0,0,0,0,0,0,51240
F,90001200,0,0,0,0,0,0,51240
F,90001201,1,0,0,0,0,0,51240
F,90001600,0,0,0,0,0,0,51240
F,90000000,0,90,1,1,0,0,51300
F,90000001,1,0,1,0,0,0,51300
F,90000200,0,0,0,0,0,0,51300
F,90000201,1,0,0,0,0,0,51300
F,90000400,0,90,1,1,0,0,51300
F,90000401,1,0,1,0,0,0,51300
F,90000800,0,0,0,0,0,0,51300
F,90001000,0,0,0,0,0,0,51300
F,90001200,0,0,0,0,0,0,51300
F,90001201,1,0,0,0,0,0,51300
F,90001600,0,0,0,0,0,0,51300
F,90000000,0,90,1,1,0,0,51360
F,90000001,1,0,1,0,0,0,51360
F,90000200,0,90,1,1,0,0,51360
F,90000201,1,0,1,0,0,0,51360
F,90000400,0,0,0,0,0,0,51360
F,90000401,1,0,0,0,0,0,51360
F,90000800,0,0,0,0,0,0,51360
F,90001000,0,0,0,0,0,0,51360
F,90001200,0,0,0,0,0,0,51360
F,90001201,1,0,0,0,0,0,51360
F,90001600,0,0,0,0,0,0,51360
F,90000000,0,90,1,1,0,0,51420
F,90000001,1,0,1,0,0,0,51420
F,90000200,0,90,1,1,0,0,51420
F,90000201,1,0,1,0,0,0,51420
F,90000400,0,0,0,0,0,0,51420
F,90000401,1,0,0,0,0,0,51420
F,90000800,0,0,0,0,0,0,51420
F,90001000,0,0,0,0,0,0,51420
F,90001200,0,0,0,0,0,0,51420
F,90001201,1,0,0,0,0,0,51420
F,90001600,0,0,0,0,0,0,51420
F,90000000,0,90,1,1,0,0,51480
F,90000001,1,0,1,0,0,0,51480
F,90000200,0,90,1,1,0,0,51480
F,90000201,1,0,1,0,0,0,51480
F,90000400,0,0,0,0,0,0,51480
F,90000401,1,0,0,0,0,0,51480
F,90000800,0,0,0,0,0,0,51480
F,90001000,0,0,0,0,0,0,51480
F,90001200,0,0,0,0,0,0,51480
F,90001201,1,0,0,0,0,0,51480
F,90001600,0,0,0,0,0,0,51480
F,90000000,0,90,1,1,0,0,51540
F,90000001,1,0,1,0,0,0,51540
F,90000200,0,90,1,1,0,0,51540
F,90000201,1,0,1,0,0,0,51540
F,90000400,0,0,0,0,0,0,51540
F,90000401,1,0,0,0,0,0,51540
F,90000800,0,0,0,0,0,0,51540
F,90001000,0,0,0,0,0,0,51540
F,90001200,0,0,0,0,0,0,51540
F,90001201,1,0,0,0,0,0,51540
F,90001600,0,0,0,0,0,0,51540
F,90000000,0,90,1,1,0,0,51600
F,90000001,1,0,1,0,0,0,51600
F,90000200,0,90,1,1,0,0,51600
F,90000201,1,0,1,0,0,0,51600
F,90000400,0,0,0,0,0,0,51600
F,90000401,1,0,0,0,0,0,51600
F,90000800,0,0,0,0,0,0,51600
F,90001000,0,0,0,0,0,0,51600
F,90001200,0,0,0,0,0,0,51600
F,90001201,1,0,0,0,0,0,51600
F,90001600,0,0,0,0,0,0,51600
F,90000000,0,90,1,1,0,0,51660
F,90000001,1,0,1,0,0,0,51660
F,90000200,0,90,1,1,0,0,51660
F,90000201,1,0,1,0,0,0,51660
F,90000400,0,0,0,0,0,0,51660
F,90000401,1,0,0,0,0,0,51660
F,90000800,0,0,0,0,0,0,51660
F,90001000,0,0,0,0,0,0,51660
F,90001200,0,0,0,0,0,0,51660
F,90001201,1,0,0,0,0,0,51660
F,90001600,0,0,0,0,0,0,51660
F,90000000,0,90,1,1,0,0,51720
F,90000001,1,0,1,0,0,0,51720
F,90000200,0,90,1,1,0,0,51720
F,90000201,1,0,1,0,0,0,51720
F,90000400,0,0,0,0,0,0,51720
F,90000401,1,0,0,0,0,0,51720
F,90000800,0,0,0,0,0,0,51720
F,90001000,0,0,0,0,0,0,51720
F,90001200,0,0,0,0,0,0,51720
F,90001201,1,0,0,0,0,0,51720
F,90001600,0,0,0,0,0,0,51720
F,90000000,0,90,1,1,0,0,51780
F,90000001,1,0,1,0,0,0,51780
F,90000200,0,90,1,1,0,0,51780
F,90000201,1,0,1,0,0,0,51780
F,90000400,0,0,0,0,0,0,51780
F,90000401,1,0,0,0,0,0,51780
F,90000800,0,0,0,0,0,0,51780
F,90001000,0,0,0,0,0,0,51780
F,90001200,0,0,0,0,0,0,51780
F,90001201,1,0,0,0,0,0,51780
F,90001600,0,0,0,0,0,0,51780
F,90000000,0,90,1,1,0,0,51840
F,90000001,1,0,1,0,0,0,51840
F,90000200,0,90,1,1,0,0,51840
F,90000201,1,0,1,0,0,0,51840
F,90000400,0,0,0,0,0,0,51840
F,90000401,1,0,0,0,0,0,51840
F,90000800,0,0,0,0,0,0,51840
F,90001000,0,0,0,0,0,0,51840
F,90001200,0,0,0,0,0,0,51840
F,90001201,1,0,0,0,0,0,51840
F,90001600,0,0,0,0,0,0,51840
F,90000000,0,90,1,1,0,0,51900
F,90000001,1,0,1,0,0,0,51900
F,90000200,0,90,1,1,0,0,51900
F,90000201,1,0,1,0,0,0,51900
F,90000400,0,0,0,0,0,0,51900
F,90000401,1,0,0,0,0,0,51900
F,90000800,0,0,0,0,0,0,51900
F,90001000,0,0,0,0,0,0,51900
F,90001200,0,0,0,0,0,0,51900
F,90001201,1,0,0,0,0,0,51900
F,90001600,0,0,0,0,0,0,51900
F,90000000,0,90,1,1,0,0,51960
F,90000001,1,0,1,0,0,0,51960
F,90000200,0,90,1,1,0,0,51960
F,90000201,1,0,1,0,0,0,51960
F,90000400,0,0,0,0,0,0,51960
F,90000401,1,0,0,0,0,0,51960
F,90000800,0,0,0,0,0,0,51960
F,90001000,0,0,0,0,0,0,51960
F,90001200,0,0,0,0,0,0,51960
F,90001201,1,0,0,0,0,0,51960
F,90001600,0,0,0,0,0,0,51960
F,90000000,0,90,1,1,0,0,52020
F,90000001,1,0,1,0,0,0,52020
F,90000200,0,90,1,1,0,0,52020
F,90000201,1,0,1,0,0,0,52020
F,90000400,0,0,0,0,0,0,52020
F,90000401,1,0,0,0,0,0,52020
F,90000800,0,0,0,0,0,0,52020
F,90001000,0,0,0,0,0,0,52020
F,90001200,0,0,0,0,0,0,52020
F,90001201,1,0,0,0,0,0,52020
F,90001600,0,0,0,0,0,0,52020
F,90000000,0,90,1,1,0,0,52080
F,90000001,1,0,1,0,0,0,52080
F,90000200,0,90,1,1,0,0,52080
F,90000201,1,0,1,0,0,0,52080
F,90000400,0,0,0,0,0,0,52080
F,90000401,1,0,0,0,0,0,52080
F,90000800,0,0,0,0,0,0,52080
F,90001000,0,0,0,0,0,0,52080
F,90001200,0,0,0,0,0,0,52080
F,90001201,1,0,0,0,0,0,52080
F,90001600,0,0,0,0,0,0,52080
F,90000000,0,90,1,1,0,0,52140
F,90000001,1,0,1,0,0,0,52140
F,90000200,0,90,1,1,0,0,52140
F,90000201,1,0,1,0,0,0,52140
F,90000400,0,0,0,0,0,0,52140
F,90000401,1,0,0,0,0,0,52140
F,90000800,0,0,0,0,0,0,52140
F,90001000,0,0,0,0,0,0,52140
F,90001200,0,0,0,0,0,0,52140
F,90001201,1,0,0,0,0,0,52140
F,90001600,0,0,0,0,0,0,52140
F,90000000,0,90,1,1,0,0,52200
F,90000001,1,0,1,0,0,0,52200
F,90000200,0,90,1,1,0,0,52200
F,90000201,1,0,1,0,0,0,52200
F,90000400,0,0,0,0,0,0,52200
F,90000401,1,0,0,0,0,0,52200
F,90000800,0,0,0,0,0,0,52200
F,90001000,0,0,0,0,0,0,52200
F,90001200,0,0,0,0,0,0,52200
F,90001201,1,0,0,0,0,0,52200
F,90001600,0,0,0,0,0,0,52200
F,90000000,0,90,1,1,0,0,52260
F,90000001,1,0,1,0,0,0,52260
F,90000200,0,90,1,1,0,0,52260
F,90000201,1,0,1,0,0,0,52260
F,90000400,0,0,0,0,0,0,52260
F,90000401,1,0,0,0,0,0,52260
F,90000800,0,0,0,0,0,0,52260
F,90001000,0,0,0,0,0,0,52260
F,90001200,0,0,0,0,0,0,52260
F,90001201,1,0,0,0,0,0,52260
F,90001600,0,0,0,0,0,0,52260
F,90000000,0,90,1,1,0,0,52320
F,90000001,1,0,1,0,0,0,52320
F,90000200,0,90,1,1,0,0,52320
F,90000201,1,0,1,0,0,0,52320
F,90000400,0,0,0,0,0,0,52320
F,90000401,1,0,0,0,0,0,52320
F,90000800,0,0,0,0,0,0,52320
F,90001000,0,0,0,0,0,0,52320
F,90001200,0,0,0,0,0,0,52320
F,90001201,1,0,0,0,0,0,52320
F,90001600,0,0,0,0,0,0,52320
F,90000000,0,90,1,1,0,0,52380
F,90000001,1,0,1,0,0,0,52380
F,90000200,0,90,1,1,0,0,52380
F,90000201,1,0,1,0,0,0,52380
F,90000400,0,0,0,0,0,0,52380
F,90000401,1,0,0,0,0,0,52380
F,90000800,0,0,0,0,0,0,52380
F,90001000,0,0,0,0,0,0,52380
F,90001200,0,0,0,0,0,0,52380
F,90001201,1,0,0,0,0,0,52380
F,90001600,0,0,0,0,0,0,52380
F,90000000,0,90,2,1,0,0,52440
F,90000001,1,90,2,1,0,0,52440
F,90000200,0,90,1,1,0,0,52440
F,90000201,1,0,1,0,0,0,52440
F,90000400,0,0,0,0,0,0,52440
F,90000401,1,0,0,0,0,0,52440
F,90000800,0,0,0,0,0,0,52440
F,90001000,0,0,0,0,0,0,52440
F,90001200,0,0,0,0,0,0,52440
F,90001201,1,0,0,0,0,0,52440
F,90001600,0,0,0,0,0,0,52440
F,90000000,0,90,2,1,0,0,52500
F,90000001,1,90,2,1,0,0,52500
F,90000200,0,90,1,1,0,0,52500
F,90000201,1,0,1,0,0,0,52500
F,90000400,0,0,0,0,0,0,52500
F,90000401,1,0,0,0,0,0,52500
F,90000800,0,0,0,0,0,0,52500
F,90001000,0,0,0,0,0,0,52500
F,90001200,0,0,0,0,0,0,52500
F,90001201,1,0,0,0,0,0,52500
F,90001600,0,0,0,0,0,0,52500
F,90000000,0,90,2,1,0,0,52560
F,90000001,1,90,2,1,0,0,52560
F,90000200,0,90,1,1,0,0,52560
F,90000201,1,0,1,0,0,0,52560
F,90000400,0,0,0,0,0,0,52560
F,90000401,1,0,0,0,0,0,52560
F,90000800,0,0,0,0,0,0,52560
F,90001000,0,0,0,0,0,0,52560
F,90001200,0,0,0,0,0,0,52560
F,90001201,1,0,0,0,0,0,52560
F,90001600,0,0,0,0,0,0,52560
F,90000000,0,90,2,1,0,0,52620
F,90000001,1,90,2,1,0,0,52620
F,90000200,0,90,1,1,0,0,52620
F,90000201,1,0,1,0,0,0,52620
F,90000400,0,0,0,0,0,0,52620
F,90000401,1,0,0,0,0,0,52620
F,90000800,0,90,1,1,0,0,52620
F,90001000,0,0,0,0,0,0,52620
F,90001200,0,0,0,0,0,0,52620
F,90001201,1,0,0,0,0,0,52620
F,90001600,0,0,0,0,0,0,52620
F,90000000,0,90,2,1,0,0,52680
F,90000001,1,90,2,1,0,0,52680
F,90000200,0,90,1,1,0,0,52680
F,90000201,1,0,1,0,0,0,52680
F,90000400,0,0,0,0,0,0,52680
F,90000401,1,0,0,0,0,0,52680
F,90000800,0,90,1,1,0,0,52680
F,90001000,0,0,0,0,0,0,52680
F,90001200,0,0,0,0,0,0,52680
F,90001201,1,0,0,0,0,0,52680
F,90001600,0,0,0,0,0,0,52680
F,90000000,0,90,2,1,0,0,52740
F,90000001,1,90,2,1,0,0,52740
F,90000200,0,90,1,1,0,0,52740
F,90000201,1,0,1,0,0,0,52740
F,90000400,0,0,0,0,0,0,52740
F,90000401,1,0,0,0,0,0,52740
F,90000800,0,90,1,1,0,0,52740
F,90001000,0,0,0,0,0,0,52740
F,90001200,0,0,0,0,0,0,52740
F,90001201,1,0,0,0,0,0,52740
F,90001600,0,0,0,0,0,0,52740
F,90000000,0,90,2,1,0,0,52800
F,90000001,1,90,2,1,0,0,52800
F,90000200,0,0,0,0,0,0,52800
F,90000201,1,0,0,0,0,0,52800
F,90000400,0,0,0,0,0,0,52800
F,90000401,1,0,0,0,0,0,52800
F,90000800,0,90,1,1,0,0,52800
F,90001000,0,0,0,0,0,0,52800
F,90001200,0,0,0,0,0,0,52800
F,90001201,1,0,0,0,0,0,52800
F,90001600,0,0,0,0,0,0,52800
F,90000000,0,90,2,1,0,0,52860
F,90000001,1,90,2,1,0,0,52860
F,90000200,0,0,0,0,0,0,52860
F,90000201,1,0,0,0,0,0,52860
F,90000400,0,0,0,0,0,0,52860
F,90000401,1,0,0,0,0,0,52860
F,90000800,0,90,1,1,0,0,52860
F,90001000,0,0,0,0,0,0,52860
F,90001200,0,0,0,0,0,0,52860
F,90001201,1,0,0,0,0,0,52860
F,90001600,0,0,0,0,0,0,52860
F,90000000,0,90,2,1,0,0,52920
F,90000001,1,90,2,1,0,0,52920
F,90000200,0,0,0,0,0,0,52920
F,90000201,1,0,0,0,0,0,52920
F,90000400,0,0,0,0,0,0,52920
F,90000401,1,0,0,0,0,0,52920
F,90000800,0,90,1,1,0,0,52920
F,90001000,0,0,0,0,0,0,52920
F,90001200,0,0,0,0,0,0,52920
F,90001201,1,0,0,0,0,0,52920
F,90001600,0,0,0,0,0,0,52920
F,90000000,0,90,2,1,0,0,52980
F,90000001,1,90,2,1,0,0,52980
F,90000200,0,0,0,0,0,0,52980
F,90000201,1,0,0,0,0,0,52980
F,90000400,0,0,0,0,0,0,52980
F,90000401,1,0,0,0,0,0,52980
F,90000800,0,90,1,1,0,0,52980
F,90001000,0,0,0,0,0,0,52980
F,90001200,0,0,0,0,0,0,52980
F,90001201,1,0,0,0,0,0,52980
F,90001600,0,0,0,0,0,0,52980
F,90000000,0,90,2,1,0,0,53040
F,90000001,1,90,2,1,0,0,53040
F,90000200,0,0,0,0,0,0,53040
F,90000201,1,0,0,0,0,0,53040
F,90000400,0,0,0,0,0,0,53040
F,90000401,1,0,0,0,0,0,53040
F,90000800,0,90,1,1,0,0,53040
F,90001000,0,0,0,0,0,0,53040
F,90001200,0,0,0,0,0,0,53040
F,90001201,1,0,0,0,0,0,53040
F,90001600,0,0,0,0,0,0,53040
F,90000000,0,90,2,1,0,0,53100
F,90000001,1,90,2,1,0,0,53100
F,90000200,0,0,0,0,0,0,53100
F,90000201,1,0,0,0,0,0,53100
F,90000400,0,0,0,0,0,0,53100
F,90000401,1,0,0,0,0,0,53100
F,90000800,0,90,1,1,0,0,53100
F,90001000,0,0,0,0,0,0,53100
F,90001200,0,0,0,0,0,0,53100
F,90001201,1,0,0,0,0,0,53100
F,90001600,0,0,0,0,0,0,53100
F,90000000,0,90,2,1,0,0,53160
F,90000001,1,90,2,1,0,0,53160
F,90000200,0,0,0,0,0,0,53160
F,90000201,1,0,0,0,0,0,53160
F,90000400,0,0,0,0,0,0,53160
F,90000401,1,0,0,0,0,0,53160
F,90000800,0,90,1,1,0,0,53160
F,90001000,0,0,0,0,0,0,53160
F,90001200,0,0,0,0,0,0,53160
F,90001201,1,0,0,0,0,0,53160
F,90001600,0,0,0,0,0,0,53160
F,90000000,0,90,2,1,0,0,53220
F,90000001,1,90,2,1,0,0,53220
F,90000200,0,0,0,0,0,0,53220
F,90000201,1,0,0,0,0,0,53220
F,90000400,0,0,0,0,0,0,53220
F,90000401,1,0,0,0,0,0,53220
F,90000800,0,90,1,1,0,0,53220
F,90001000,0,0,0,0,0,0,53220
F,90001200,0,0,0,0,0,0,53220
F,90001201,1,0,0,0,0,0,53220
F,90001600,0,0,0,0,0,0,53220
F,90000000,0,90,2,1,0,0,53280
F,90000001,1,90,2,1,0,0,53280
F,90000200,0,0,0,0,0,0,53280
F,90000201,1,0,0,0,0,0,53280
F,90000400,0,0,0,0,0,0,53280
F,90000401,1,0,0,0,0,0,53280
F,90000800,0,90,1,1,0,0,53280
F,90001000,0,0,0,0,0,0,53280
F,90001200,0,0,0,0,0,0,53280
F,90001201,1,0,0,0,0,0,53280
F,90001600,0,0,0,0,0,0,53280
F,90000000,0,90,2,1,0,0,53340
F,90000001,1,90,2,1,0,0,53340
F,90000200,0,90,1,1,0,0,53340
F,90000201,1,0,1,0,0,0,53340
F,90000400,0,0,0,0,0,0,53340
F,90000401,1,0,0,0,0,0,53340
F,90000800,0,90,1,1,0,0,53340
F,90001000,0,0,0,0,0,0,53340
F,90001200,0,0,0,0,0,0,53340
F,90001201,1,0,0,0,0,0,53340
F,90001600,0,0,0,0,0,0,53340
F,90000000,0,90,2,1,0,0,53400
F,90000001,1,90,2,1,0,0,53400
F,90000200,0,90,1,1,0,0,53400
F,90000201,1,0,1,0,0,0,53400
F,90000400,0,0,0,0,0,0,53400
F,90000401,1,0,0,0,0,0,53400
F,90000800,0,90,1,1,0,0,53400
F,90001000,0,0,0,0,0,0,53400
F,90001200,0,0,0,0,0,0,53400
F,90001201,1,0,0,0,0,0,53400
F,90001600,0,0,0,0,0,0,53400
F,90000000,0,90,2,1,0,0,53460
F,90000001,1,90,2,1,0,0,53460
F,90000200,0,90,1,1,0,0,53460
F,90000201,1,0,1,0,0,0,53460
F,90000400,0,0,0,0,0,0,53460
F,90000401,1,0,0,0,0,0,53460
F,90000800,0,90,1,1,0,0,53460
F,90001000,0,0,0,0,0,0,53460
F,90001200,0,0,0,0,0,0,53460
F,90001201,1,0,0,0,0,0,53460
F,90001600,0,0,0,0,0,0,53460
F,90000000,0,90,2,1,0,0,53520
F,90000001,1,90,2,1,0,0,53520
F,90000200,0,90,1,1,0,0,53520
F,90000201,1,0,1,0,0,0,53520
F,90000400,0,0,0,0,0,0,53520
F,90000401,1,0,0,0,0,0,53520
F,90000800,0,90,1,1,0,0,53520
F,90001000,0,0,0,0,0,0,53520
F,90001200,0,0,0,0,0,0,53520
F,90001201,1,0,0,0,0,0,53520
F,90001600,0,0,0,0,0,0,53520
F,90000000,0,90,2,1,0,0,53580
F,90000001,1,90,2,1,0,0,53580
F,90000200,0,90,1,1,0,0,53580
F,90000201,1,0,1,0,0,0,53580
F,90000400,0,0,0,0,0,0,53580
F,90000401,1,0,0,0,0,0,53580
F,90000800,0,90,1,1,0,0,53580
F,90001000,0,0,0,0,0,0,53580
F,90001200,0,0,0,0,0,0,53580
F,90001201,1,0,0,0,0,0,53580
F,90001600,0,0,0,0,0,0,53580
F,90000000,0,90,2,1,0,0,53640
F,90000001,1,90,2,1,0,0,53640
F,90000200,0,90,1,1,0,0,53640
F,90000201,1,0,1,0,0,0,53640
F,90000400,0,0,0,0,0,0,53640
F,90000401,1,0,0,0,0,0,53640
F,90000800,0,90,1,1,0,0,53640
F,90001000,0,0,0,0,0,0,53640
F,90001200,0,0,0,0,0,0,53640
F,90001201,1,0,0,0,0,0,53640
F,90001600,0,0,0,0,0,0,53640
F,90000000,0,90,2,1,0,0,53700
F,90000001,1,90,2,1,0,0,53700
F,90000200,0,90,1,1,0,0,53700
F,90000201,1,0,1,0,0,0,53700
F,90000400,0,0,0,0,0,0,53700
F,90000401,1,0,0,0,0,0,53700
F,90000800,0,90,1,1,0,0,53700
F,90001000,0,0,0,0,0,0,53700
F,90001200,0,0,0,0,0,0,53700
F,90001201,1,0,0,0,0,0,53700
F,90001600,0,0,0,0,0,0,53700
F,90000000,0,90,2,1,0,0,53760
F,90000001,1,90,2,1,0,0,53760
F,90000200,0,90,1,1,0,0,53760
F,90000201,1,0,1,0,0,0,53760
F,90000400,0,0,0,0,0,0,53760
F,90000401,1,0,0,0,0,0,53760
F,90000800,0,90,1,1,0,0,53760
F,90001000,0,0,0,0,0,0,53760
F,90001200,0,0,0,0,0,0,53760
F,90001201,1,0,0,0,0,0,53760
F,90001600,0,0,0,0,0,0,53760
F,90000000,0,90,2,1,0,0,53820
F,90000001,1,90,2,1,0,0,53820
F,90000200,0,90,1,1,0,0,53820
F,90000201,1,0,1,0,0,0,53820
F,90000400,0,0,0,0,0,0,53820
F,90000401,1,0,0,0,0,0,53820
F,90000800,0,90,1,1,0,0,53820
F,90001000,0,0,0,0,0,0,53820
F,90001200,0,0,0,0,0,0,53820
F,90001201,1,0,0,0,0,0,53820
F,90001600,0,0,0,0,0,0,53820
F,90000000,0,90,1,1,0,0,53880
F,90000001,1,0,1,0,0,0,53880
F,90000200,0,90,1,1,0,0,53880
F,90000201,1,0,1,0,0,0,53880
F,90000400,0,0,0,0,0,0,53880
F,90000401,1,0,0,0,0,0,53880
F,90000800,0,90,1,1,0,0,53880
F,90001000,0,0,0,0,0,0,53880
F,90001200,0,0,0,0,0,0,53880
F,90001201,1,0,0,0,0,0,53880
F,90001600,0,0,0,0,0,0,53880
F,90000000,0,0,0,0,0,0,53940
F,90000001,1,0,0,0,0,0,53940
F,90000200,0,90,1,1,0,0,53940
F,90000201,1,0,1,0,0,0,53940
F,90000400,0,0,0,0,0,0,53940
F,90000401,1,0,0,0,0,0,53940
F,90000800,0,90,1,1,0,0,53940
F,90001000,0,0,0,0,0,0,53940
F,90001200,0,0,0,0,0,0,53940
F,90001201,1,0,0,0,0,0,53940
F,90001600,0,0,0,0,0,0,53940
F,90000000,0,0,0,0,0,0,54000
F,90000001,1,0,0,0,0,0,54000
F,90000200,0,90,1,1,0,0,54000
F,90000201,1,0,1,0,0,0,54000
F,90000400,0,0,0,0,0,0,54000
F,90000401,1,0,0,0,0,0,54000
F,90000800,0,90,1,1,0,0,54000
F,90001000,0,0,0,0,0,0,54000
F,90001200,0,0,0,0,0,0,54000
F,90001201,1,0,0,0,0,0,54000
F,90001600,0,0,0,0,0,0,54000
F,90000000,0,0,0,0,0,0,54060
F,90000001,1,0,0,0,0,0,54060
F,90000200,0,90,1,1,0,0,54060
F,90000201,1,0,1,0,0,0,54060
F,90000400,0,0,0,0,0,0,54060
F,90000401,1,0,0,0,0,0,54060
F,90000800,0,0,0,0,0,0,54060
F,90001000,0,0,0,0,0,0,54060
F,90001200,0,0,0,0,0,0,54060
F,90001201,1,0,0,0,0,0,54060
F,90001600,0,0,0,0,0,0,54060
F,90000000,0,0,0,0,0,0,54120
F,90000001,1,0,0,0,0,0,54120
F,90000200,0,90,1,1,0,0,54120
F,90000201,1,0,1,0,0,0,54120
F,90000400,0,0,0,0,0,0,54120
F,90000401,1,0,0,0,0,0,54120
F,90000800,0,0,0,0,0,0,54120
F,90001000,0,0,0,0,0,0,54120
F,90001200,0,0,0,0,0,0,54120
F,90001201,1,0,0,0,0,0,54120
F,90001600,0,0,0,0,0,0,54120
F,90000000,0,0,0,0,0,0,54180
F,90000001,1,0,0,0,0,0,54180
F,90000200,0,90,1,1,0,0,54180
F,90000201,1,0,1,0,0,0,54180
F,90000400,0,0,0,0,0,0,54180
F,90000401,1,0,0,0,0,0,54180
F,90000800,0,0,0,0,0,0,54180
F,90001000,0,0,0,0,0,0,54180
F,90001200,0,0,0,0,0,0,54180
F,90001201,1,0,0,0,0,0,54180
F,90001600,0,0,0,0,0,0,54180
F,90000000,0,0,0,0,0,0,54240
F,90000001,1,0,0,0,0,0,54240
F,90000200,0,90,1,1,0,0,54240
F,90000201,1,0,1,0,0,0,54240
F,90000400,0,0,0,0,0,0,54240
F,90000401,1,0,0,0,0,0,54240
F,90000800,0,0,0,0,0,0,54240
F,90001000,0,0,0,0,0,0,54240
F,90001200,0,0,0,0,0,0,54240
F,90001201,1,0,0,0,0,0,54240
F,90001600,0,0,0,0,0,0,54240
F,90000000,0,0,0,0,0,0,54300
F,90000001,1,0,0,0,0,0,54300
F,90000200,0,90,1,1,0,0,54300
F,90000201,1,0,1,0,0,0,54300
F,90000400,0,0,0,0,0,0,54300
F,90000401,1,0,0,0,0,0,54300
F,90000800,0,0,0,0,0,0,54300
F,90001000,0,0,0,0,0,0,54300
F,90001200,0,0,0,0,0,0,54300
F,90001201,1,0,0,0,0,0,54300
F,90001600,0,0,0,0,0,0,54300
F,90000000,0,0,0,0,0,0,54360
F,90000001,1,0,0,0,0,0,54360
F,90000200,0,90,1,1,0,0,54360
F,90000201,1,0,1,0,0,0,54360
F,90000400,0,0,0,0,0,0,54360
F,90000401,1,0,0,0,0,0,54360
F,90000800,0,0,0,0,0,0,54360
F,90001000,0,0,0,0,0,0,54360
F,90001200,0,0,0,0,0,0,54360
F,90001201,1,0,0,0,0,0,54360
F,90001600,0,0,0,0,0,0,54360
F,90000000,0,0,0,0,0,0,54420
F,90000001,1,0,0,0,0,0,54420
F,90000200,0,90,1,1,0,0,54420
F,90000201,1,0,1,0,0,0,54420
F,90000400,0,0,0,0,0,0,54420
F,90000401,1,0,0,0,0,0,54420
F,90000800,0,0,0,0,0,0,54420
F,90001000,0,0,0,0,0,0,54420
F,90001200,0,0,0,0,0,0,54420
F,90001201,1,0,0,0,0,0,54420
F,90001600,0,0,0,0,0,0,54420
F,90000000,0,0,0,0,0,0,54480
F,90000001,1,0,0,0,0,0,54480
F,90000200,0,90,1,1,0,0,54480
F,90000201,1,0,1,0,0,0,54480
F,90000400,0,0,0,0,0,0,54480
F,90000401,1,0,0,0,0,0,54480
F,90000800,0,0,0,0,0,0,54480
F,90001000,0,0,0,0,0,0,54480
F,90001200,0,0,0,0,0,0,54480
F,90001201,1,0,0,0,0,0,54480
F,90001600,0,0,0,0,0,0,54480
F,90000000,0,0,0,0,0,0,54540
F,90000001,1,0,0,0,0,0,54540
F,90000200,0,90,1,1,0,0,54540
F,90000201,1,0,1,0,0,0,54540
F,90000400,0,0,0,0,0,0,54540
F,90000401,1,0,0,0,0,0,54540
F,90000800,0,0,0,0,0,0,54540
F,90001000,0,0,0,0,0,0,54540
F,90001200,0,0,0,0,0,0,54540
F,90001201,1,0,0,0,0,0,54540
F,90001600,0,0,0,0,0,0,54540
F,90000000,0,0,0,0,0,0,54600
F,90000001,1,0,0,0,0,0,54600
F,90000200,0,90,1,1,0,0,54600
F,90000201,1,0,1,0,0,0,54600
F,90000400,0,0,0,0,0,0,54600
F,90000401,1,0,0,0,0,0,54600
F,90000800,0,0,0,0,0,0,54600
F,90001000,0,0,0,0,0,0,54600
F,90001200,0,0,0,0,0,0,54600
F,90001201,1,0,0,0,0,0,54600
F,90001600,0,0,0,0,0,0,54600
F,90000000,0,0,0,0,0,0,54660
F,90000001,1,0,0,0,0,0,54660
F,90000200,0,90,1,1,0,0,54660
F,90000201,1,0,1,0,0,0,54660
F,90000400,0,0,0,0,0,0,54660
F,90000401,1,0,0,0,0,0,54660
F,90000800,0,0,0,0,0,0,54660
F,90001000,0,0,0,0,0,0,54660
F,90001200,0,0,0,0,0,0,54660
F,90001201,1,0,0,0,0,0,54660
F,90001600,0,0,0,0,0,0,54660
F,90000000,0,0,0,0,0,0,54720
F,90000001,1,0,0,0,0,0,54720
F,90000200,0,90,1,1,0,0,54720
F,90000201,1,0,1,0,0,0,54720
F,90000400,0,0,0,0,0,0,54720
F,90000401,1,0,0,0,0,0,54720
F,90000800,0,0,0,0,0,0,54720
F,90001000,0,0,0,0,0,0,54720
F,90001200,0,0,0,0,0,0,54720
F,90001201,1,0,0,0,0,0,54720
F,90001600,0,0,0,0,0,0,54720
F,90000000,0,0,0,0,0,0,54780
F,90000001,1,0,0,0,0,0,54780
F,90000200,0,0,0,0,0,0,54780
F,90000201,1,0,0,0,0,0,54780
F,90000400,0,0,0,0,0,0,54780
F,90000401,1,0,0,0,0,0,54780
F,90000800,0,0,0,0,0,0,54780
F,90001000,0,0,0,0,0,0,54780
F,90001200,0,0,0,0,0,0,54780
F,90001201,1,0,0,0,0,0,54780
F,90001600,0,0,0,0,0,0,54780
F,90000000,0,0,0,0,0,0,54840
F,90000001,1,0,0,0,0,0,54840
F,90000200,0,0,0,0,0,0,54840
F,90000201,1,0,0,0,0,0,54840
F,90000400,0,0,0,0,0,0,54840
F,90000401,1,0,0,0,0,0,54840
F,90000800,0,0,0,0,0,0,54840
F,90001000,0,0,0,0,0,0,54840
F,90001200,0,0,0,0,0,0,54840
F,90001201,1,0,0,0,0,0,54840
F,90001600,0,0,0,0,0,0,54840
F,90000000,0,0,0,0,0,0,54900
F,90000001,1,0,0,0,0,0,54900
F,90000200,0,0,0,0,0,0,54900
F,90000201,1,0,0,0,0,0,54900
F,90000400,0,0,0,0,0,0,54900
F,90000401,1,0,0,0,0,0,54900
F,90000800,0,0,0,0,0,0,54900
F,90001000,0,0,0,0,0,0,54900
F,90001200,0,0,0,0,0,0,54900
F,90001201,1,0,0,0,0,0,54900
F,90001600,0,0,0,0,0,0,54900
F,90000000,0,0,0,0,0,0,54960
F,90000001,1,0,0,0,0,0,54960
F,90000200,0,0,0,0,0,0,54960
F,90000201,1,0,0,0,0,0,54960
F,90000400,0,0,0,0,0,0,54960
F,90000401,1,0,0,0,0,0,54960
F,90000800,0,0,0,0,0,0,54960
F,90001000,0,0,0,0,0,0,54960
F,90001200,0,0,0,0,0,0,54960
F,90001201,1,0,0,0,0,0,54960
F,90001600,0,0,0,0,0,0,54960
F,90000000,0,0,0,0,0,0,55020
F,90000001,1,0,0,0,0,0,55020
F,90000200,0,0,0,0,0,0,55020
F,90000201,1,0,0,0,0,0,55020
F,90000400,0,0,0,0,0,0,55020
F,90000401,1,0,0,0,0,0,55020
F,90000800,0,0,0,0,0,0,55020
F,90001000,0,0,0,0,0,0,55020
F,90001200,0,0,0,0,0,0,55020
F,90001201,1,0,0,0,0,0,55020
F,90001600,0,0,0,0,0,0,55020
F,90000000,0,0,0,0,0,0,55080
F,90000001,1,0,0,0,0,0,55080
F,90000200,0,0,0,0,0,0,55080
F,90000201,1,0,0,0,0,0,55080
F,90000400,0,0,0,0,0,0,55080
F,90000401,1,0,0,0,0,0,55080
F,90000800,0,0,0,0,0,0,55080
F,90001000,0,0,0,0,0,0,55080
F,90001200,0,0,0,0,0,0,55080
F,90001201,1,0,0,0,0,0,55080
F,90001600,0,0,0,0,0,0,55080
F,90000000,0,0,0,0,0,0,55140
F,90000001,1,0,0,0,0,0,55140
F,90000200,0,0,0,0,0,0,55140
F,90000201,1,0,0,0,0,0,55140
F,90000400,0,0,0,0,0,0,55140
F,90000401,1,0,0,0,0,0,55140
F,90000800,0,0,0,0,0,0,55140
F,90001000,0,0,0,0,0,0,55140
F,90001200,0,0,0,0,0,0,55140
F,90001201,1,0,0,0,0,0,55140
F,90001600,0,0,0,0,0,0,55140
F,90000000,0,0,0,0,0,0,55200
F,90000001,1,0,0,0,0,0,55200
F,90000200,0,0,0,0,0,0,55200
F,90000201,1,0,0,0,0,0,55200
F,90000400,0,0,0,0,0,0,55200
F,90000401,1,0,0,0,0,0,55200
F,90000800,0,0,0,0,0,0,55200
F,90001000,0,0,0,0,0,0,55200
F,90001200,0,0,0,0,0,0,55200
F,90001201,1,0,0,0,0,0,55200
F,90001600,0,0,0,0,0,0,55200
F,90000000,0,90,1,1,0,0,55260
F,90000001,1,0,1,0,0,0,55260
F,90000200,0,0,0,0,0,0,55260
F,90000201,1,0,0,0,0,0,55260
F,90000400,0,0,0,0,0,0,55260
F,90000401,1,0,0,0,0,0,55260
F,90000800,0,0,0,0,0,0,55260
F,90001000,0,0,0,0,0,0,55260
F,90001200,0,0,0,0,0,0,55260
F,90001201,1,0,0,0,0,0,55260
F,90001600,0,0,0,0,0,0,55260
F,90000000,0,90,1,1,0,0,55320
F,90000001,1,0,1,0,0,0,55320
F,90000200,0,0,0,0,0,0,55320
F,90000201,1,0,0,0,0,0,55320
F,90000400,0,0,0,0,0,0,55320
F,90000401,1,0,0,0,0,0,55320
F,90000800,0,0,0,0,0,0,55320
F,90001000,0,0,0,0,0,0,55320
F,90001200,0,0,0,0,0,0,55320
F,90001201,1,0,0,0,0,0,55320
F,90001600,0,0,0,0,0,0,55320
F,90000000,0,90,1,1,0,0,55380
F,90000001,1,0,1,0,0,0,55380
F,90000200,0,0,0,0,0,0,55380
F,90000201,1,0,0,0,0,0,55380
F,90000400,0,0,0,0,0,0,55380
F,90000401,1,0,0,0,0,0,55380
F,90000800,0,0,0,0,0,0,55380
F,90001000,0,0,0,0,0,0,55380
F,90001200,0,0,0,0,0,0,55380
F,90001201,1,0,0,0,0,0,55380
F,90001600,0,0,0,0,0,0,55380
F,90000000,0,90,1,1,0,0,55440
F,90000001,1,0,1,0,0,0,55440
F,90000200,0,0,0,0,0,0,55440
F,90000201,1,0,0,0,0,0,55440
F,90000400,0,0,0,0,0,0,55440
F,90000401,1,0,0,0,0,0,55440
F,90000800,0,0,0,0,0,0,55440
F,90001000,0,0,0,0,0,0,55440
F,90001200,0,0,0,0,0,0,55440
F,90001201,1,0,0,0,0,0,55440
F,90001600,0,0,0,0,0,0,55440
F,90000000,0,90,1,1,0,0,55500
F,90000001,1,0,1,0,0,0,55500
F,90000200,0,0,0,0,0,0,55500
F,90000201,1,0,0,0,0,0,55500
F,90000400,0,0,0,0,0,0,55500
F,90000401,1,0,0,0,0,0,55500
F,90000800,0,0,0,0,0,0,55500
F,90001000,0,0,0,0,0,0,55500
F,90001200,0,0,0,0,0,0,55500
F,90001201,1,0,0,0,0,0,55500
F,90001600,0,0,0,0,0,0,55500
F,90000000,0,90,1,1,0,0,55560
F,90000001,1,0,1,0,0,0,55560
F,90000200,0,0,0,0,0,0,55560
F,90000201,1,0,0,0,0,0,55560
F,90000400,0,0,0,0,0,0,55560
F,90000401,1,0,0,0,0,0,55560
F,90000800,0,0,0,0,0,0,55560
F,90001000,0,0,0,0,0,0,55560
F,90001200,0,0,0,0,0,0,55560
F,90001201,1,0,0,0,0,0,55560
F,90001600,0,0,0,0,0,0,55560
F,90000000,0,90,1,1,0,0,55620
F,90000001,1,0,1,0,0,0,55620
F,90000200,0,90,1,1,0,0,55620
F,90000201,1,0,1,0,0,0,55620
F,90000400,0,90,1,1,0,0,55620
F,90000401,1,0,1,0,0,0,55620
F,90000800,0,0,0,0,0,0,55620
F,90001000,0,0,0,0,0,0,55620
F,90001200,0,0,0,0,0,0,55620
F,90001201,1,0,0,0,0,0,55620
F,90001600,0,0,0,0,0,0,55620
F,90000000,0,90,1,1,0,0,55680
F,90000001,1,0,1,0,0,0,55680
F,90000200,0,90,1,1,0,0,55680
F,90000201,1,0,1,0,0,0,55680
F,90000400,0,90,1,1,0,0,55680
F,90000401,1,0,1,0,0,0,55680
F,90000800,0,0,0,0,0,0,55680
F,90001000,0,0,0,0,0,0,55680
F,90001200,0,0,0,0,0,0,55680
F,90001201,1,0,0,0,0,0,55680
F,90001600,0,0,0,0,0,0,55680
F,90000000,0,90,1,1,0,0,55740
F,90000001,1,0,1,0,0,0,55740
F,90000200,0,90,1,1,0,0,55740
F,90000201,1,0,1,0,0,0,55740
F,90000400,0,90,1,1,0,0,55740
F,90000401,1,0,1,0,0,0,55740
F,90000800,0,0,0,0,0,0,55740
F,90001000,0,0,0,0,0,0,55740
F,90001200,0,0,0,0,0,0,55740
F,90001201,1,0,0,0,0,0,55740
F,90001600,0,0,0,0,0,0,55740
F,90000000,0,90,1,1,0,0,55800
F,90000001,1,0,1,0,0,0,55800
F,90000200,0,90,1,1,0,0,55800
F,90000201,1,0,1,0,0,0,55800
F,90000400,0,90,1,1,0,0,55800
F,90000401,1,0,1,0,0,0,55800
F,90000800,0,0,0,0,0,0,55800
F,90001000,0,0,0,0,0,0,55800
F,90001200,0,0,0,0,0,0,55800
F,90001201,1,0,0,0,0,0,55800
F,90001600,0,0,0,0,0,0,55800
F,90000000,0,90,1,1,0,0,55860
F,90000001,1,0,1,0,0,0,55860
F,90000200,0,90,1,1,0,0,55860
F,90000201,1,0,1,0,0,0,55860
F,90000400,0,90,1,1,0,0,55860
F,90000401,1,0,1,0,0,0,55860
F,90000800,0,0,0,0,0,0,55860
F,90001000,0,0,0,0,0,0,55860
F,90001200,0,0,0,0,0,0,55860
F,90001201,1,0,0,0,0,0,55860
F,90001600,0,0,0,0,0,0,55860
F,90000000,0,90,1,1,0,0,55920
F,90000001,1,0,1,0,0,0,55920
F,90000200,0,90,1,1,0,0,55920
F,90000201,1,0,1,0,0,0,55920
F,90000400,0,90,1,1,0,0,55920
F,90000401,1,0,1,0,0,0,55920
F,90000800,0,0,0,0,0,0,55920
F,90001000,0,0,0,0,0,0,55920
F,90001200,0,0,0,0,0,0,55920
F,90001201,1,0,0,0,0,0,55920
F,90001600,0,0,0,0,0,0,55920
F,90000000,0,90,2,1,0,0,55980
F,90000001,1,90,2,1,0,0,55980
F,90000200,0,90,1,1,0,0,55980
F,90000201,1,0,1,0,0,0,55980
F,90000400,0,90,1,1,0,0,55980
F,90000401,1,0,1,0,0,0,55980
F,90000800,0,0,0,0,0,0,55980
F,90001000,0,0,0,0,0,0,55980
F,90001200,0,0,0,0,0,0,55980
F,90001201,1,0,0,0,0,0,55980
F,90001600,0,0,0,0,0,0,55980
F,90000000,0,90,2,1,0,0,56040
F,90000001,1,90,2,1,0,0,56040
F,90000200,0,90,1,1,0,0,56040
F,90000201,1,0,1,0,0,0,56040
F,90000400,0,90,1,1,0,0,56040
F,90000401,1,0,1,0,0,0,56040
F,90000800,0,0,0,0,0,0,56040
F,90001000,0,0,0,0,0,0,56040
F,90001200,0,0,0,0,0,0,56040
F,90001201,1,0,0,0,0,0,56040
F,90001600,0,0,0,0,0,0,56040
F,90000000,0,90,2,1,0,0,56100
F,90000001,1,90,2,1,0,0,56100
F,90000200,0,90,1,1,0,0,56100
F,90000201,1,0,1,0,0,0,56100
F,90000400,0,90,1,1,0,0,56100
F,90000401,1,0,1,0,0,0,56100
F,90000800,0,0,0,0,0,0,56100
F,90001000,0,0,0,0,0,0,56100
F,90001200,0,0,0,0,0,0,56100
F,90001201,1,0,0,0,0,0,56100
F,90001600,0,0,0,0,0,0,56100
F,90000000,0,90,2,1,0,0,56160
F,90000001,1,90,2,1,0,0,56160
F,90000200,0,90,1,1,0,0,56160
F,90000201,1,0,1,0,0,0,56160
F,90000400,0,90,1,1,0,0,56160
F,90000401,1,0,1,0,0,0,56160
F,90000800,0,0,0,0,0,0,56160
F,90001000,0,0,0,0,0,0,56160
F,90001200,0,0,0,0,0,0,56160
F,90001201,1,0,0,0,0,0,56160
F,90001600,0,0,0,0,0,0,56160
F,90000000,0,90,2,1,0,0,56220
F,90000001,1,90,2,1,0,0,56220
F,90000200,0,90,1,1,0,0,56220
F,90000201,1,0,1,0,0,0,56220
F,90000400,0,90,1,1,0,0,56220
F,90000401,1,0,1,0,0,0,56220
F,90000800,0,0,0,0,0,0,56220
F,90001000,0,0,0,0,0,0,56220
F,90001200,0,0,0,0,0,0,56220
F,90001201,1,0,0,0,0,0,56220
F,90001600,0,0,0,0,0,0,56220
F,90000000,0,90,2,1,0,0,56280
F,90000001,1,90,2,1,0,0,56280
F,90000200,0,90,1,1,0,0,56280
F,90000201,1,0,1,0,0,0,56280
F,90000400,0,90,1,1,0,0,56280
F,90000401,1,0,1,0,0,0,56280
F,90000800,0,0,0,0,0,0,56280
F,90001000,0,0,0,0,0,0,56280
F,90001200,0,0,0,0,0,0,56280
F,90001201,1,0,0,0,0,0,56280
F,90001600,0,0,0,0,0,0,56280
F,90000000,0,90,2,1,0,0,56340
F,90000001,1,90,2,1,0,0,56340
F,90000200,0,90,1,1,0,0,56340
F,90000201,1,0,1,0,0,0,56340
F,90000400,0,90,1,1,0,0,56340
F,90000401,1,0,1,0,0,0,56340
F,90000800,0,0,0,0,0,0,56340
F,90001000,0,0,0,0,0,0,56340
F,90001200,0,0,0,0,0,0,56340
F,90001201,1,0,0,0,0,0,56340
F,90001600,0,0,0,0,0,0,56340
F,90000000,0,90,2,1,0,0,56400
F,90000001,1,90,2,1,0,0,56400
F,90000200,0,90,1,1,0,0,56400
F,90000201,1,0,1,0,0,0,56400
F,90000400,0,90,1,1,0,0,56400
F,90000401,1,0,1,0,0,0,56400
F,90000800,0,0,0,0,0,0,56400
F,90001000,0,0,0,0,0,0,56400
F,90001200,0,0,0,0,0,0,56400
F,90001201,1,0,0,0,0,0,56400
F,90001600,0,0,0,0,0,0,56400
F,90000000,0,90,2,1,0,0,56460
F,90000001,1,90,2,1,0,0,56460
F,90000200,0,90,1,1,0,0,56460
F,90000201,1,0,1,0,0,0,56460
F,90000400,0,90,1,1,0,0,56460
F,90000401,1,0,1,0,0,0,56460
F,90000800,0,0,0,0,0,0,56460
F,90001000,0,0,0,0,0,0,56460
F,90001200,0,0,0,0,0,0,56460
F,90001201,1,0,0,0,0,0,56460
F,90001600,0,0,0,0,0,0,56460
F,90000000,0,90,2,1,0,0,56520
F,90000001,1,90,2,1,0,0,56520
F,90000200,0,90,1,1,0,0,56520
F,90000201,1,0,1,0,0,0,56520
F,90000400,0,90,1,1,0,0,56520
F,90000401,1,0,1,0,0,0,56520
F,90000800,0,0,0,0,0,0,56520
F,90001000,0,0,0,0,0,0,56520
F,90001200,0,0,0,0,0,0,56520
F,90001201,1,0,0,0,0,0,56520
F,90001600,0,0,0,0,0,0,56520
F,90000000,0,90,2,1,0,0,56580
F,90000001,1,90,2,1,0,0,56580
F,90000200,0,90,1,1,0,0,56580
F,90000201,1,0,1,0,0,0,56580
F,90000400,0,90,1,1,0,0,56580
F,90000401,1,0,1,0,0,0,56580
F,90000800,0,0,0,0,0,0,56580
F,90001000,0,0,0,0,0,0,56580
F,90001200,0,0,0,0,0,0,56580
F,90001201,1,0,0,0,0,0,56580
F,90001600,0,0,0,0,0,0,56580
F,90000000,0,90,2,1,0,0,56640
F,90000001,1,90,2,1,0,0,56640
F,90000200,0,90,1,1,0,0,56640
F,90000201,1,0,1,0,0,0,56640
F,90000400,0,90,1,1,0,0,56640
F,90000401,1,0,1,0,0,0,56640
F,90000800,0,0,0,0,0,0,56640
F,90001000,0,0,0,0,0,0,56640
F,90001200,0,0,0,0,0,0,56640
F,90001201,1,0,0,0,0,0,56640
F,90001600,0,0,0,0,0,0,56640
F,90000000,0,0,1,0,0,0,56700
F,90000001,1,90,1,1,0,0,56700
F,90000200,0,90,1,1,0,0,56700
F,90000201,1,0,1,0,0,0,56700
F,90000400,0,90,1,1,0,0,56700
F,90000401,1,0,1,0,0,0,56700
F,90000800,0,0,0,0,0,0,56700
F,90001000,0,0,0,0,0,0,56700
F,90001200,0,0,0,0,0,0,56700
F,90001201,1,0,0,0,0,0,56700
F,90001600,0,0,0,0,0,0,56700
F,90000000,0,0,1,0,0,0,56760
F,90000001,1,90,1,1,0,0,56760
F,90000200,0,90,1,1,0,0,56760
F,90000201,1,0,1,0,0,0,56760
F,90000400,0,90,1,1,0,0,56760
F,90000401,1,0,1,0,0,0,56760
F,90000800,0,0,0,0,0,0,56760
F,90001000,0,0,0,0,0,0,56760
F,90001200,0,0,0,0,0,0,56760
F,90001201,1,0,0,0,0,0,56760
F,90001600,0,0,0,0,0,0,56760
F,90000000,0,0,1,0,0,0,56820
F,90000001,1,90,1,1,0,0,56820
F,90000200,0,90,1,1,0,0,56820
F,90000201,1,0,1,0,0,0,56820
F,90000400,0,90,1,1,0,0,56820
F,90000401,1,0,1,0,0,0,56820
F,90000800,0,0,0,0,0,0,56820
F,90001000,0,0,0,0,0,0,56820
F,90001200,0,0,0,0,0,0,56820
F,90001201,1,0,0,0,0,0,56820
F,90001600,0,0,0,0,0,0,56820
F,90000000,0,0,1,0,0,0,56880
F,90000001,1,90,1,1,0,0,56880
F,90000200,0,90,1,1,0,0,56880
F,90000201,1,0,1,0,0,0,56880
F,90000400,0,90,1,1,0,0,56880
F,90000401,1,0,1,0,0,0,56880
F,90000800,0,0,0,0,0,0,56880
F,90001000,0,0,0,0,0,0,56880
F,90001200,0,0,0,0,0,0,56880
F,90001201,1,0,0,0,0,0,56880
F,90001600,0,0,0,0,0,0,56880
F,90000000,0,90,2,1,0,0,56940
F,90000001,1,90,2,1,0,0,56940
F,90000200,0,90,1,1,0,0,56940
F,90000201,1,0,1,0,0,0,56940
F,90000400,0,90,1,1,0,0,56940
F,90000401,1,0,1,0,0,0,56940
F,90000800,0,0,0,0,0,0,56940
F,90001000,0,0,0,0,0,0,56940
F,90001200,0,0,0,0,0,0,56940
F,90001201,1,0,0,0,0,0,56940
F,90001600,0,0,0,0,0,0,56940
F,90000000,0,90,2,1,0,0,57000
F,90000001,1,90,2,1,0,0,57000
F,90000200,0,90,1,1,0,0,57000
F,90000201,1,0,1,0,0,0,57000
F,90000400,0,90,1,1,0,0,57000
F,90000401,1,0,1,0,0,0,57000
F,90000800,0,0,0,0,0,0,57000
F,90001000,0,0,0,0,0,0,57000
F,90001200,0,0,0,0,0,0,57000
F,90001201,1,0,0,0,0,0,57000
F,90001600,0,0,0,0,0,0,57000
F,90000000,0,90,3,1,0,0,57060
F,90000001,1,90,3,1,0,0,57060
F,90000200,0,0,0,0,0,0,57060
F,90000201,1,0,0,0,0,0,57060
F,90000400,0,90,1,1,0,0,57060
F,90000401,1,0,1,0,0,0,57060
F,90000800,0,0,0,0,0,0,57060
F,90001000,0,0,0,0,0,0,57060
F,90001200,0,0,0,0,0,0,57060
F,90001201,1,0,0,0,0,0,57060
F,90001600,0,0,0,0,0,0,57060
F,90000000,0,90,3,1,0,0,57120
F,90000001,1,90,3,1,0,0,57120
F,90000200,0,0,0,0,0,0,57120
F,90000201,1,0,0,0,0,0,57120
F,90000400,0,0,0,0,0,0,57120
F,90000401,1,0,0,0,0,0,57120
F,90000800,0,0,0,0,0,0,57120
F,90001000,0,0,0,0,0,0,57120
F,90001200,0,0,0,0,0,0,57120
F,90001201,1,0,0,0,0,0,57120
F,90001600,0,0,0,0,0,0,57120
F,90000000,0,90,3,1,0,0,57180
F,90000001,1,90,3,1,0,0,57180
F,90000200,0,0,0,0,0,0,57180
F,90000201,1,0,0,0,0,0,57180
F,90000400,0,0,0,0,0,0,57180
F,90000401,1,0,0,0,0,0,57180
F,90000800,0,0,0,0,0,0,57180
F,90001000,0,0,0,0,0,0,57180
F,90001200,0,0,0,0,0,0,57180
F,90001201,1,0,0,0,0,0,57180
F,90001600,0,0,0,0,0,0,57180
F,90000000,0,90,3,1,0,0,57240
F,90000001,1,90,3,1,0,0,57240
F,90000200,0,90,1,1,0,0,57240
F,90000201,1,0,1,0,0,0,57240
F,90000400,0,0,0,0,0,0,57240
F,90000401,1,0,0,0,0,0,57240
F,90000800,0,0,0,0,0,0,57240
F,90001000,0,0,0,0,0,0,57240
F,90001200,0,0,0,0,0,0,57240
F,90001201,1,0,0,0,0,0,57240
F,90001600,0,0,0,0,0,0,57240
F,90000000,0,90,3,1,0,0,57300
F,90000001,1,90,3,1,0,0,57300
F,90000200,0,90,1,1,0,0,57300
F,90000201,1,0,1,0,0,0,57300
F,90000400,0,0,0,0,0,0,57300
F,90000401,1,0,0,0,0,0,57300
F,90000800,0,0,0,0,0,0,57300
F,90001000,0,0,0,0,0,0,57300
F,90001200,0,0,0,0,0,0,57300
F,90001201,1,0,0,0,0,0,57300
F,90001600,0,0,0,0,0,0,57300
F,90000000,0,90,3,1,0,0,57360
F,90000001,1,90,3,1,0,0,57360
F,90000200,0,90,1,1,0,0,57360
F,90000201,1,0,1,0,0,0,57360
F,90000400,0,0,0,0,0,0,57360
F,90000401,1,0,0,0,0,0,57360
F,90000800,0,0,0,0,0,0,57360
F,90001000,0,0,0,0,0,0,57360
F,90001200,0,0,0,0,0,0,57360
F,90001201,1,0,0,0,0,0,57360
F,90001600,0,0,0,0,0,0,57360
F,90000000,0,90,2,1,0,0,57420
F,90000001,1,90,2,1,0,0,57420
F,90000200,0,90,1,1,0,0,57420
F,90000201,1,0,1,0,0,0,57420
F,90000400,0,0,0,0,0,0,57420
F,90000401,1,0,0,0,0,0,57420
F,90000800,0,0,0,0,0,0,57420
F,90001000,0,0,0,0,0,0,57420
F,90001200,0,0,0,0,0,0,57420
F,90001201,1,0,0,0,0,0,57420
F,90001600,0,0,0,0,0,0,57420
F,90000000,0,90,2,1,0,0,57480
F,90000001,1,90,2,1,0,0,57480
F,90000200,0,90,1,1,0,0,57480
F,90000201,1,0,1,0,0,0,57480
F,90000400,0,0,0,0,0,0,57480
F,90000401,1,0,0,0,0,0,57480
F,90000800,0,0,0,0,0,0,57480
F,90001000,0,0,0,0,0,0,57480
F,90001200,0,0,0,0,0,0,57480
F,90001201,1,0,0,0,0,0,57480
F,90001600,0,0,0,0,0,0,57480
F,90000000,0,90,2,1,0,0,57540
F,90000001,1,90,2,1,0,0,57540
F,90000200,0,90,1,1,0,0,57540
F,90000201,1,0,1,0,0,0,57540
F,90000400,0,0,0,0,0,0,57540
F,90000401,1,0,0,0,0,0,57540
F,90000800,0,0,0,0,0,0,57540
F,90001000,0,0,0,0,0,0,57540
F,90001200,0,0,0,0,0,0,57540
F,90001201,1,0,0,0,0,0,57540
F,90001600,0,0,0,0,0,0,57540
F,90000000,0,90,2,1,0,0,57600
F,90000001,1,90,2,1,0,0,57600
F,90000200,0,90,1,1,0,0,57600
F,90000201,1,0,1,0,0,0,57600
F,90000400,0,0,0,0,0,0,57600
F,90000401,1,0,0,0,0,0,57600
F,90000800,0,0,0,0,0,0,57600
F,90001000,0,0,0,0,0,0,57600
F,90001200,0,0,0,0,0,0,57600
F,90001201,1,0,0,0,0,0,57600
F,90001600,0,0,0,0,0,0,57600
F,90000000,0,90,2,1,0,0,57660
F,90000001,1,90,2,1,0,0,57660
F,90000200,0,90,1,1,0,0,57660
F,90000201,1,0,1,0,0,0,57660
F,90000400,0,0,0,0,0,0,57660
F,90000401,1,0,0,0,0,0,57660
F,90000800,0,0,0,0,0,0,57660
F,90001000,0,0,0,0,0,0,57660
F,90001200,0,0,0,0,0,0,57660
F,90001201,1,0,0,0,0,0,57660
F,90001600,0,0,0,0,0,0,57660
F,90000000,0,90,2,1,0,0,57720
F,90000001,1,90,2,1,0,0,57720
F,90000200,0,90,1,1,0,0,57720
F,90000201,1,0,1,0,0,0,57720
F,90000400,0,0,0,0,0,0,57720
F,90000401,1,0,0,0,0,0,57720
F,90000800,0,0,0,0,0,0,57720
F,90001000,0,0,0,0,0,0,57720
F,90001200,0,0,0,0,0,0,57720
F,90001201,1,0,0,0,0,0,57720
F,90001600,0,0,0,0,0,0,57720
F,90000000,0,90,2,1,0,0,57780
F,90000001,1,90,2,1,0,0,57780
F,90000200,0,90,1,1,0,0,57780
F,90000201,1,0,1,0,0,0,57780
F,90000400,0,0,0,0,0,0,57780
F,90000401,1,0,0,0,0,0,57780
F,90000800,0,0,0,0,0,0,57780
F,90001000,0,0,0,0,0,0,57780
F,90001200,0,0,0,0,0,0,57780
F,90001201,1,0,0,0,0,0,57780
F,90001600,0,0,0,0,0,0,57780
F,90000000,0,90,2,1,0,0,57840
F,90000001,1,90,2,1,0,0,57840
F,90000200,0,90,1,1,0,0,57840
F,90000201,1,0,1,0,0,0,57840
F,90000400,0,0,0,0,0,0,57840
F,90000401,1,0,0,0,0,0,57840
F,90000800,0,0,0,0,0,0,57840
F,90001000,0,0,0,0,0,0,57840
F,90001200,0,0,0,0,0,0,57840
F,90001201,1,0,0,0,0,0,57840
F,90001600,0,0,0,0,0,0,57840
F,90000000,0,90,2,1,0,0,57900
F,90000001,1,90,2,1,0,0,57900
F,90000200,0,90,1,1,0,0,57900
F,90000201,1,0,1,0,0,0,57900
F,90000400,0,0,0,0,0,0,57900
F,90000401,1,0,0,0,0,0,57900
F,90000800,0,0,0,0,0,0,57900
F,90001000,0,0,0,0,0,0,57900
F,90001200,0,0,0,0,0,0,57900
F,90001201,1,0,0,0,0,0,57900
F,90001600,0,0,0,0,0,0,57900
F,90000000,0,90,2,1,0,0,57960
F,90000001,1,90,2,1,0,0,57960
F,90000200,0,90,1,1,0,0,57960
F,90000201,1,0,1,0,0,0,57960
F,90000400,0,0,0,0,0,0,57960
F,90000401,1,0,0,0,0,0,57960
F,90000800,0,0,0,0,0,0,57960
F,90001000,0,0,0,0,0,0,57960
F,90001200,0,0,0,0,0,0,57960
F,90001201,1,0,0,0,0,0,57960
F,90001600,0,0,0,0,0,0,57960
F,90000000,0,90,2,1,0,0,58020
F,90000001,1,90,2,1,0,0,58020
F,90000200,0,90,1,1,0,0,58020
F,90000201,1,0,1,0,0,0,58020
F,90000400,0,0,0,0,0,0,58020
F,90000401,1,0,0,0,0,0,58020
F,90000800,0,0,0,0,0,0,58020
F,90001000,0,0,0,0,0,0,58020
F,90001200,0,0,0,0,0,0,58020
F,90001201,1,0,0,0,0,0,58020
F,90001600,0,0,0,0,0,0,58020
F,90000000,0,90,2,1,0,0,58080
F,90000001,1,90,2,1,0,0,58080
F,90000200,0,90,1,1,0,0,58080
F,90000201,1,0,1,0,0,0,58080
F,90000400,0,0,0,0,0,0,58080
F,90000401,1,0,0,0,0,0,58080
F,90000800,0,0,0,0,0,0,58080
F,90001000,0,0,0,0,0,0,58080
F,90001200,0,0,0,0,0,0,58080
F,90001201,1,0,0,0,0,0,58080
F,90001600,0,0,0,0,0,0,58080
F,90000000,0,90,2,1,0,0,58140
F,90000001,1,90,2,1,0,0,58140
F,90000200,0,90,1,1,0,0,58140
F,90000201,1,0,1,0,0,0,58140
F,90000400,0,0,0,0,0,0,58140
F,90000401,1,0,0,0,0,0,58140
F,90000800,0,0,0,0,0,0,58140
F,90001000,0,0,0,0,0,0,58140
F,90001200,0,0,0,0,0,0,58140
F,90001201,1,0,0,0,0,0,58140
F,90001600,0,0,0,0,0,0,58140
F,90000000,0,90,2,1,0,0,58200
F,90000001,1,90,2,1,0,0,58200
F,90000200,0,90,1,1,0,0,58200
F,90000201,1,0,1,0,0,0,58200
F,90000400,0,0,0,0,0,0,58200
F,90000401,1,0,0,0,0,0,58200
F,90000800,0,0,0,0,0,0,58200
F,90001000,0,0,0,0,0,0,58200
F,90001200,0,0,0,0,0,0,58200
F,90001201,1,0,0,0,0,0,58200
F,90001600,0,0,0,0,0,0,58200
F,90000000,0,90,2,1,0,0,58260
F,90000001,1,90,2,1,0,0,58260
F,90000200,0,90,1,1,0,0,58260
F,90000201,1,0,1,0,0,0,58260
F,90000400,0,0,0,0,0,0,58260
F,90000401,1,0,0,0,0,0,58260
F,90000800,0,0,0,0,0,0,58260
F,90001000,0,0,0,0,0,0,58260
F,90001200,0,0,0,0,0,0,58260
F,90001201,1,0,0,0,0,0,58260
F,90001600,0,0,0,0,0,0,58260
F,90000000,0,90,2,1,0,0,58320
F,90000001,1,90,2,1,0,0,58320
F,90000200,0,90,1,1,0,0,58320
F,90000201,1,0,1,0,0,0,58320
F,90000400,0,0,0,0,0,0,58320
F,90000401,1,0,0,0,0,0,58320
F,90000800,0,0,0,0,0,0,58320
F,90001000,0,0,0,0,0,0,58320
F,90001200,0,0,0,0,0,0,58320
F,90001201,1,0,0,0,0,0,58320
F,90001600,0,0,0,0,0,0,58320
F,90000000,0,0,1,0,0,0,58380
F,90000001,1,90,1,1,0,0,58380
F,90000200,0,90,1,1,0,0,58380
F,90000201,1,0,1,0,0,0,58380
F,90000400,0,0,0,0,0,0,58380
F,90000401,1,0,0,0,0,0,58380
F,90000800,0,0,0,0,0,0,58380
F,90001000,0,0,0,0,0,0,58380
F,90001200,0,0,0,0,0,0,58380
F,90001201,1,0,0,0,0,0,58380
F,90001600,0,0,0,0,0,0,58380
F,90000000,0,0,1,0,0,0,58440
F,90000001,1,90,1,1,0,0,58440
F,90000200,0,90,1,1,0,0,58440
F,90000201,1,0,1,0,0,0,58440
F,90000400,0,0,0,0,0,0,58440
F,90000401,1,0,0,0,0,0,58440
F,90000800,0,0,0,0,0,0,58440
F,90001000,0,0,0,0,0,0,58440
F,90001200,0,0,0,0,0,0,58440
F,90001201,1,0,0,0,0,0,58440
F,90001600,0,0,0,0,0,0,58440
F,90000000,0,0,1,0,0,0,58500
F,90000001,1,90,1,1,0,0,58500
F,90000200,0,90,1,1,0,0,58500
F,90000201,1,0,1,0,0,0,58500
F,90000400,0,90,1,1,0,0,58500
F,90000401,1,0,1,0,0,0,58500
F,90000800,0,0,0,0,0,0,58500
F,90001000,0,0,0,0,0,0,58500
F,90001200,0,0,0,0,0,0,58500
F,90001201,1,0,0,0,0,0,58500
F,90001600,0,0,0,0,0,0,58500
F,90000000,0,0,1,0,0,0,58560
F,90000001,1,90,1,1,0,0,58560
F,90000200,0,90,1,1,0,0,58560
F,90000201,1,0,1,0,0,0,58560
F,90000400,0,90,1,1,0,0,58560
F,90000401,1,0,1,0,0,0,58560
F,90000800,0,0,0,0,0,0,58560
F,90001000,0,0,0,0,0,0,58560
F,90001200,0,0,0,0,0,0,58560
F,90001201,1,0,0,0,0,0,58560
F,90001600,0,0,0,0,0,0,58560
F,90000000,0,90,2,1,0,0,58620
F,90000001,1,90,2,1,0,0,58620
F,90000200,0,90,1,1,0,0,58620
F,90000201,1,0,1,0,0,0,58620
F,90000400,0,90,1,1,0,0,58620
F,90000401,1,0,1,0,0,0,58620
F,90000800,0,0,0,0,0,0,58620
F,90001000,0,0,0,0,0,0,58620
F,90001200,0,0,0,0,0,0,58620
F,90001201,1,0,0,0,0,0,58620
F,90001600,0,0,0,0,0,0,58620
F,90000000,0,90,2,1,0,0,58680
F,90000001,1,90,2,1,0,0,58680
F,90000200,0,0,0,0,0,0,58680
F,90000201,1,0,0,0,0,0,58680
F,90000400,0,90,1,1,0,0,58680
F,90000401,1,0,1,0,0,0,58680
F,90000800,0,0,0,0,0,0,58680
F,90001000,0,0,0,0,0,0,58680
F,90001200,0,0,0,0,0,0,58680
F,90001201,1,0,0,0,0,0,58680
F,90001600,0,0,0,0,0,0,58680
F,90000000,0,90,4,1,0,0,58740
F,90000001,1,90,4,1,0,0,58740
F,90000200,0,0,0,0,0,0,58740
F,90000201,1,0,0,0,0,0,58740
F,90000400,0,90,1,1,0,0,58740
F,90000401,1,0,1,0,0,0,58740
F,90000800,0,0,0,0,0,0,58740
F,90001000,0,0,0,0,0,0,58740
F,90001200,0,0,0,0,0,0,58740
F,90001201,1,0,0,0,0,0,58740
F,90001600,0,0,0,0,0,0,58740
F,90000000,0,90,4,1,0,0,58800
F,90000001,1,90,4,1,0,0,58800
F,90000200,0,0,0,0,0,0,58800
F,90000201,1,0,0,0,0,0,58800
F,90000400,0,90,1,1,0,0,58800
F,90000401,1,0,1,0,0,0,58800
F,90000800,0,0,0,0,0,0,58800
F,90001000,0,0,0,0,0,0,58800
F,90001200,0,0,0,0,0,0,58800
F,90001201,1,0,0,0,0,0,58800
F,90001600,0,0,0,0,0,0,58800
F,90000000,0,90,3,1,0,0,58860
F,90000001,1,90,3,1,0,0,58860
F,90000200,0,90,2,1,0,0,58860
F,90000201,1,90,2,1,0,0,58860
F,90000400,0,90,1,1,0,0,58860
F,90000401,1,0,1,0,0,0,58860
F,90000800,0,0,0,0,0,0,58860
F,90001000,0,0,0,0,0,0,58860
F,90001200,0,0,0,0,0,0,58860
F,90001201,1,0,0,0,0,0,58860
F,90001600,0,0,0,0,0,0,58860
F,90000000,0,90,3,1,0,0,58920
F,90000001,1,90,3,1,0,0,58920
F,90000200,0,90,2,1,0,0,58920
F,90000201,1,90,2,1,0,0,58920
F,90000400,0,90,1,1,0,0,58920
F,90000401,1,0,1,0,0,0,58920
F,90000800,0,0,0,0,0,0,58920
F,90001000,0,0,0,0,0,0,58920
F,90001200,0,0,0,0,0,0,58920
F,90001201,1,0,0,0,0,0,58920
F,90001600,0,0,0,0,0,0,58920
F,90000000,0,90,3,1,0,0,58980
F,90000001,1,90,3,1,0,0,58980
F,90000200,0,90,2,1,0,0,58980
F,90000201,1,90,2,1,0,0,58980
F,90000400,0,90,1,1,0,0,58980
F,90000401,1,0,1,0,0,0,58980
F,90000800,0,0,0,0,0,0,58980
F,90001000,0,0,0,0,0,0,58980
F,90001200,0,0,0,0,0,0,58980
F,90001201,1,0,0,0,0,0,58980
F,90001600,0,0,0,0,0,0,58980
F,90000000,0,90,3,1,0,0,59040
F,90000001,1,90,3,1,0,0,59040
F,90000200,0,90,2,1,0,0,59040
F,90000201,1,90,2,1,0,0,59040
F,90000400,0,90,1,1,0,0,59040
F,90000401,1,0,1,0,0,0,59040
F,90000800,0,0,0,0,0,0,59040
F,90001000,0,0,0,0,0,0,59040
F,90001200,0,0,0,0,0,0,59040
F,90001201,1,0,0,0,0,0,59040
F,90001600,0,0,0,0,0,0,59040
F,90000000,0,90,3,1,0,0,59100
F,90000001,1,90,3,1,0,0,59100
F,90000200,0,90,2,1,0,0,59100
F,90000201,1,90,2,1,0,0,59100
F,90000400,0,90,1,1,0,0,59100
F,90000401,1,0,1,0,0,0,59100
F,90000800,0,0,0,0,0,0,59100
F,90001000,0,0,0,0,0,0,59100
F,90001200,0,0,0,0,0,0,59100
F,90001201,1,0,0,0,0,0,59100
F,90001600,0,0,0,0,0,0,59100
F,90000000,0,90,3,1,0,0,59160
F,90000001,1,90,3,1,0,0,59160
F,90000200,0,90,2,1,0,0,59160
F,90000201,1,90,2,1,0,0,59160
F,90000400,0,90,1,1,0,0,59160
F,90000401,1,0,1,0,0,0,59160
F,90000800,0,0,0,0,0,0,59160
F,90001000,0,0,0,0,0,0,59160
F,90001200,0,0,0,0,0,0,59160
F,90001201,1,0,0,0,0,0,59160
F,90001600,0,0,0,0,0,0,59160
F,90000000,0,90,3,1,0,0,59220
F,90000001,1,90,3,1,0,0,59220
F,90000200,0,90,2,1,0,0,59220
F,90000201,1,90,2,1,0,0,59220
F,90000400,0,90,1,1,0,0,59220
F,90000401,1,0,1,0,0,0,59220
F,90000800,0,90,1,1,0,0,59220
F,90001000,0,0,0,0,0,0,59220
F,90001200,0,0,0,0,0,0,59220
F,90001201,1,0,0,0,0,0,59220
F,90001600,0,0,0,0,0,0,59220
F,90000000,0,90,3,1,0,0,59280
F,90000001,1,90,3,1,0,0,59280
F,90000200,0,90,2,1,0,0,59280
F,90000201,1,90,2,1,0,0,59280
F,90000400,0,90,1,1,0,0,59280
F,90000401,1,0,1,0,0,0,59280
F,90000800,0,90,1,1,0,0,59280
F,90001000,0,0,0,0,0,0,59280
F,90001200,0,0,0,0,0,0,59280
F,90001201,1,0,0,0,0,0,59280
F,90001600,0,0,0,0,0,0,59280
F,90000000,0,90,3,1,0,0,59340
F,90000001,1,90,3,1,0,0,59340
F,90000200,0,90,2,1,0,0,59340
F,90000201,1,90,2,1,0,0,59340
F,90000400,0,90,1,1,0,0,59340
F,90000401,1,0,1,0,0,0,59340
F,90000800,0,90,1,1,0,0,59340
F,90001000,0,0,0,0,0,0,59340
F,90001200,0,0,0,0,0,0,59340
F,90001201,1,0,0,0,0,0,59340
F,90001600,0,0,0,0,0,0,59340
F,90000000,0,90,3,1,0,0,59400
F,90000001,1,90,3,1,0,0,59400
F,90000200,0,90,2,1,0,0,59400
F,90000201,1,90,2,1,0,0,59400
F,90000400,0,90,1,1,0,0,59400
F,90000401,1,0,1,0,0,0,59400
F,90000800,0,90,1,1,0,0,59400
F,90001000,0,0,0,0,0,0,59400
F,90001200,0,0,0,0,0,0,59400
F,90001201,1,0,0,0,0,0,59400
F,90001600,0,0,0,0,0,0,59400
F,90000000,0,90,3,1,0,0,59460
F,90000001,1,90,3,1,0,0,59460
F,90000200,0,90,2,1,0,0,59460
F,90000201,1,90,2,1,0,0,59460
F,90000400,0,90,1,1,0,0,59460
F,90000401,1,0,1,0,0,0,59460
F,90000800,0,90,2,1,0,0,59460
F,90001000,0,0,0,0,0,0,59460
F,90001200,0,0,0,0,0,0,59460
F,90001201,1,0,0,0,0,0,59460
F,90001600,0,0,0,0,0,0,59460
F,90000000,0,90,3,1,0,0,59520
F,90000001,1,90,3,1,0,0,59520
F,90000200,0,90,2,1,0,0,59520
F,90000201,1,90,2,1,0,0,59520
F,90000400,0,90,1,1,0,0,59520
F,90000401,1,0,1,0,0,0,59520
F,90000800,0,90,2,1,0,0,59520
F,90001000,0,0,0,0,0,0,59520
F,90001200,0,0,0,0,0,0,59520
F,90001201,1,0,0,0,0,0,59520
F,90001600,0,0,0,0,0,0,59520
F,90000000,0,90,3,1,0,0,59580
F,90000001,1,90,3,1,0,0,59580
F,90000200,0,90,2,1,0,0,59580
F,90000201,1,90,2,1,0,0,59580
F,90000400,0,90,2,1,0,0,59580
F,90000401,1,90,2,1,0,0,59580
F,90000800,0,90,2,1,0,0,59580
F,90001000,0,0,0,0,0,0,59580
F,90001200,0,0,0,0,0,0,59580
F,90001201,1,0,0,0,0,0,59580
F,90001600,0,0,0,0,0,0,59580
F,90000000,0,90,3,1,0,0,59640
F,90000001,1,90,3,1,0,0,59640
F,90000200,0,90,2,1,0,0,59640
F,90000201,1,90,2,1,0,0,59640
F,90000400,0,90,2,1,0,0,59640
F,90000401,1,90,2,1,0,0,59640
F,90000800,0,90,2,1,0,0,59640
F,90001000,0,0,0,0,0,0,59640
F,90001200,0,0,0,0,0,0,59640
F,90001201,1,0,0,0,0,0,59640
F,90001600,0,0,0,0,0,0,59640
F,90000000,0,90,3,1,0,0,59700
F,90000001,1,90,3,1,0,0,59700
F,90000200,0,90,2,1,0,0,59700
F,90000201,1,90,2,1,0,0,59700
F,90000400,0,90,2,1,0,0,59700
F,90000401,1,90,2,1,0,0,59700
F,90000800,0,90,2,1,0,0,59700
F,90001000,0,0,0,0,0,0,59700
F,90001200,0,0,0,0,0,0,59700
F,90001201,1,0,0,0,0,0,59700
F,90001600,0,0,0,0,0,0,59700
F,90000000,0,90,3,1,0,0,59760
F,90000001,1,90,3,1,0,0,59760
F,90000200,0,90,2,1,0,0,59760
F,90000201,1,90,2,1,0,0,59760
F,90000400,0,90,2,1,0,0,59760
F,90000401,1,90,2,1,0,0,59760
F,90000800,0,90,2,1,0,0,59760
F,90001000,0,0,0,0,0,0,59760
F,90001200,0,0,0,0,0,0,59760
F,90001201,1,0,0,0,0,0,59760
F,90001600,0,0,0,0,0,0,59760
F,90000000,0,90,3,1,0,0,59820
F,90000001,1,90,3,1,0,0,59820
F,90000200,0,90,2,1,0,0,59820
F,90000201,1,90,2,1,0,0,59820
F,90000400,0,90,2,1,0,0,59820
F,90000401,1,90,2,1,0,0,59820
F,90000800,0,90,2,1,0,0,59820
F,90001000,0,0,0,0,0,0,59820
F,90001200,0,0,0,0,0,0,59820
F,90001201,1,0,0,0,0,0,59820
F,90001600,0,0,0,0,0,0,59820
F,90000000,0,90,3,1,0,0,59880
F,90000001,1,90,3,1,0,0,59880
F,90000200,0,90,2,1,0,0,59880
F,90000201,1,90,2,1,0,0,59880
F,90000400,0,90,2,1,0,0,59880
F,90000401,1,90,2,1,0,0,59880
F,90000800,0,90,2,1,0,0,59880
F,90001000,0,0,0,0,0,0,59880
F,90001200,0,0,0,0,0,0,59880
F,90001201,1,0,0,0,0,0,59880
F,90001600,0,0,0,0,0,0,59880
F,90000000,0,90,3,1,0,0,59940
F,90000001,1,90,3,1,0,0,59940
F,90000200,0,90,2,1,0,0,59940
F,90000201,1,90,2,1,0,0,59940
F,90000400,0,0,1,0,0,0,59940
F,90000401,1,90,1,1,0,0,59940
F,90000800,0,90,2,1,0,0,59940
F,90001000,0,0,0,0,0,0,59940
F,90001200,0,0,0,0,0,0,59940
F,90001201,1,0,0,0,0,0,59940
F,90001600,0,0,0,0,0,0,59940
F,90000000,0,90,3,1,0,0,60000
F,90000001,1,90,3,1,0,0,60000
F,90000200,0,90,2,1,0,0,60000
F,90000201,1,90,2,1,0,0,60000
F,90000400,0,0,1,0,0,0,60000
F,90000401,1,90,1,1,0,0,60000
F,90000800,0,90,2,1,0,0,60000
F,90001000,0,0,0,0,0,0,60000
F,90001200,0,0,0,0,0,0,60000
F,90001201,1,0,0,0,0,0,60000
F,90001600,0,0,0,0,0,0,60000
F,90000000,0,90,2,1,0,0,60060
F,90000001,1,90,2,1,0,0,60060
F,90000200,0,90,2,1,0,0,60060
F,90000201,1,90,2,1,0,0,60060
F,90000400,0,0,1,0,0,0,60060
F,90000401,1,90,1,1,0,0,60060
F,90000800,0,90,2,1,0,0,60060
F,90001000,0,0,0,0,0,0,60060
F,90001200,0,0,0,0,0,0,60060
F,90001201,1,0,0,0,0,0,60060
F,90001600,0,0,0,0,0,0,60060
F,90000000,0,90,2,1,0,0,60120
F,90000001,1,90,2,1,0,0,60120
F,90000200,0,90,2,1,0,0,60120
F,90000201,1,90,2,1,0,0,60120
F,90000400,0,0,1,0,0,0,60120
F,90000401,1,90,1,1,0,0,60120
F,90000800,0,90,2,1,0,0,60120
F,90001000,0,0,0,0,0,0,60120
F,90001200,0,0,0,0,0,0,60120
F,90001201,1,0,0,0,0,0,60120
F,90001600,0,0,0,0,0,0,60120
F,90000000,0,90,2,1,0,0,60180
F,90000001,1,90,2,1,0,0,60180
F,90000200,0,90,2,1,0,0,60180
F,90000201,1,90,2,1,0,0,60180
F,90000400,0,0,1,0,0,0,60180
F,90000401,1,90,1,1,0,0,60180
F,90000800,0,90,2,1,0,0,60180
F,90001000,0,0,0,0,0,0,60180
F,90001200,0,0,0,0,0,0,60180
F,90001201,1,0,0,0,0,0,60180
F,90001600,0,0,0,0,0,0,60180
F,90000000,0,90,2,1,0,0,60240
F,90000001,1,90,2,1,0,0,60240
F,90000200,0,90,2,1,0,0,60240
F,90000201,1,90,2,1,0,0,60240
F,90000400,0,0,1,0,0,0,60240
F,90000401,1,90,1,1,0,0,60240
F,90000800,0,90,2,1,0,0,60240
F,90001000,0,0,0,0,0,0,60240
F,90001200,0,0,0,0,0,0,60240
F,90001201,1,0,0,0,0,0,60240
F,90001600,0,0,0,0,0,0,60240
F,90000000,0,90,1,1,0,0,60300
F,90000001,1,0,1,0,0,0,60300
F,90000200,0,0,0,0,0,0,60300
F,90000201,1,0,0,0,0,0,60300
F,90000400,0,0,1,0,0,0,60300
F,90000401,1,90,1,1,0,0,60300
F,90000800,0,90,2,1,0,0,60300
F,90001000,0,0,0,0,0,0,60300
F,90001200,0,0,0,0,0,0,60300
F,90001201,1,0,0,0,0,0,60300
F,90001600,0,0,0,0,0,0,60300
F,90000000,0,90,1,1,0,0,60360
F,90000001,1,0,1,0,0,0,60360
F,90000200,0,0,0,0,0,0,60360
F,90000201,1,0,0,0,0,0,60360
F,90000400,0,0,1,0,0,0,60360
F,90000401,1,90,1,1,0,0,60360
F,90000800,0,90,2,1,0,0,60360
F,90001000,0,0,0,0,0,0,60360
F,90001200,0,0,0,0,0,0,60360
F,90001201,1,0,0,0,0,0,60360
F,90001600,0,0,0,0,0,0,60360
F,90000000,0,90,1,1,0,0,60420
F,90000001,1,0,1,0,0,0,60420
F,90000200,0,0,0,0,0,0,60420
F,90000201,1,0,0,0,0,0,60420
F,90000400,0,0,1,0,0,0,60420
F,90000401,1,90,1,1,0,0,60420
F,90000800,0,90,2,1,0,0,60420
F,90001000,0,0,0,0,0,0,60420
F,90001200,0,0,0,0,0,0,60420
F,90001201,1,0,0,0,0,0,60420
F,90001600,0,0,0,0,0,0,60420
F,90000000,0,90,1,1,0,0,60480
F,90000001,1,0,1,0,0,0,60480
F,90000200,0,0,0,0,0,0,60480
F,90000201,1,0,0,0,0,0,60480
F,90000400,0,0,1,0,0,0,60480
F,90000401,1,90,1,1,0,0,60480
F,90000800,0,90,2,1,0,0,60480
F,90001000,0,0,0,0,0,0,60480
F,90001200,0,0,0,0,0,0,60480
F,90001201,1,0,0,0,0,0,60480
F,90001600,0,0,0,0,0,0,60480
F,90000000,0,90,1,1,0,0,60540
F,90000001,1,0,1,0,0,0,60540
F,90000200,0,0,0,0,0,0,60540
F,90000201,1,0,0,0,0,0,60540
F,90000400,0,0,1,0,0,0,60540
F,90000401,1,90,1,1,0,0,60540
F,90000800,0,90,2,1,0,0,60540
F,90001000,0,0,0,0,0,0,60540
F,90001200,0,0,0,0,0,0,60540
F,90001201,1,0,0,0,0,0,60540
F,90001600,0,0,0,0,0,0,60540
F,90000000,0,90,1,1,0,0,60600
F,90000001,1,0,1,0,0,0,60600
F,90000200,0,0,0,0,0,0,60600
F,90000201,1,0,0,0,0,0,60600
F,90000400,0,0,1,0,0,0,60600
F,90000401,1,90,1,1,0,0,60600
F,90000800,0,90,2,1,0,0,60600
F,90001000,0,0,0,0,0,0,60600
F,90001200,0,0,0,0,0,0,60600
F,90001201,1,0,0,0,0,0,60600
F,90001600,0,0,0,0,0,0,60600
F,90000000,0,90,1,1,0,0,60660
F,90000001,1,0,1,0,0,0,60660
F,90000200,0,0,0,0,0,0,60660
F,90000201,1,0,0,0,0,0,60660
F,90000400,0,0,1,0,0,0,60660
F,90000401,1,90,1,1,0,0,60660
F,90000800,0,90,1,1,0,0,60660
F,90001000,0,0,0,0,0,0,60660
F,90001200,0,0,0,0,0,0,60660
F,90001201,1,0,0,0,0,0,60660
F,90001600,0,0,0,0,0,0,60660
F,90000000,0,90,2,1,0,0,60720
F,90000001,1,90,2,1,0,0,60720
F,90000200,0,0,0,0,0,0,60720
F,90000201,1,0,0,0,0,0,60720
F,90000400,0,0,1,0,0,0,60720
F,90000401,1,90,1,1,0,0,60720
F,90000800,0,90,1,1,0,0,60720
F,90001000,0,0,0,0,0,0,60720
F,90001200,0,0,0,0,0,0,60720
F,90001201,1,0,0,0,0,0,60720
F,90001600,0,0,0,0,0,0,60720
F,90000000,0,90,2,1,0,0,60780
F,90000001,1,90,2,1,0,0,60780
F,90000200,0,0,0,0,0,0,60780
F,90000201,1,0,0,0,0,0,60780
F,90000400,0,0,1,0,0,0,60780
F,90000401,1,90,1,1,0,0,60780
F,90000800,0,90,1,1,0,0,60780
F,90001000,0,0,0,0,0,0,60780
F,90001200,0,0,0,0,0,0,60780
F,90001201,1,0,0,0,0,0,60780
F,90001600,0,0,0,0,0,0,60780
F,90000000,0,90,2,1,0,0,60840
F,90000001,1,90,2,1,0,0,60840
F,90000200,0,0,0,0,0,0,60840
F,90000201,1,0,0,0,0,0,60840
F,90000400,0,0,1,0,0,0,60840
F,90000401,1,90,1,1,0,0,60840
F,90000800,0,90,1,1,0,0,60840
F,90001000,0,0,0,0,0,0,60840
F,90001200,0,0,0,0,0,0,60840
F,90001201,1,0,0,0,0,0,60840
F,90001600,0,0,0,0,0,0,60840
F,90000000,0,90,2,1,0,0,60900
F,90000001,1,90,2,1,0,0,60900
F,90000200,0,0,0,0,0,0,60900
F,90000201,1,0,0,0,0,0,60900
F,90000400,0,0,1,0,0,0,60900
F,90000401,1,90,1,1,0,0,60900
F,90000800,0,90,1,1,0,0,60900
F,90001000,0,0,0,0,0,0,60900
F,90001200,0,0,0,0,0,0,60900
F,90001201,1,0,0,0,0,0,60900
F,90001600,0,0,0,0,0,0,60900
F,90000000,0,90,2,1,0,0,60960
F,90000001,1,90,2,1,0,0,60960
F,90000200,0,0,0,0,0,0,60960
F,90000201,1,0,0,0,0,0,60960
F,90000400,0,0,1,0,0,0,60960
F,90000401,1,90,1,1,0,0,60960
F,90000800,0,90,1,1,0,0,60960
F,90001000,0,0,0,0,0,0,60960
F,90001200,0,0,0,0,0,0,60960
F,90001201,1,0,0,0,0,0,60960
F,90001600,0,0,0,0,0,0,60960
F,90000000,0,90,2,1,0,0,61020
F,90000001,1,90,2,1,0,0,61020
F,90000200,0,90,1,1,0,0,61020
F,90000201,1,0,1,0,0,0,61020
F,90000400,0,0,0,0,0,0,61020
F,90000401,1,0,0,0,0,0,61020
F,90000800,0,90,1,1,0,0,61020
F,90001000,0,0,0,0,0,0,61020
F,90001200,0,0,0,0,0,0,61020
F,90001201,1,0,0,0,0,0,61020
F,90001600,0,0,0,0,0,0,61020
F,90000000,0,90,2,1,0,0,61080
F,90000001,1,90,2,1,0,0,61080
F,90000200,0,90,1,1,0,0,61080
F,90000201,1,0,1,0,0,0,61080
F,90000400,0,0,0,0,0,0,61080
F,90000401,1,0,0,0,0,0,61080
F,90000800,0,90,1,1,0,0,61080
F,90001000,0,0,0,0,0,0,61080
F,90001200,0,0,0,0,0,0,61080
F,90001201,1,0,0,0,0,0,61080
F,90001600,0,0,0,0,0,0,61080
F,90000000,0,90,2,1,0,0,61140
F,90000001,1,90,2,1,0,0,61140
F,90000200,0,90,1,1,0,0,61140
F,90000201,1,0,1,0,0,0,61140
F,90000400,0,0,0,0,0,0,61140
F,90000401,1,0,0,0,0,0,61140
F,90000800,0,90,1,1,0,0,61140
F,90001000,0,0,0,0,0,0,61140
F,90001200,0,0,0,0,0,0,61140
F,90001201,1,0,0,0,0,0,61140
F,90001600,0,0,0,0,0,0,61140
F,90000000,0,90,2,1,0,0,61200
F,90000001,1,90,2,1,0,0,61200
F,90000200,0,90,1,1,0,0,61200
F,90000201,1,0,1,0,0,0,61200
F,90000400,0,0,0,0,0,0,61200
F,90000401,1,0,0,0,0,0,61200
F,90000800,0,90,1,1,0,0,61200
F,90001000,0,0,0,0,0,0,61200
F,90001200,0,0,0,0,0,0,61200
F,90001201,1,0,0,0,0,0,61200
F,90001600,0,0,0,0,0,0,61200
F,90000000,0,90,2,1,0,0,61260
F,90000001,1,90,2,1,0,0,61260
F,90000200,0,90,1,1,0,0,61260
F,90000201,1,0,1,0,0,0,61260
F,90000400,0,0,0,0,0,0,61260
F,90000401,1,0,0,0,0,0,61260
F,90000800,0,90,1,1,0,0,61260
F,90001000,0,0,0,0,0,0,61260
F,90001200,0,0,0,0,0,0,61260
F,90001201,1,0,0,0,0,0,61260
F,90001600,0,0,0,0,0,0,61260
F,90000000,0,90,2,1,0,0,61320
F,90000001,1,90,2,1,0,0,61320
F,90000200,0,90,1,1,0,0,61320
F,90000201,1,0,1,0,0,0,61320
F,90000400,0,0,0,0,0,0,61320
F,90000401,1,0,0,0,0,0,61320
F,90000800,0,90,1,1,0,0,61320
F,90001000,0,0,0,0,0,0,61320
F,90001200,0,0,0,0,0,0,61320
F,90001201,1,0,0,0,0,0,61320
F,90001600,0,0,0,0,0,0,61320
F,90000000,0,90,2,1,0,0,61380
F,90000001,1,90,2,1,0,0,61380
F,90000200,0,90,1,1,0,0,61380
F,90000201,1,0,1,0,0,0,61380
F,90000400,0,0,0,0,0,0,61380
F,90000401,1,0,0,0,0,0,61380
F,90000800,0,90,1,1,0,0,61380
F,90001000,0,0,0,0,0,0,61380
F,90001200,0,0,0,0,0,0,61380
F,90001201,1,0,0,0,0,0,61380
F,90001600,0,0,0,0,0,0,61380
F,90000000,0,90,2,1,0,0,61440
F,90000001,1,90,2,1,0,0,61440
F,90000200,0,90,1,1,0,0,61440
F,90000201,1,0,1,0,0,0,61440
F,90000400,0,0,0,0,0,0,61440
F,90000401,1,0,0,0,0,0,61440
F,90000800,0,90,1,1,0,0,61440
F,90001000,0,0,0,0,0,0,61440
F,90001200,0,0,0,0,0,0,61440
F,90001201,1,0,0,0,0,0,61440
F,90001600,0,0,0,0,0,0,61440
F,90000000,0,0,1,0,0,0,61500
F,90000001,1,90,1,1,0,0,61500
F,90000200,0,90,1,1,0,0,61500
F,90000201,1,0,1,0,0,0,61500
F,90000400,0,0,0,0,0,0,61500
F,90000401,1,0,0,0,0,0,61500
F,90000800,0,90,1,1,0,0,61500
F,90001000,0,0,0,0,0,0,61500
F,90001200,0,0,0,0,0,0,61500
F,90001201,1,0,0,0,0,0,61500
F,90001600,0,0,0,0,0,0,61500
F,90000000,0,0,1,0,0,0,61560
F,90000001,1,90,1,1,0,0,61560
F,90000200,0,90,1,1,0,0,61560
F,90000201,1,0,1,0,0,0,61560
F,90000400,0,0,0,0,0,0,61560
F,90000401,1,0,0,0,0,0,61560
F,90000800,0,90,1,1,0,0,61560
F,90001000,0,0,0,0,0,0,61560
F,90001200,0,0,0,0,0,0,61560
F,90001201,1,0,0,0,0,0,61560
F,90001600,0,0,0,0,0,0,61560
F,90000000,0,0,1,0,0,0,61620
F,90000001,1,90,1,1,0,0,61620
F,90000200,0,90,1,1,0,0,61620
F,90000201,1,0,1,0,0,0,61620
F,90000400,0,0,0,0,0,0,61620
F,90000401,1,0,0,0,0,0,61620
F,90000800,0,90,1,1,0,0,61620
F,90001000,0,0,0,0,0,0,61620
F,90001200,0,0,0,0,0,0,61620
F,90001201,1,0,0,0,0,0,61620
F,90001600,0,0,0,0,0,0,61620
F,90000000,0,0,1,0,0,0,61680
F,90000001,1,90,1,1,0,0,61680
F,90000200,0,90,1,1,0,0,61680
F,90000201,1,0,1,0,0,0,61680
F,90000400,0,0,0,0,0,0,61680
F,90000401,1,0,0,0,0,0,61680
F,90000800,0,90,1,1,0,0,61680
F,90001000,0,0,0,0,0,0,61680
F,90001200,0,0,0,0,0,0,61680
F,90001201,1,0,0,0,0,0,61680
F,90001600,0,0,0,0,0,0,61680
F,90000000,0,0,1,0,0,0,61740
F,90000001,1,90,1,1,0,0,61740
F,90000200,0,90,1,1,0,0,61740
F,90000201,1,0,1,0,0,0,61740
F,90000400,0,0,0,0,0,0,61740
F,90000401,1,0,0,0,0,0,61740
F,90000800,0,90,1,1,0,0,61740
F,90001000,0,0,0,0,0,0,61740
F,90001200,0,0,0,0,0,0,61740
F,90001201,1,0,0,0,0,0,61740
F,90001600,0,0,0,0,0,0,61740
F,90000000,0,90,2,1,0,0,61800
F,90000001,1,90,2,1,0,0,61800
F,90000200,0,90,1,1,0,0,61800
F,90000201,1,0,1,0,0,0,61800
F,90000400,0,0,0,0,0,0,61800
F,90000401,1,0,0,0,0,0,61800
F,90000800,0,90,1,1,0,0,61800
F,90001000,0,0,0,0,0,0,61800
F,90001200,0,0,0,0,0,0,61800
F,90001201,1,0,0,0,0,0,61800
F,90001600,0,0,0,0,0,0,61800
F,90000000,0,90,2,1,0,0,61860
F,90000001,1,90,2,1,0,0,61860
F,90000200,0,90,1,1,0,0,61860
F,90000201,1,0,1,0,0,0,61860
F,90000400,0,0,0,0,0,0,61860
F,90000401,1,0,0,0,0,0,61860
F,90000800,0,90,1,1,0,0,61860
F,90001000,0,0,0,0,0,0,61860
F,90001200,0,0,0,0,0,0,61860
F,90001201,1,0,0,0,0,0,61860
F,90001600,0,0,0,0,0,0,61860
F,90000000,0,90,2,1,0,0,61920
F,90000001,1,90,2,1,0,0,61920
F,90000200,0,90,1,1,0,0,61920
F,90000201,1,0,1,0,0,0,61920
F,90000400,0,0,0,0,0,0,61920
F,90000401,1,0,0,0,0,0,61920
F,90000800,0,90,1,1,0,0,61920
F,90001000,0,0,0,0,0,0,61920
F,90001200,0,0,0,0,0,0,61920
F,90001201,1,0,0,0,0,0,61920
F,90001600,0,0,0,0,0,0,61920
F,90000000,0,90,2,1,0,0,61980
F,90000001,1,90,2,1,0,0,61980
F,90000200,0,90,1,1,0,0,61980
F,90000201,1,0,1,0,0,0,61980
F,90000400,0,0,0,0,0,0,61980
F,90000401,1,0,0,0,0,0,61980
F,90000800,0,90,1,1,0,0,61980
F,90001000,0,0,0,0,0,0,61980
F,90001200,0,0,0,0,0,0,61980
F,90001201,1,0,0,0,0,0,61980
F,90001600,0,0,0,0,0,0,61980
F,90000000,0,90,2,1,0,0,62040
F,90000001,1,90,2,1,0,0,62040
F,90000200,0,90,1,1,0,0,62040
F,90000201,1,0,1,0,0,0,62040
F,90000400,0,0,0,0,0,0,62040
F,90000401,1,0,0,0,0,0,62040
F,90000800,0,90,1,1,0,0,62040
F,90001000,0,0,0,0,0,0,62040
F,90001200,0,0,0,0,0,0,62040
F,90001201,1,0,0,0,0,0,62040
F,90001600,0,0,0,0,0,0,62040
F,90000000,0,90,2,1,0,0,62100
F,90000001,1,90,2,1,0,0,62100
F,90000200,0,90,1,1,0,0,62100
F,90000201,1,0,1,0,0,0,62100
F,90000400,0,0,0,0,0,0,62100
F,90000401,1,0,0,0,0,0,62100
F,90000800,0,0,0,0,0,0,62100
F,90001000,0,0,0,0,0,0,62100
F,90001200,0,0,0,0,0,0,62100
F,90001201,1,0,0,0,0,0,62100
F,90001600,0,0,0,0,0,0,62100
F,90000000,0,90,1,1,0,0,62160
F,90000001,1,0,1,0,0,0,62160
F,90000200,0,90,1,1,0,0,62160
F,90000201,1,0,1,0,0,0,62160
F,90000400,0,0,0,0,0,0,62160
F,90000401,1,0,0,0,0,0,62160
F,90000800,0,0,0,0,0,0,62160
F,90001000,0,0,0,0,0,0,62160
F,90001200,0,0,0,0,0,0,62160
F,90001201,1,0,0,0,0,0,62160
F,90001600,0,0,0,0,0,0,62160
F,90000000,0,90,1,1,0,0,62220
F,90000001,1,0,1,0,0,0,62220
F,90000200,0,90,1,1,0,0,62220
F,90000201,1,0,1,0,0,0,62220
F,90000400,0,0,0,0,0,0,62220
F,90000401,1,0,0,0,0,0,62220
F,90000800,0,0,0,0,0,0,62220
F,90001000,0,0,0,0,0,0,62220
F,90001200,0,0,0,0,0,0,62220
F,90001201,1,0,0,0,0,0,62220
F,90001600,0,0,0,0,0,0,62220
F,90000000,0,90,1,1,0,0,62280
F,90000001,1,0,1,0,0,0,62280
F,90000200,0,90,1,1,0,0,62280
F,90000201,1,0,1,0,0,0,62280
F,90000400,0,0,0,0,0,0,62280
F,90000401,1,0,0,0,0,0,62280
F,90000800,0,0,0,0,0,0,62280
F,90001000,0,0,0,0,0,0,62280
F,90001200,0,0,0,0,0,0,62280
F,90001201,1,0,0,0,0,0,62280
F,90001600,0,0,0,0,0,0,62280
F,90000000,0,90,1,1,0,0,62340
F,90000001,1,0,1,0,0,0,62340
F,90000200,0,90,1,1,0,0,62340
F,90000201,1,0,1,0,0,0,62340
F,90000400,0,0,0,0,0,0,62340
F,90000401,1,0,0,0,0,0,62340
F,90000800,0,0,0,0,0,0,62340
F,90001000,0,0,0,0,0,0,62340
F,90001200,0,0,0,0,0,0,62340
F,90001201,1,0,0,0,0,0,62340
F,90001600,0,0,0,0,0,0,62340
F,90000000,0,90,1,1,0,0,62400
F,90000001,1,0,1,0,0,0,62400
F,90000200,0,90,1,1,0,0,62400
F,90000201,1,0,1,0,0,0,62400
F,90000400,0,90,1,1,0,0,62400
F,90000401,1,0,1,0,0,0,62400
F,90000800,0,0,0,0,0,0,62400
F,90001000,0,0,0,0,0,0,62400
F,90001200,0,0,0,0,0,0,62400
F,90001201,1,0,0,0,0,0,62400
F,90001600,0,0,0,0,0,0,62400
F,90000000,0,90,1,1,0,0,62460
F,90000001,1,0,1,0,0,0,62460
F,90000200,0,0,0,0,0,0,62460
F,90000201,1,0,0,0,0,0,62460
F,90000400,0,90,1,1,0,0,62460
F,90000401,1,0,1,0,0,0,62460
F,90000800,0,0,0,0,0,0,62460
F,90001000,0,0,0,0,0,0,62460
F,90001200,0,0,0,0,0,0,62460
F,90001201,1,0,0,0,0,0,62460
F,90001600,0,0,0,0,0,0,62460
F,90000000,0,90,1,1,0,0,62520
F,90000001,1,0,1,0,0,0,62520
F,90000200,0,0,0,0,0,0,62520
F,90000201,1,0,0,0,0,0,62520
F,90000400,0,90,1,1,0,0,62520
F,90000401,1,0,1,0,0,0,62520
F,90000800,0,0,0,0,0,0,62520
F,90001000,0,0,0,0,0,0,62520
F,90001200,0,0,0,0,0,0,62520
F,90001201,1,0,0,0,0,0,62520
F,90001600,0,0,0,0,0,0,62520
F,90000000,0,90,1,1,0,0,62580
F,90000001,1,0,1,0,0,0,62580
F,90000200,0,0,0,0,0,0,62580
F,90000201,1,0,0,0,0,0,62580
F,90000400,0,90,1,1,0,0,62580
F,90000401,1,0,1,0,0,0,62580
F,90000800,0,0,0,0,0,0,62580
F,90001000,0,0,0,0,0,0,62580
F,90001200,0,0,0,0,0,0,62580
F,90001201,1,0,0,0,0,0,62580
F,90001600,0,0,0,0,0,0,62580
F,90000000,0,90,1,1,0,0,62640
F,90000001,1,0,1,0,0,0,62640
F,90000200,0,0,0,0,0,0,62640
F,90000201,1,0,0,0,0,0,62640
F,90000400,0,90,1,1,0,0,62640
F,90000401,1,0,1,0,0,0,62640
F,90000800,0,0,0,0,0,0,62640
F,90001000,0,0,0,0,0,0,62640
F,90001200,0,0,0,0,0,0,62640
F,90001201,1,0,0,0,0,0,62640
F,90001600,0,0,0,0,0,0,62640
F,90000000,0,90,1,1,0,0,62700
F,90000001,1,0,1,0,0,0,62700
F,90000200,0,0,0,0,0,0,62700
F,90000201,1,0,0,0,0,0,62700
F,90000400,0,90,1,1,0,0,62700
F,90000401,1,0,1,0,0,0,62700
F,90000800,0,0,0,0,0,0,62700
F,90001000,0,0,0,0,0,0,62700
F,90001200,0,0,0,0,0,0,62700
F,90001201,1,0,0,0,0,0,62700
F,90001600,0,0,0,0,0,0,62700
F,90000000,0,90,1,1,0,0,62760
F,90000001,1,0,1,0,0,0,62760
F,90000200,0,0,0,0,0,0,62760
F,90000201,1,0,0,0,0,0,62760
F,90000400,0,90,1,1,0,0,62760
F,90000401,1,0,1,0,0,0,62760
F,90000800,0,0,0,0,0,0,62760
F,90001000,0,0,0,0,0,0,62760
F,90001200,0,0,0,0,0,0,62760
F,90001201,1,0,0,0,0,0,62760
F,90001600,0,0,0,0,0,0,62760
F,90000000,0,90,1,1,0,0,62820
F,90000001,1,0,1,0,0,0,62820
F,90000200,0,0,0,0,0,0,62820
F,90000201,1,0,0,0,0,0,62820
F,90000400,0,90,1,1,0,0,62820
F,90000401,1,0,1,0,0,0,62820
F,90000800,0,0,0,0,0,0,62820
F,90001000,0,0,0,0,0,0,62820
F,90001200,0,0,0,0,0,0,62820
F,90001201,1,0,0,0,0,0,62820
F,90001600,0,0,0,0,0,0,62820
F,90000000,0,90,1,1,0,0,62880
F,90000001,1,0,1,0,0,0,62880
F,90000200,0,0,0,0,0,0,62880
F,90000201,1,0,0,0,0,0,62880
F,90000400,0,90,1,1,0,0,62880
F,90000401,1,0,1,0,0,0,62880
F,90000800,0,0,0,0,0,0,62880
F,90001000,0,0,0,0,0,0,62880
F,90001200,0,0,0,0,0,0,62880
F,90001201,1,0,0,0,0,0,62880
F,90001600,0,0,0,0,0,0,62880
F,90000000,0,90,1,1,0,0,62940
F,90000001,1,0,1,0,0,0,62940
F,90000200,0,0,0,0,0,0,62940
F,90000201,1,0,0,0,0,0,62940
F,90000400,0,90,1,1,0,0,62940
F,90000401,1,0,1,0,0,0,62940
F,90000800,0,0,0,0,0,0,62940
F,90001000,0,0,0,0,0,0,62940
F,90001200,0,0,0,0,0,0,62940
F,90001201,1,0,0,0,0,0,62940
F,90001600,0,0,0,0,0,0,62940
F,90000000,0,90,1,1,0,0,63000
F,90000001,1,0,1,0,0,0,63000
F,90000200,0,0,0,0,0,0,63000
F,90000201,1,0,0,0,0,0,63000
F,90000400,0,90,1,1,0,0,63000
F,90000401,1,0,1,0,0,0,63000
F,90000800,0,0,0,0,0,0,63000
F,90001000,0,0,0,0,0,0,63000
F,90001200,0,0,0,0,0,0,63000
F,90001201,1,0,0,0,0,0,63000
F,90001600,0,0,0,0,0,0,63000
F,90000000,0,90,1,1,0,0,63060
F,90000001,1,0,1,0,0,0,63060
F,90000200,0,0,0,0,0,0,63060
F,90000201,1,0,0,0,0,0,63060
F,90000400,0,90,1,1,0,0,63060
F,90000401,1,0,1,0,0,0,63060
F,90000800,0,0,0,0,0,0,63060
F,90001000,0,0,0,0,0,0,63060
F,90001200,0,0,0,0,0,0,63060
F,90001201,1,0,0,0,0,0,63060
F,90001600,0,0,0,0,0,0,63060
F,90000000,0,90,2,1,0,0,63120
F,90000001,1,90,2,1,0,0,63120
F,90000200,0,0,0,0,0,0,63120
F,90000201,1,0,0,0,0,0,63120
F,90000400,0,90,1,1,0,0,63120
F,90000401,1,0,1,0,0,0,63120
F,90000800,0,0,0,0,0,0,63120
F,90001000,0,0,0,0,0,0,63120
F,90001200,0,0,0,0,0,0,63120
F,90001201,1,0,0,0,0,0,63120
F,90001600,0,0,0,0,0,0,63120
F,90000000,0,90,2,1,0,0,63180
F,90000001,1,90,2,1,0,0,63180
F,90000200,0,0,0,0,0,0,63180
F,90000201,1,0,0,0,0,0,63180
F,90000400,0,90,1,1,0,0,63180
F,90000401,1,0,1,0,0,0,63180
F,90000800,0,0,0,0,0,0,63180
F,90001000,0,0,0,0,0,0,63180
F,90001200,0,0,0,0,0,0,63180
F,90001201,1,0,0,0,0,0,63180
F,90001600,0,0,0,0,0,0,63180
F,90000000,0,0,1,0,0,0,63240
F,90000001,1,90,1,1,0,0,63240
F,90000200,0,0,0,0,0,0,63240
F,90000201,1,0,0,0,0,0,63240
F,90000400,0,90,1,1,0,0,63240
F,90000401,1,0,1,0,0,0,63240
F,90000800,0,0,0,0,0,0,63240
F,90001000,0,0,0,0,0,0,63240
F,90001200,0,0,0,0,0,0,63240
F,90001201,1,0,0,0,0,0,63240
F,90001600,0,0,0,0,0,0,63240
F,90000000,0,0,1,0,0,0,63300
F,90000001,1,90,1,1,0,0,63300
F,90000200,0,0,0,0,0,0,63300
F,90000201,1,0,0,0,0,0,63300
F,90000400,0,90,1,1,0,0,63300
F,90000401,1,0,1,0,0,0,63300
F,90000800,0,0,0,0,0,0,63300
F,90001000,0,0,0,0,0,0,63300
F,90001200,0,0,0,0,0,0,63300
F,90001201,1,0,0,0,0,0,63300
F,90001600,0,0,0,0,0,0,63300
F,90000000,0,0,1,0,0,0,63360
F,90000001,1,90,1,1,0,0,63360
F,90000200,0,0,0,0,0,0,63360
F,90000201,1,0,0,0,0,0,63360
F,90000400,0,90,1,1,0,0,63360
F,90000401,1,0,1,0,0,0,63360
F,90000800,0,0,0,0,0,0,63360
F,90001000,0,0,0,0,0,0,63360
F,90001200,0,0,0,0,0,0,63360
F,90001201,1,0,0,0,0,0,63360
F,90001600,0,0,0,0,0,0,63360
F,90000000,0,0,1,0,0,0,63420
F,90000001,1,90,1,1,0,0,63420
F,90000200,0,0,0,0,0,0,63420
F,90000201,1,0,0,0,0,0,63420
F,90000400,0,90,1,1,0,0,63420
F,90000401,1,0,1,0,0,0,63420
F,90000800,0,0,0,0,0,0,63420
F,90001000,0,0,0,0,0,0,63420
F,90001200,0,0,0,0,0,0,63420
F,90001201,1,0,0,0,0,0,63420
F,90001600,0,0,0,0,0,0,63420
F,90000000,0,0,1,0,0,0,63480
F,90000001,1,90,1,1,0,0,63480
F,90000200,0,0,0,0,0,0,63480
F,90000201,1,0,0,0,0,0,63480
F,90000400,0,90,1,1,0,0,63480
F,90000401,1,0,1,0,0,0,63480
F,90000800,0,0,0,0,0,0,63480
F,90001000,0,0,0,0,0,0,63480
F,90001200,0,0,0,0,0,0,63480
F,90001201,1,0,0,0,0,0,63480
F,90001600,0,0,0,0,0,0,63480
F,90000000,0,0,1,0,0,0,63540
F,90000001,1,90,1,1,0,0,63540
F,90000200,0,0,0,0,0,0,63540
F,90000201,1,0,0,0,0,0,63540
F,90000400,0,90,1,1,0,0,63540
F,90000401,1,0,1,0,0,0,63540
F,90000800,0,0,0,0,0,0,63540
F,90001000,0,0,0,0,0,0,63540
F,90001200,0,0,0,0,0,0,63540
F,90001201,1,0,0,0,0,0,63540
F,90001600,0,0,0,0,0,0,63540
F,90000000,0,0,1,0,0,0,63600
F,90000001,1,90,1,1,0,0,63600
F,90000200,0,0,0,0,0,0,63600
F,90000201,1,0,0,0,0,0,63600
F,90000400,0,90,1,1,0,0,63600
F,90000401,1,0,1,0,0,0,63600
F,90000800,0,0,0,0,0,0,63600
F,90001000,0,0,0,0,0,0,63600
F,90001200,0,0,0,0,0,0,63600
F,90001201,1,0,0,0,0,0,63600
F,90001600,0,0,0,0,0,0,63600
F,90000000,0,0,1,0,0,0,63660
F,90000001,1,90,1,1,0,0,63660
F,90000200,0,0,0,0,0,0,63660
F,90000201,1,0,0,0,0,0,63660
F,90000400,0,90,1,1,0,0,63660
F,90000401,1,0,1,0,0,0,63660
F,90000800,0,0,0,0,0,0,63660
F,90001000,0,0,0,0,0,0,63660
F,90001200,0,0,0,0,0,0,63660
F,90001201,1,0,0,0,0,0,63660
F,90001600,0,0,0,0,0,0,63660
F,90000000,0,0,1,0,0,0,63720
F,90000001,1,90,1,1,0,0,63720
F,90000200,0,0,0,0,0,0,63720
F,90000201,1,0,0,0,0,0,63720
F,90000400,0,90,1,1,0,0,63720
F,90000401,1,0,1,0,0,0,63720
F,90000800,0,0,0,0,0,0,63720
F,90001000,0,0,0,0,0,0,63720
F,90001200,0,0,0,0,0,0,63720
F,90001201,1,0,0,0,0,0,63720
F,90001600,0,0,0,0,0,0,63720
F,90000000,0,0,1,0,0,0,63780
F,90000001,1,90,1,1,0,0,63780
F,90000200,0,0,0,0,0,0,63780
F,90000201,1,0,0,0,0,0,63780
F,90000400,0,90,1,1,0,0,63780
F,90000401,1,0,1,0,0,0,63780
F,90000800,0,0,0,0,0,0,63780
F,90001000,0,0,0,0,0,0,63780
F,90001200,0,0,0,0,0,0,63780
F,90001201,1,0,0,0,0,0,63780
F,90001600,0,0,0,0,0,0,63780
F,90000000,0,0,1,0,0,0,63840
F,90000001,1,90,1,1,0,0,63840
F,90000200,0,0,0,0,0,0,63840
F,90000201,1,0,0,0,0,0,63840
F,90000400,0,90,1,1,0,0,63840
F,90000401,1,0,1,0,0,0,63840
F,90000800,0,0,0,0,0,0,63840
F,90001000,0,0,0,0,0,0,63840
F,90001200,0,0,0,0,0,0,63840
F,90001201,1,0,0,0,0,0,63840
F,90001600,0,0,0,0,0,0,63840
F,90000000,0,0,1,0,0,0,63900
F,90000001,1,90,1,1,0,0,63900
F,90000200,0,0,0,0,0,0,63900
F,90000201,1,0,0,0,0,0,63900
F,90000400,0,0,0,0,0,0,63900
F,90000401,1,0,0,0,0,0,63900
F,90000800,0,0,0,0,0,0,63900
F,90001000,0,0,0,0,0,0,63900
F,90001200,0,0,0,0,0,0,63900
F,90001201,1,0,0,0,0,0,63900
F,90001600,0,0,0,0,0,0,63900
F,90000000,0,0,1,0,0,0,63960
F,90000001,1,90,1,1,0,0,63960
F,90000200,0,0,0,0,0,0,63960
F,90000201,1,0,0,0,0,0,63960
F,90000400,0,0,0,0,0,0,63960
F,90000401,1,0,0,0,0,0,63960
F,90000800,0,0,0,0,0,0,63960
F,90001000,0,0,0,0,0,0,63960
F,90001200,0,0,0,0,0,0,63960
F,90001201,1,0,0,0,0,0,63960
F,90001600,0,0,0,0,0,0,63960
F,90000000,0,0,1,0,0,0,64020
F,90000001,1,90,1,1,0,0,64020
F,90000200,0,0,0,0,0,0,64020
F,90000201,1,0,0,0,0,0,64020
F,90000400,0,0,0,0,0,0,64020
F,90000401,1,0,0,0,0,0,64020
F,90000800,0,0,0,0,0,0,64020
F,90001000,0,0,0,0,0,0,64020
F,90001200,0,0,0,0,0,0,64020
F,90001201,1,0,0,0,0,0,64020
F,90001600,0,0,0,0,0,0,64020
F,90000000,0,0,1,0,0,0,64080
F,90000001,1,90,1,1,0,0,64080
F,90000200,0,0,0,0,0,0,64080
F,90000201,1,0,0,0,0,0,64080
F,90000400,0,0,0,0,0,0,64080
F,90000401,1,0,0,0,0,0,64080
F,90000800,0,0,0,0,0,0,64080
F,90001000,0,0,0,0,0,0,64080
F,90001200,0,0,0,0,0,0,64080
F,90001201,1,0,0,0,0,0,64080
F,90001600,0,0,0,0,0,0,64080
F,90000000,0,0,1,0,0,0,64140
F,90000001,1,90,1,1,0,0,64140
F,90000200,0,0,0,0,0,0,64140
F,90000201,1,0,0,0,0,0,64140
F,90000400,0,0,0,0,0,0,64140
F,90000401,1,0,0,0,0,0,64140
F,90000800,0,0,0,0,0,0,64140
F,90001000,0,0,0,0,0,0,64140
F,90001200,0,0,0,0,0,0,64140
F,90001201,1,0,0,0,0,0,64140
F,90001600,0,0,0,0,0,0,64140
F,90000000,0,0,1,0,0,0,64200
F,90000001,1,90,1,1,0,0,64200
F,90000200,0,0,0,0,0,0,64200
F,90000201,1,0,0,0,0,0,64200
F,90000400,0,0,0,0,0,0,64200
F,90000401,1,0,0,0,0,0,64200
F,90000800,0,0,0,0,0,0,64200
F,90001000,0,0,0,0,0,0,64200
F,90001200,0,0,0,0,0,0,64200
F,90001201,1,0,0,0,0,0,64200
F,90001600,0,0,0,0,0,0,64200
F,90000000,0,0,1,0,0,0,64260
F,90000001,1,90,1,1,0,0,64260
F,90000200,0,0,0,0,0,0,64260
F,90000201,1,0,0,0,0,0,64260
F,90000400,0,0,0,0,0,0,64260
F,90000401,1,0,0,0,0,0,64260
F,90000800,0,0,0,0,0,0,64260
F,90001000,0,0,0,0,0,0,64260
F,90001200,0,0,0,0,0,0,64260
F,90001201,1,0,0,0,0,0,64260
F,90001600,0,0,0,0,0,0,64260
F,90000000,0,0,1,0,0,0,64320
F,90000001,1,90,1,1,0,0,64320
F,90000200,0,0,0,0,0,0,64320
F,90000201,1,0,0,0,0,0,64320
F,90000400,0,0,0,0,0,0,64320
F,90000401,1,0,0,0,0,0,64320
F,90000800,0,0,0,0,0,0,64320
F,90001000,0,0,0,0,0,0,64320
F,90001200,0,0,0,0,0,0,64320
F,90001201,1,0,0,0,0,0,64320
F,90001600,0,0,0,0,0,0,64320
F,90000000,0,0,1,0,0,0,64380
F,90000001,1,90,1,1,0,0,64380
F,90000200,0,0,0,0,0,0,64380
F,90000201,1,0,0,0,0,0,64380
F,90000400,0,0,0,0,0,0,64380
F,90000401,1,0,0,0,0,0,64380
F,90000800,0,0,0,0,0,0,64380
F,90001000,0,0,0,0,0,0,64380
F,90001200,0,0,0,0,0,0,64380
F,90001201,1,0,0,0,0,0,64380
F,90001600,0,0,0,0,0,0,64380
F,90000000,0,0,1,0,0,0,64440
F,90000001,1,90,1,1,0,0,64440
F,90000200,0,0,0,0,0,0,64440
F,90000201,1,0,0,0,0,0,64440
F,90000400,0,0,0,0,0,0,64440
F,90000401,1,0,0,0,0,0,64440
F,90000800,0,0,0,0,0,0,64440
F,90001000,0,0,0,0,0,0,64440
F,90001200,0,0,0,0,0,0,64440
F,90001201,1,0,0,0,0,0,64440
F,90001600,0,0,0,0,0,0,64440
F,90000000,0,90,2,1,0,0,64500
F,90000001,1,90,2,1,0,0,64500
F,90000200,0,0,0,0,0,0,64500
F,90000201,1,0,0,0,0,0,64500
F,90000400,0,0,0,0,0,0,64500
F,90000401,1,0,0,0,0,0,64500
F,90000800,0,0,0,0,0,0,64500
F,90001000,0,0,0,0,0,0,64500
F,90001200,0,0,0,0,0,0,64500
F,90001201,1,0,0,0,0,0,64500
F,90001600,0,0,0,0,0,0,64500
F,90000000,0,90,1,1,0,0,64560
F,90000001,1,0,1,0,0,0,64560
F,90000200,0,0,0,0,0,0,64560
F,90000201,1,0,0,0,0,0,64560
F,90000400,0,0,0,0,0,0,64560
F,90000401,1,0,0,0,0,0,64560
F,90000800,0,0,0,0,0,0,64560
F,90001000,0,0,0,0,0,0,64560
F,90001200,0,0,0,0,0,0,64560
F,90001201,1,0,0,0,0,0,64560
F,90001600,0,0,0,0,0,0,64560
F,90000000,0,90,2,1,0,0,64620
F,90000001,1,90,2,1,0,0,64620
F,90000200,0,0,0,0,0,0,64620
F,90000201,1,0,0,0,0,0,64620
F,90000400,0,0,0,0,0,0,64620
F,90000401,1,0,0,0,0,0,64620
F,90000800,0,0,0,0,0,0,64620
F,90001000,0,0,0,0,0,0,64620
F,90001200,0,0,0,0,0,0,64620
F,90001201,1,0,0,0,0,0,64620
F,90001600,0,0,0,0,0,0,64620
F,90000000,0,90,2,1,0,0,64680
F,90000001,1,90,2,1,0,0,64680
F,90000200,0,0,0,0,0,0,64680
F,90000201,1,0,0,0,0,0,64680
F,90000400,0,0,0,0,0,0,64680
F,90000401,1,0,0,0,0,0,64680
F,90000800,0,0,0,0,0,0,64680
F,90001000,0,0,0,0,0,0,64680
F,90001200,0,0,0,0,0,0,64680
F,90001201,1,0,0,0,0,0,64680
F,90001600,0,0,0,0,0,0,64680
F,90000000,0,90,2,1,0,0,64740
F,90000001,1,90,2,1,0,0,64740
F,90000200,0,90,1,1,0,0,64740
F,90000201,1,0,1,0,0,0,64740
F,90000400,0,0,0,0,0,0,64740
F,90000401,1,0,0,0,0,0,64740
F,90000800,0,0,0,0,0,0,64740
F,90001000,0,0,0,0,0,0,64740
F,90001200,0,0,0,0,0,0,64740
F,90001201,1,0,0,0,0,0,64740
F,90001600,0,0,0,0,0,0,64740
F,90000000,0,90,2,1,0,0,64800
F,90000001,1,90,2,1,0,0,64800
F,90000200,0,90,1,1,0,0,64800
F,90000201,1,0,1,0,0,0,64800
F,90000400,0,0,0,0,0,0,64800
F,90000401,1,0,0,0,0,0,64800
F,90000800,0,0,0,0,0,0,64800
F,90001000,0,0,0,0,0,0,64800
F,90001200,0,0,0,0,0,0,64800
F,90001201,1,0,0,0,0,0,64800
F,90001600,0,0,0,0,0,0,64800
F,90000000,0,90,2,1,0,0,64860
F,90000001,1,90,2,1,0,0,64860
F,90000200,0,90,1,1,0,0,64860
F,90000201,1,0,1,0,0,0,64860
F,90000400,0,0,0,0,0,0,64860
F,90000401,1,0,0,0,0,0,64860
F,90000800,0,0,0,0,0,0,64860
F,90001000,0,0,0,0,0,0,64860
F,90001200,0,0,0,0,0,0,64860
F,90001201,1,0,0,0,0,0,64860
F,90001600,0,0,0,0,0,0,64860
F,90000000,0,90,2,1,0,0,64920
F,90000001,1,90,2,1,0,0,64920
F,90000200,0,90,1,1,0,0,64920
F,90000201,1,0,1,0,0,0,64920
F,90000400,0,0,0,0,0,0,64920
F,90000401,1,0,0,0,0,0,64920
F,90000800,0,0,0,0,0,0,64920
F,90001000,0,0,0,0,0,0,64920
F,90001200,0,0,0,0,0,0,64920
F,90001201,1,0,0,0,0,0,64920
F,90001600,0,0,0,0,0,0,64920
F,90000000,0,90,2,1,0,0,64980
F,90000001,1,90,2,1,0,0,64980
F,90000200,0,90,1,1,0,0,64980
F,90000201,1,0,1,0,0,0,64980
F,90000400,0,0,0,0,0,0,64980
F,90000401,1,0,0,0,0,0,64980
F,90000800,0,0,0,0,0,0,64980
F,90001000,0,0,0,0,0,0,64980
F,90001200,0,0,0,0,0,0,64980
F,90001201,1,0,0,0,0,0,64980
F,90001600,0,0,0,0,0,0,64980
F,90000000,0,90,2,1,0,0,65040
F,90000001,1,90,2,1,0,0,65040
F,90000200,0,90,1,1,0,0,65040
F,90000201,1,0,1,0,0,0,65040
F,90000400,0,0,0,0,0,0,65040
F,90000401,1,0,0,0,0,0,65040
F,90000800,0,0,0,0,0,0,65040
F,90001000,0,0,0,0,0,0,65040
F,90001200,0,0,0,0,0,0,65040
F,90001201,1,0,0,0,0,0,65040
F,90001600,0,0,0,0,0,0,65040
F,90000000,0,90,2,1,0,0,65100
F,90000001,1,90,2,1,0,0,65100
F,90000200,0,90,1,1,0,0,65100
F,90000201,1,0,1,0,0,0,65100
F,90000400,0,0,0,0,0,0,65100
F,90000401,1,0,0,0,0,0,65100
F,90000800,0,0,0,0,0,0,65100
F,90001000,0,0,0,0,0,0,65100
F,90001200,0,0,0,0,0,0,65100
F,90001201,1,0,0,0,0,0,65100
F,90001600,0,0,0,0,0,0,65100
F,90000000,0,90,2,1,0,0,65160
F,90000001,1,90,2,1,0,0,65160
F,90000200,0,90,1,1,0,0,65160
F,90000201,1,0,1,0,0,0,65160
F,90000400,0,0,0,0,0,0,65160
F,90000401,1,0,0,0,0,0,65160
F,90000800,0,0,0,0,0,0,65160
F,90001000,0,0,0,0,0,0,65160
F,90001200,0,0,0,0,0,0,65160
F,90001201,1,0,0,0,0,0,65160
F,90001600,0,0,0,0,0,0,65160
F,90000000,0,90,2,1,0,0,65220
F,90000001,1,90,2,1,0,0,65220
F,90000200,0,90,1,1,0,0,65220
F,90000201,1,0,1,0,0,0,65220
F,90000400,0,0,0,0,0,0,65220
F,90000401,1,0,0,0,0,0,65220
F,90000800,0,0,0,0,0,0,65220
F,90001000,0,0,0,0,0,0,65220
F,90001200,0,0,0,0,0,0,65220
F,90001201,1,0,0,0,0,0,65220
F,90001600,0,0,0,0,0,0,65220
F,90000000,0,90,2,1,0,0,65280
F,90000001,1,90,2,1,0,0,65280
F,90000200,0,90,1,1,0,0,65280
F,90000201,1,0,1,0,0,0,65280
F,90000400,0,0,0,0,0,0,65280
F,90000401,1,0,0,0,0,0,65280
F,90000800,0,0,0,0,0,0,65280
F,90001000,0,0,0,0,0,0,65280
F,90001200,0,0,0,0,0,0,65280
F,90001201,1,0,0,0,0,0,65280
F,90001600,0,0,0,0,0,0,65280
F,90000000,0,90,2,1,0,0,65340
F,90000001,1,90,2,1,0,0,65340
F,90000200,0,90,1,1,0,0,65340
F,90000201,1,0,1,0,0,0,65340
F,90000400,0,0,0,0,0,0,65340
F,90000401,1,0,0,0,0,0,65340
F,90000800,0,0,0,0,0,0,65340
F,90001000,0,0,0,0,0,0,65340
F,90001200,0,0,0,0,0,0,65340
F,90001201,1,0,0,0,0,0,65340
F,90001600,0,0,0,0,0,0,65340
F,90000000,0,90,2,1,0,0,65400
F,90000001,1,90,2,1,0,0,65400
F,90000200,0,90,1,1,0,0,65400
F,90000201,1,0,1,0,0,0,65400
F,90000400,0,0,0,0,0,0,65400
F,90000401,1,0,0,0,0,0,65400
F,90000800,0,0,0,0,0,0,65400
F,90001000,0,0,0,0,0,0,65400
F,90001200,0,0,0,0,0,0,65400
F,90001201,1,0,0,0,0,0,65400
F,90001600,0,0,0,0,0,0,65400
F,90000000,0,90,2,1,0,0,65460
F,90000001,1,90,2,1,0,0,65460
F,90000200,0,90,1,1,0,0,65460
F,90000201,1,0,1,0,0,0,65460
F,90000400,0,0,0,0,0,0,65460
F,90000401,1,0,0,0,0,0,65460
F,90000800,0,0,0,0,0,0,65460
F,90001000,0,0,0,0,0,0,65460
F,90001200,0,0,0,0,0,0,65460
F,90001201,1,0,0,0,0,0,65460
F,90001600,0,0,0,0,0,0,65460
F,90000000,0,90,2,1,0,0,65520
F,90000001,1,90,2,1,0,0,65520
F,90000200,0,90,1,1,0,0,65520
F,90000201,1,0,1,0,0,0,65520
F,90000400,0,0,0,0,0,0,65520
F,90000401,1,0,0,0,0,0,65520
F,90000800,0,0,0,0,0,0,65520
F,90001000,0,0,0,0,0,0,65520
F,90001200,0,0,0,0,0,0,65520
F,90001201,1,0,0,0,0,0,65520
F,90001600,0,0,0,0,0,0,65520
F,90000000,0,90,2,1,0,0,65580
F,90000001,1,90,2,1,0,0,65580
F,90000200,0,90,1,1,0,0,65580
F,90000201,1,0,1,0,0,0,65580
F,90000400,0,0,0,0,0,0,65580
F,90000401,1,0,0,0,0,0,65580
F,90000800,0,0,0,0,0,0,65580
F,90001000,0,0,0,0,0,0,65580
F,90001200,0,0,0,0,0,0,65580
F,90001201,1,0,0,0,0,0,65580
F,90001600,0,0,0,0,0,0,65580
F,90000000,0,90,2,1,0,0,65640
F,90000001,1,90,2,1,0,0,65640
F,90000200,0,90,1,1,0,0,65640
F,90000201,1,0,1,0,0,0,65640
F,90000400,0,0,0,0,0,0,65640
F,90000401,1,0,0,0,0,0,65640
F,90000800,0,0,0,0,0,0,65640
F,90001000,0,0,0,0,0,0,65640
F,90001200,0,0,0,0,0,0,65640
F,90001201,1,0,0,0,0,0,65640
F,90001600,0,0,0,0,0,0,65640
F,90000000,0,90,2,1,0,0,65700
F,90000001,1,90,2,1,0,0,65700
F,90000200,0,90,1,1,0,0,65700
F,90000201,1,0,1,0,0,0,65700
F,90000400,0,0,0,0,0,0,65700
F,90000401,1,0,0,0,0,0,65700
F,90000800,0,0,0,0,0,0,65700
F,90001000,0,0,0,0,0,0,65700
F,90001200,0,0,0,0,0,0,65700
F,90001201,1,0,0,0,0,0,65700
F,90001600,0,0,0,0,0,0,65700
F,90000000,0,90,2,1,0,0,65760
F,90000001,1,90,2,1,0,0,65760
F,90000200,0,90,1,1,0,0,65760
F,90000201,1,0,1,0,0,0,65760
F,90000400,0,0,0,0,0,0,65760
F,90000401,1,0,0,0,0,0,65760
F,90000800,0,0,0,0,0,0,65760
F,90001000,0,0,0,0,0,0,65760
F,90001200,0,0,0,0,0,0,65760
F,90001201,1,0,0,0,0,0,65760
F,90001600,0,0,0,0,0,0,65760
F,90000000,0,90,2,1,0,0,65820
F,90000001,1,90,2,1,0,0,65820
F,90000200,0,90,1,1,0,0,65820
F,90000201,1,0,1,0,0,0,65820
F,90000400,0,0,0,0,0,0,65820
F,90000401,1,0,0,0,0,0,65820
F,90000800,0,0,0,0,0,0,65820
F,90001000,0,0,0,0,0,0,65820
F,90001200,0,0,0,0,0,0,65820
F,90001201,1,0,0,0,0,0,65820
F,90001600,0,0,0,0,0,0,65820
F,90000000,0,90,2,1,0,0,65880
F,90000001,1,90,2,1,0,0,65880
F,90000200,0,90,1,1,0,0,65880
F,90000201,1,0,1,0,0,0,65880
F,90000400,0,0,0,0,0,0,65880
F,90000401,1,0,0,0,0,0,65880
F,90000800,0,0,0,0,0,0,65880
F,90001000,0,0,0,0,0,0,65880
F,90001200,0,0,0,0,0,0,65880
F,90001201,1,0,0,0,0,0,65880
F,90001600,0,0,0,0,0,0,65880
F,90000000,0,0,1,0,0,0,65940
F,90000001,1,90,1,1,0,0,65940
F,90000200,0,90,1,1,0,0,65940
F,90000201,1,0,1,0,0,0,65940
F,90000400,0,0,0,0,0,0,65940
F,90000401,1,0,0,0,0,0,65940
F,90000800,0,0,0,0,0,0,65940
F,90001000,0,0,0,0,0,0,65940
F,90001200,0,0,0,0,0,0,65940
F,90001201,1,0,0,0,0,0,65940
F,90001600,0,0,0,0,0,0,65940
F,90000000,0,0,1,0,0,0,66000
F,90000001,1,90,1,1,0,0,66000
F,90000200,0,90,1,1,0,0,66000
F,90000201,1,0,1,0,0,0,66000
F,90000400,0,0,0,0,0,0,66000
F,90000401,1,0,0,0,0,0,66000
F,90000800,0,0,0,0,0,0,66000
F,90001000,0,0,0,0,0,0,66000
F,90001200,0,0,0,0,0,0,66000
F,90001201,1,0,0,0,0,0,66000
F,90001600,0,0,0,0,0,0,66000
F,90000000,0,0,1,0,0,0,66060
F,90000001,1,90,1,1,0,0,66060
F,90000200,0,90,1,1,0,0,66060
F,90000201,1,0,1,0,0,0,66060
F,90000400,0,0,0,0,0,0,66060
F,90000401,1,0,0,0,0,0,66060
F,90000800,0,0,0,0,0,0,66060
F,90001000,0,0,0,0,0,0,66060
F,90001200,0,0,0,0,0,0,66060
F,90001201,1,0,0,0,0,0,66060
F,90001600,0,0,0,0,0,0,66060
F,90000000,0,0,0,0,0,0,66120
F,90000001,1,0,0,0,0,0,66120
F,90000200,0,90,1,1,0,0,66120
F,90000201,1,0,1,0,0,0,66120
F,90000400,0,0,0,0,0,0,66120
F,90000401,1,0,0,0,0,0,66120
F,90000800,0,0,0,0,0,0,66120
F,90001000,0,0,0,0,0,0,66120
F,90001200,0,0,0,0,0,0,66120
F,90001201,1,0,0,0,0,0,66120
F,90001600,0,0,0,0,0,0,66120
F,90000000,0,0,0,0,0,0,66180
F,90000001,1,0,0,0,0,0,66180
F,90000200,0,0,0,0,0,0,66180
F,90000201,1,0,0,0,0,0,66180
F,90000400,0,0,0,0,0,0,66180
F,90000401,1,0,0,0,0,0,66180
F,90000800,0,0,0,0,0,0,66180
F,90001000,0,0,0,0,0,0,66180
F,90001200,0,0,0,0,0,0,66180
F,90001201,1,0,0,0,0,0,66180
F,90001600,0,0,0,0,0,0,66180
F,90000000,0,0,0,0,0,0,66240
F,90000001,1,0,0,0,0,0,66240
F,90000200,0,0,0,0,0,0,66240
F,90000201,1,0,0,0,0,0,66240
F,90000400,0,0,0,0,0,0,66240
F,90000401,1,0,0,0,0,0,66240
F,90000800,0,0,0,0,0,0,66240
F,90001000,0,0,0,0,0,0,66240
F,90001200,0,0,0,0,0,0,66240
F,90001201,1,0,0,0,0,0,66240
F,90001600,0,0,0,0,0,0,66240
F,90000000,0,0,0,0,0,0,66300
F,90000001,1,0,0,0,0,0,66300
F,90000200,0,0,0,0,0,0,66300
F,90000201,1,0,0,0,0,0,66300
F,90000400,0,0,0,0,0,0,66300
F,90000401,1,0,0,0,0,0,66300
F,90000800,0,0,0,0,0,0,66300
F,90001000,0,0,0,0,0,0,66300
F,90001200,0,0,0,0,0,0,66300
F,90001201,1,0,0,0,0,0,66300
F,90001600,0,0,0,0,0,0,66300
F,90000000,0,0,0,0,0,0,66360
F,90000001,1,0,0,0,0,0,66360
F,90000200,0,0,0,0,0,0,66360
F,90000201,1,0,0,0,0,0,66360
F,90000400,0,0,0,0,0,0,66360
F,90000401,1,0,0,0,0,0,66360
F,90000800,0,0,0,0,0,0,66360
F,90001000,0,0,0,0,0,0,66360
F,90001200,0,0,0,0,0,0,66360
F,90001201,1,0,0,0,0,0,66360
F,90001600,0,0,0,0,0,0,66360
F,90000000,0,0,0,0,0,0,66420
F,90000001,1,0,0,0,0,0,66420
F,90000200,0,0,0,0,0,0,66420
F,90000201,1,0,0,0,0,0,66420
F,90000400,0,0,0,0,0,0,66420
F,90000401,1,0,0,0,0,0,66420
F,90000800,0,0,0,0,0,0,66420
F,90001000,0,0,0,0,0,0,66420
F,90001200,0,0,0,0,0,0,66420
F,90001201,1,0,0,0,0,0,66420
F,90001600,0,0,0,0,0,0,66420
F,90000000,0,0,0,0,0,0,66480
F,90000001,1,0,0,0,0,0,66480
F,90000200,0,0,0,0,0,0,66480
F,90000201,1,0,0,0,0,0,66480
F,90000400,0,0,0,0,0,0,66480
F,90000401,1,0,0,0,0,0,66480
F,90000800,0,0,0,0,0,0,66480
F,90001000,0,0,0,0,0,0,66480
F,90001200,0,0,0,0,0,0,66480
F,90001201,1,0,0,0,0,0,66480
F,90001600,0,0,0,0,0,0,66480
F,90000000,0,0,0,0,0,0,66540
F,90000001,1,0,0,0,0,0,66540
F,90000200,0,0,0,0,0,0,66540
F,90000201,1,0,0,0,0,0,66540
F,90000400,0,0,0,0,0,0,66540
F,90000401,1,0,0,0,0,0,66540
F,90000800,0,0,0,0,0,0,66540
F,90001000,0,0,0,0,0,0,66540
F,90001200,0,0,0,0,0,0,66540
F,90001201,1,0,0,0,0,0,66540
F,90001600,0,0,0,0,0,0,66540
F,90000000,0,0,0,0,0,0,66600
F,90000001,1,0,0,0,0,0,66600
F,90000200,0,0,0,0,0,0,66600
F,90000201,1,0,0,0,0,0,66600
F,90000400,0,0,0,0,0,0,66600
F,90000401,1,0,0,0,0,0,66600
F,90000800,0,0,0,0,0,0,66600
F,90001000,0,0,0,0,0,0,66600
F,90001200,0,0,0,0,0,0,66600
F,90001201,1,0,0,0,0,0,66600
F,90001600,0,0,0,0,0,0,66600
F,90000000,0,0,0,0,0,0,66660
F,90000001,1,0,0,0,0,0,66660
F,90000200,0,0,0,0,0,0,66660
F,90000201,1,0,0,0,0,0,66660
F,90000400,0,0,0,0,0,0,66660
F,90000401,1,0,0,0,0,0,66660
F,90000800,0,0,0,0,0,0,66660
F,90001000,0,0,0,0,0,0,66660
F,90001200,0,0,0,0,0,0,66660
F,90001201,1,0,0,0,0,0,66660
F,90001600,0,0,0,0,0,0,66660
F,90000000,0,0,0,0,0,0,66720
F,90000001,1,0,0,0,0,0,66720
F,90000200,0,0,0,0,0,0,66720
F,90000201,1,0,0,0,0,0,66720
F,90000400,0,0,0,0,0,0,66720
F,90000401,1,0,0,0,0,0,66720
F,90000800,0,0,0,0,0,0,66720
F,90001000,0,0,0,0,0,0,66720
F,90001200,0,0,0,0,0,0,66720
F,90001201,1,0,0,0,0,0,66720
F,90001600,0,0,0,0,0,0,66720
F,90000000,0,0,0,0,0,0,66780
F,90000001,1,0,0,0,0,0,66780
F,90000200,0,0,0,0,0,0,66780
F,90000201,1,0,0,0,0,0,66780
F,90000400,0,0,0,0,0,0,66780
F,90000401,1,0,0,0,0,0,66780
F,90000800,0,0,0,0,0,0,66780
F,90001000,0,0,0,0,0,0,66780
F,90001200,0,0,0,0,0,0,66780
F,90001201,1,0,0,0,0,0,66780
F,90001600,0,0,0,0,0,0,66780
F,90000000,0,90,1,1,0,0,66840
F,90000001,1,0,1,0,0,0,66840
F,90000200,0,0,0,0,0,0,66840
F,90000201,1,0,0,0,0,0,66840
F,90000400,0,0,0,0,0,0,66840
F,90000401,1,0,0,0,0,0,66840
F,90000800,0,0,0,0,0,0,66840
F,90001000,0,0,0,0,0,0,66840
F,90001200,0,0,0,0,0,0,66840
F,90001201,1,0,0,0,0,0,66840
F,90001600,0,0,0,0,0,0,66840
F,90000000,0,90,1,1,0,0,66900
F,90000001,1,0,1,0,0,0,66900
F,90000200,0,0,0,0,0,0,66900
F,90000201,1,0,0,0,0,0,66900
F,90000400,0,0,0,0,0,0,66900
F,90000401,1,0,0,0,0,0,66900
F,90000800,0,0,0,0,0,0,66900
F,90001000,0,0,0,0,0,0,66900
F,90001200,0,0,0,0,0,0,66900
F,90001201,1,0,0,0,0,0,66900
F,90001600,0,0,0,0,0,0,66900
F,90000000,0,90,1,1,0,0,66960
F,90000001,1,0,1,0,0,0,66960
F,90000200,0,0,0,0,0,0,66960
F,90000201,1,0,0,0,0,0,66960
F,90000400,0,0,0,0,0,0,66960
F,90000401,1,0,0,0,0,0,66960
F,90000800,0,0,0,0,0,0,66960
F,90001000,0,0,0,0,0,0,66960
F,90001200,0,0,0,0,0,0,66960
F,90001201,1,0,0,0,0,0,66960
F,90001600,0,0,0,0,0,0,66960
F,90000000,0,90,1,1,0,0,67020
F,90000001,1,0,1,0,0,0,67020
F,90000200,0,0,0,0,0,0,67020
F,90000201,1,0,0,0,0,0,67020
F,90000400,0,0,0,0,0,0,67020
F,90000401,1,0,0,0,0,0,67020
F,90000800,0,0,0,0,0,0,67020
F,90001000,0,0,0,0,0,0,67020
F,90001200,0,0,0,0,0,0,67020
F,90001201,1,0,0,0,0,0,67020
F,90001600,0,0,0,0,0,0,67020
F,90000000,0,90,1,1,0,0,67080
F,90000001,1,0,1,0,0,0,67080
F,90000200,0,0,0,0,0,0,67080
F,90000201,1,0,0,0,0,0,67080
F,90000400,0,0,0,0,0,0,67080
F,90000401,1,0,0,0,0,0,67080
F,90000800,0,0,0,0,0,0,67080
F,90001000,0,0,0,0,0,0,67080
F,90001200,0,0,0,0,0,0,67080
F,90001201,1,0,0,0,0,0,67080
F,90001600,0,0,0,0,0,0,67080
F,90000000,0,90,1,1,0,0,67140
F,90000001,1,0,1,0,0,0,67140
F,90000200,0,90,1,1,0,0,67140
F,90000201,1,0,1,0,0,0,67140
F,90000400,0,0,0,0,0,0,67140
F,90000401,1,0,0,0,0,0,67140
F,90000800,0,0,0,0,0,0,67140
F,90001000,0,0,0,0,0,0,67140
F,90001200,0,0,0,0,0,0,67140
F,90001201,1,0,0,0,0,0,67140
F,90001600,0,0,0,0,0,0,67140
F,90000000,0,90,1,1,0,0,67200
F,90000001,1,0,1,0,0,0,67200
F,90000200,0,90,1,1,0,0,67200
F,90000201,1,0,1,0,0,0,67200
F,90000400,0,0,0,0,0,0,67200
F,90000401,1,0,0,0,0,0,67200
F,90000800,0,0,0,0,0,0,67200
F,90001000,0,0,0,0,0,0,67200
F,90001200,0,0,0,0,0,0,67200
F,90001201,1,0,0,0,0,0,67200
F,90001600,0,0,0,0,0,0,67200
F,90000000,0,90,1,1,0,0,67260
F,90000001,1,0,1,0,0,0,67260
F,90000200,0,90,1,1,0,0,67260
F,90000201,1,0,1,0,0,0,67260
F,90000400,0,0,0,0,0,0,67260
F,90000401,1,0,0,0,0,0,67260
F,90000800,0,0,0,0,0,0,67260
F,90001000,0,0,0,0,0,0,67260
F,90001200,0,0,0,0,0,0,67260
F,90001201,1,0,0,0,0,0,67260
F,90001600,0,0,0,0,0,0,67260
F,90000000,0,90,1,1,0,0,67320
F,90000001,1,0,1,0,0,0,67320
F,90000200,0,90,1,1,0,0,67320
F,90000201,1,0,1,0,0,0,67320
F,90000400,0,0,0,0,0,0,67320
F,90000401,1,0,0,0,0,0,67320
F,90000800,0,0,0,0,0,0,67320
F,90001000,0,0,0,0,0,0,67320
F,90001200,0,0,0,0,0,0,67320
F,90001201,1,0,0,0,0,0,67320
F,90001600,0,0,0,0,0,0,67320
F,90000000,0,90,1,1,0,0,67380
F,90000001,1,0,1,0,0,0,67380
F,90000200,0,90,1,1,0,0,67380
F,90000201,1,0,1,0,0,0,67380
F,90000400,0,0,0,0,0,0,67380
F,90000401,1,0,0,0,0,0,67380
F,90000800,0,0,0,0,0,0,67380
F,90001000,0,0,0,0,0,0,67380
F,90001200,0,0,0,0,0,0,67380
F,90001201,1,0,0,0,0,0,67380
F,90001600,0,0,0,0,0,0,67380
F,90000000,0,90,2,1,0,0,67440
F,90000001,1,90,2,1,0,0,67440
F,90000200,0,90,1,1,0,0,67440
F,90000201,1,0,1,0,0,0,67440
F,90000400,0,0,0,0,0,0,67440
F,90000401,1,0,0,0,0,0,67440
F,90000800,0,0,0,0,0,0,67440
F,90001000,0,0,0,0,0,0,67440
F,90001200,0,0,0,0,0,0,67440
F,90001201,1,0,0,0,0,0,67440
F,90001600,0,0,0,0,0,0,67440
F,90000000,0,90,2,1,0,0,67500
F,90000001,1,90,2,1,0,0,67500
F,90000200,0,90,1,1,0,0,67500
F,90000201,1,0,1,0,0,0,67500
F,90000400,0,0,0,0,0,0,67500
F,90000401,1,0,0,0,0,0,67500
F,90000800,0,0,0,0,0,0,67500
F,90001000,0,0,0,0,0,0,67500
F,90001200,0,0,0,0,0,0,67500
F,90001201,1,0,0,0,0,0,67500
F,90001600,0,0,0,0,0,0,67500
F,90000000,0,90,2,1,0,0,67560
F,90000001,1,90,2,1,0,0,67560
F,90000200,0,90,1,1,0,0,67560
F,90000201,1,0,1,0,0,0,67560
F,90000400,0,0,0,0,0,0,67560
F,90000401,1,0,0,0,0,0,67560
F,90000800,0,0,0,0,0,0,67560
F,90001000,0,0,0,0,0,0,67560
F,90001200,0,0,0,0,0,0,67560
F,90001201,1,0,0,0,0,0,67560
F,90001600,0,0,0,0,0,0,67560
F,90000000,0,90,2,1,0,0,67620
F,90000001,1,90,2,1,0,0,67620
F,90000200,0,90,1,1,0,0,67620
F,90000201,1,0,1,0,0,0,67620
F,90000400,0,0,0,0,0,0,67620
F,90000401,1,0,0,0,0,0,67620
F,90000800,0,0,0,0,0,0,67620
F,90001000,0,0,0,0,0,0,67620
F,90001200,0,0,0,0,0,0,67620
F,90001201,1,0,0,0,0,0,67620
F,90001600,0,0,0,0,0,0,67620
F,90000000,0,90,2,1,0,0,67680
F,90000001,1,90,2,1,0,0,67680
F,90000200,0,90,1,1,0,0,67680
F,90000201,1,0,1,0,0,0,67680
F,90000400,0,0,0,0,0,0,67680
F,90000401,1,0,0,0,0,0,67680
F,90000800,0,0,0,0,0,0,67680
F,90001000,0,0,0,0,0,0,67680
F,90001200,0,0,0,0,0,0,67680
F,90001201,1,0,0,0,0,0,67680
F,90001600,0,0,0,0,0,0,67680
F,90000000,0,90,2,1,0,0,67740
F,90000001,1,90,2,1,0,0,67740
F,90000200,0,90,1,1,0,0,67740
F,90000201,1,0,1,0,0,0,67740
F,90000400,0,0,0,0,0,0,67740
F,90000401,1,0,0,0,0,0,67740
F,90000800,0,0,0,0,0,0,67740
F,90001000,0,0,0,0,0,0,67740
F,90001200,0,0,0,0,0,0,67740
F,90001201,1,0,0,0,0,0,67740
F,90001600,0,0,0,0,0,0,67740
F,90000000,0,90,2,1,0,0,67800
F,90000001,1,90,2,1,0,0,67800
F,90000200,0,90,1,1,0,0,67800
F,90000201,1,0,1,0,0,0,67800
F,90000400,0,0,0,0,0,0,67800
F,90000401,1,0,0,0,0,0,67800
F,90000800,0,0,0,0,0,0,67800
F,90001000,0,0,0,0,0,0,67800
F,90001200,0,0,0,0,0,0,67800
F,90001201,1,0,0,0,0,0,67800
F,90001600,0,0,0,0,0,0,67800
F,90000000,0,90,2,1,0,0,67860
F,90000001,1,90,2,1,0,0,67860
F,90000200,0,90,1,1,0,0,67860
F,90000201,1,0,1,0,0,0,67860
F,90000400,0,90,1,1,0,0,67860
F,90000401,1,0,1,0,0,0,67860
F,90000800,0,0,0,0,0,0,67860
F,90001000,0,0,0,0,0,0,67860
F,90001200,0,0,0,0,0,0,67860
F,90001201,1,0,0,0,0,0,67860
F,90001600,0,0,0,0,0,0,67860
F,90000000,0,90,2,1,0,0,67920
F,90000001,1,90,2,1,0,0,67920
F,90000200,0,90,1,1,0,0,67920
F,90000201,1,0,1,0,0,0,67920
F,90000400,0,90,1,1,0,0,67920
F,90000401,1,0,1,0,0,0,67920
F,90000800,0,0,0,0,0,0,67920
F,90001000,0,0,0,0,0,0,67920
F,90001200,0,0,0,0,0,0,67920
F,90001201,1,0,0,0,0,0,67920
F,90001600,0,0,0,0,0,0,67920
F,90000000,0,90,2,1,0,0,67980
F,90000001,1,90,2,1,0,0,67980
F,90000200,0,90,1,1,0,0,67980
F,90000201,1,0,1,0,0,0,67980
F,90000400,0,90,1,1,0,0,67980
F,90000401,1,0,1,0,0,0,67980
F,90000800,0,0,0,0,0,0,67980
F,90001000,0,0,0,0,0,0,67980
F,90001200,0,0,0,0,0,0,67980
F,90001201,1,0,0,0,0,0,67980
F,90001600,0,0,0,0,0,0,67980
F,90000000,0,90,2,1,0,0,68040
F,90000001,1,90,2,1,0,0,68040
F,90000200,0,90,1,1,0,0,68040
F,90000201,1,0,1,0,0,0,68040
F,90000400,0,90,1,1,0,0,68040
F,90000401,1,0,1,0,0,0,68040
F,90000800,0,0,0,0,0,0,68040
F,90001000,0,0,0,0,0,0,68040
F,90001200,0,0,0,0,0,0,68040
F,90001201,1,0,0,0,0,0,68040
F,90001600,0,0,0,0,0,0,68040
F,90000000,0,90,2,1,0,0,68100
F,90000001,1,90,2,1,0,0,68100
F,90000200,0,90,1,1,0,0,68100
F,90000201,1,0,1,0,0,0,68100
F,90000400,0,90,1,1,0,0,68100
F,90000401,1,0,1,0,0,0,68100
F,90000800,0,0,0,0,0,0,68100
F,90001000,0,0,0,0,0,0,68100
F,90001200,0,0,0,0,0,0,68100
F,90001201,1,0,0,0,0,0,68100
F,90001600,0,0,0,0,0,0,68100
F,90000000,0,90,2,1,0,0,68160
F,90000001,1,90,2,1,0,0,68160
F,90000200,0,90,1,1,0,0,68160
F,90000201,1,0,1,0,0,0,68160
F,90000400,0,90,1,1,0,0,68160
F,90000401,1,0,1,0,0,0,68160
F,90000800,0,0,0,0,0,0,68160
F,90001000,0,0,0,0,0,0,68160
F,90001200,0,0,0,0,0,0,68160
F,90001201,1,0,0,0,0,0,68160
F,90001600,0,0,0,0,0,0,68160
F,90000000,0,90,2,1,0,0,68220
F,90000001,1,90,2,1,0,0,68220
F,90000200,0,90,1,1,0,0,68220
F,90000201,1,0,1,0,0,0,68220
F,90000400,0,90,1,1,0,0,68220
F,90000401,1,0,1,0,0,0,68220
F,90000800,0,0,0,0,0,0,68220
F,90001000,0,0,0,0,0,0,68220
F,90001200,0,0,0,0,0,0,68220
F,90001201,1,0,0,0,0,0,68220
F,90001600,0,0,0,0,0,0,68220
F,90000000,0,0,1,0,0,0,68280
F,90000001,1,90,1,1,0,0,68280
F,90000200,0,90,1,1,0,0,68280
F,90000201,1,0,1,0,0,0,68280
F,90000400,0,90,1,1,0,0,68280
F,90000401,1,0,1,0,0,0,68280
F,90000800,0,0,0,0,0,0,68280
F,90001000,0,0,0,0,0,0,68280
F,90001200,0,0,0,0,0,0,68280
F,90001201,1,0,0,0,0,0,68280
F,90001600,0,0,0,0,0,0,68280
F,90000000,0,0,1,0,0,0,68340
F,90000001,1,90,1,1,0,0,68340
F,90000200,0,90,1,1,0,0,68340
F,90000201,1,0,1,0,0,0,68340
F,90000400,0,90,1,1,0,0,68340
F,90000401,1,0,1,0,0,0,68340
F,90000800,0,0,0,0,0,0,68340
F,90001000,0,0,0,0,0,0,68340
F,90001200,0,0,0,0,0,0,68340
F,90001201,1,0,0,0,0,0,68340
F,90001600,0,0,0,0,0,0,68340
F,90000000,0,0,1,0,0,0,68400
F,90000001,1,90,1,1,0,0,68400
F,90000200,0,90,1,1,0,0,68400
F,90000201,1,0,1,0,0,0,68400
F,90000400,0,90,1,1,0,0,68400
F,90000401,1,0,1,0,0,0,68400
F,90000800,0,0,0,0,0,0,68400
F,90001000,0,0,0,0,0,0,68400
F,90001200,0,0,0,0,0,0,68400
F,90001201,1,0,0,0,0,0,68400
F,90001600,0,0,0,0,0,0,68400
F,90000000,0,0,1,0,0,0,68460
F,90000001,1,90,1,1,0,0,68460
F,90000200,0,90,1,1,0,0,68460
F,90000201,1,0,1,0,0,0,68460
F,90000400,0,90,1,1,0,0,68460
F,90000401,1,0,1,0,0,0,68460
F,90000800,0,0,0,0,0,0,68460
F,90001000,0,0,0,0,0,0,68460
F,90001200,0,0,0,0,0,0,68460
F,90001201,1,0,0,0,0,0,68460
F,90001600,0,0,0,0,0,0,68460
F,90000000,0,0,1,0,0,0,68520
F,90000001,1,90,1,1,0,0,68520
F,90000200,0,90,1,1,0,0,68520
F,90000201,1,0,1,0,0,0,68520
F,90000400,0,90,1,1,0,0,68520
F,90000401,1,0,1,0,0,0,68520
F,90000800,0,0,0,0,0,0,68520
F,90001000,0,0,0,0,0,0,68520
F,90001200,0,0,0,0,0,0,68520
F,90001201,1,0,0,0,0,0,68520
F,90001600,0,0,0,0,0,0,68520
F,90000000,0,0,1,0,0,0,68580
F,90000001,1,90,1,1,0,0,68580
F,90000200,0,90,1,1,0,0,68580
F,90000201,1,0,1,0,0,0,68580
F,90000400,0,90,1,1,0,0,68580
F,90000401,1,0,1,0,0,0,68580
F,90000800,0,0,0,0,0,0,68580
F,90001000,0,0,0,0,0,0,68580
F,90001200,0,0,0,0,0,0,68580
F,90001201,1,0,0,0,0,0,68580
F,90001600,0,0,0,0,0,0,68580
F,90000000,0,0,1,0,0,0,68640
F,90000001,1,90,1,1,0,0,68640
F,90000200,0,0,0,0,0,0,68640
F,90000201,1,0,0,0,0,0,68640
F,90000400,0,90,1,1,0,0,68640
F,90000401,1,0,1,0,0,0,68640
F,90000800,0,0,0,0,0,0,68640
F,90001000,0,0,0,0,0,0,68640
F,90001200,0,0,0,0,0,0,68640
F,90001201,1,0,0,0,0,0,68640
F,90001600,0,0,0,0,0,0,68640
F,90000000,0,0,1,0,0,0,68700
F,90000001,1,90,1,1,0,0,68700
F,90000200,0,0,0,0,0,0,68700
F,90000201,1,0,0,0,0,0,68700
F,90000400,0,90,1,1,0,0,68700
F,90000401,1,0,1,0,0,0,68700
F,90000800,0,0,0,0,0,0,68700
F,90001000,0,0,0,0,0,0,68700
F,90001200,0,0,0,0,0,0,68700
F,90001201,1,0,0,0,0,0,68700
F,90001600,0,0,0,0,0,0,68700
F,90000000,0,0,1,0,0,0,68760
F,90000001,1,90,1,1,0,0,68760
F,90000200,0,0,0,0,0,0,68760
F,90000201,1,0,0,0,0,0,68760
F,90000400,0,90,1,1,0,0,68760
F,90000401,1,0,1,0,0,0,68760
F,90000800,0,0,0,0,0,0,68760
F,90001000,0,0,0,0,0,0,68760
F,90001200,0,0,0,0,0,0,68760
F,90001201,1,0,0,0,0,0,68760
F,90001600,0,0,0,0,0,0,68760
F,90000000,0,90,2,1,0,0,68820
F,90000001,1,90,2,1,0,0,68820
F,90000200,0,0,0,0,0,0,68820
F,90000201,1,0,0,0,0,0,68820
F,90000400,0,90,1,1,0,0,68820
F,90000401,1,0,1,0,0,0,68820
F,90000800,0,0,0,0,0,0,68820
F,90001000,0,0,0,0,0,0,68820
F,90001200,0,0,0,0,0,0,68820
F,90001201,1,0,0,0,0,0,68820
F,90001600,0,0,0,0,0,0,68820
F,90000000,0,90,1,1,0,0,68880
F,90000001,1,0,1,0,0,0,68880
F,90000200,0,0,0,0,0,0,68880
F,90000201,1,0,0,0,0,0,68880
F,90000400,0,90,1,1,0,0,68880
F,90000401,1,0,1,0,0,0,68880
F,90000800,0,0,0,0,0,0,68880
F,90001000,0,0,0,0,0,0,68880
F,90001200,0,0,0,0,0,0,68880
F,90001201,1,0,0,0,0,0,68880
F,90001600,0,0,0,0,0,0,68880
F,90000000,0,90,2,1,0,0,68940
F,90000001,1,90,2,1,0,0,68940
F,90000200,0,0,0,0,0,0,68940
F,90000201,1,0,0,0,0,0,68940
F,90000400,0,90,1,1,0,0,68940
F,90000401,1,0,1,0,0,0,68940
F,90000800,0,0,0,0,0,0,68940
F,90001000,0,0,0,0,0,0,68940
F,90001200,0,0,0,0,0,0,68940
F,90001201,1,0,0,0,0,0,68940
F,90001600,0,0,0,0,0,0,68940
F,90000000,0,90,2,1,0,0,69000
F,90000001,1,90,2,1,0,0,69000
F,90000200,0,0,0,0,0,0,69000
F,90000201,1,0,0,0,0,0,69000
F,90000400,0,90,2,1,0,0,69000
F,90000401,1,90,2,1,0,0,69000
F,90000800,0,0,0,0,0,0,69000
F,90001000,0,0,0,0,0,0,69000
F,90001200,0,0,0,0,0,0,69000
F,90001201,1,0,0,0,0,0,69000
F,90001600,0,0,0,0,0,0,69000
F,90000000,0,90,2,1,0,0,69060
F,90000001,1,90,2,1,0,0,69060
F,90000200,0,90,1,1,0,0,69060
F,90000201,1,0,1,0,0,0,69060
F,90000400,0,90,2,1,0,0,69060
F,90000401,1,90,2,1,0,0,69060
F,90000800,0,0,0,0,0,0,69060
F,90001000,0,0,0,0,0,0,69060
F,90001200,0,0,0,0,0,0,69060
F,90001201,1,0,0,0,0,0,69060
F,90001600,0,0,0,0,0,0,69060
F,90000000,0,90,2,1,0,0,69120
F,90000001,1,90,2,1,0,0,69120
F,90000200,0,90,1,1,0,0,69120
F,90000201,1,0,1,0,0,0,69120
F,90000400,0,90,2,1,0,0,69120
F,90000401,1,90,2,1,0,0,69120
F,90000800,0,0,0,0,0,0,69120
F,90001000,0,0,0,0,0,0,69120
F,90001200,0,0,0,0,0,0,69120
F,90001201,1,0,0,0,0,0,69120
F,90001600,0,0,0,0,0,0,69120
F,90000000,0,90,2,1,0,0,69180
F,90000001,1,90,2,1,0,0,69180
F,90000200,0,90,1,1,0,0,69180
F,90000201,1,0,1,0,0,0,69180
F,90000400,0,90,2,1,0,0,69180
F,90000401,1,90,2,1,0,0,69180
F,90000800,0,0,0,0,0,0,69180
F,90001000,0,0,0,0,0,0,69180
F,90001200,0,0,0,0,0,0,69180
F,90001201,1,0,0,0,0,0,69180
F,90001600,0,0,0,0,0,0,69180
F,90000000,0,90,2,1,0,0,69240
F,90000001,1,90,2,1,0,0,69240
F,90000200,0,90,1,1,0,0,69240
F,90000201,1,0,1,0,0,0,69240
F,90000400,0,90,2,1,0,0,69240
F,90000401,1,90,2,1,0,0,69240
F,90000800,0,0,0,0,0,0,69240
F,90001000,0,0,0,0,0,0,69240
F,90001200,0,0,0,0,0,0,69240
F,90001201,1,0,0,0,0,0,69240
F,90001600,0,0,0,0,0,0,69240
F,90000000,0,90,2,1,0,0,69300
F,90000001,1,90,2,1,0,0,69300
F,90000200,0,90,1,1,0,0,69300
F,90000201,1,0,1,0,0,0,69300
F,90000400,0,90,2,1,0,0,69300
F,90000401,1,90,2,1,0,0,69300
F,90000800,0,0,0,0,0,0,69300
F,90001000,0,0,0,0,0,0,69300
F,90001200,0,0,0,0,0,0,69300
F,90001201,1,0,0,0,0,0,69300
F,90001600,0,0,0,0,0,0,69300
F,90000000,0,90,2,1,0,0,69360
F,90000001,1,90,2,1,0,0,69360
F,90000200,0,90,1,1,0,0,69360
F,90000201,1,0,1,0,0,0,69360
F,90000400,0,0,1,0,0,0,69360
F,90000401,1,90,1,1,0,0,69360
F,90000800,0,0,0,0,0,0,69360
F,90001000,0,0,0,0,0,0,69360
F,90001200,0,0,0,0,0,0,69360
F,90001201,1,0,0,0,0,0,69360
F,90001600,0,0,0,0,0,0,69360
F,90000000,0,90,2,1,0,0,69420
F,90000001,1,90,2,1,0,0,69420
F,90000200,0,90,1,1,0,0,69420
F,90000201,1,0,1,0,0,0,69420
F,90000400,0,0,1,0,0,0,69420
F,90000401,1,90,1,1,0,0,69420
F,90000800,0,0,0,0,0,0,69420
F,90001000,0,0,0,0,0,0,69420
F,90001200,0,0,0,0,0,0,69420
F,90001201,1,0,0,0,0,0,69420
F,90001600,0,0,0,0,0,0,69420
F,90000000,0,90,2,1,0,0,69480
F,90000001,1,90,2,1,0,0,69480
F,90000200,0,90,1,1,0,0,69480
F,90000201,1,0,1,0,0,0,69480
F,90000400,0,0,1,0,0,0,69480
F,90000401,1,90,1,1,0,0,69480
F,90000800,0,90,1,1,0,0,69480
F,90001000,0,0,0,0,0,0,69480
F,90001200,0,0,0,0,0,0,69480
F,90001201,1,0,0,0,0,0,69480
F,90001600,0,0,0,0,0,0,69480
F,90000000,0,90,2,1,0,0,69540
F,90000001,1,90,2,1,0,0,69540
F,90000200,0,90,1,1,0,0,69540
F,90000201,1,0,1,0,0,0,69540
F,90000400,0,0,1,0,0,0,69540
F,90000401,1,90,1,1,0,0,69540
F,90000800,0,90,3,1,0,0,69540
F,90001000,0,0,0,0,0,0,69540
F,90001200,0,0,0,0,0,0,69540
F,90001201,1,0,0,0,0,0,69540
F,90001600,0,0,0,0,0,0,69540
F,90000000,0,90,2,1,0,0,69600
F,90000001,1,90,2,1,0,0,69600
F,90000200,0,90,1,1,0,0,69600
F,90000201,1,0,1,0,0,0,69600
F,90000400,0,0,1,0,0,0,69600
F,90000401,1,90,1,1,0,0,69600
F,90000800,0,90,3,1,0,0,69600
F,90001000,0,0,0,0,0,0,69600
F,90001200,0,0,0,0,0,0,69600
F,90001201,1,0,0,0,0,0,69600
F,90001600,0,0,0,0,0,0,69600
F,90000000,0,90,2,1,0,0,69660
F,90000001,1,90,2,1,0,0,69660
F,90000200,0,90,1,1,0,0,69660
F,90000201,1,0,1,0,0,0,69660
F,90000400,0,0,1,0,0,0,69660
F,90000401,1,90,1,1,0,0,69660
F,90000800,0,90,3,1,0,0,69660
F,90001000,0,0,0,0,0,0,69660
F,90001200,0,0,0,0,0,0,69660
F,90001201,1,0,0,0,0,0,69660
F,90001600,0,0,0,0,0,0,69660
F,90000000,0,90,2,1,0,0,69720
F,90000001,1,90,2,1,0,0,69720
F,90000200,0,90,1,1,0,0,69720
F,90000201,1,0,1,0,0,0,69720
F,90000400,0,0,1,0,0,0,69720
F,90000401,1,90,1,1,0,0,69720
F,90000800,0,90,3,1,0,0,69720
F,90001000,0,0,0,0,0,0,69720
F,90001200,0,0,0,0,0,0,69720
F,90001201,1,0,0,0,0,0,69720
F,90001600,0,0,0,0,0,0,69720
F,90000000,0,90,2,1,0,0,69780
F,90000001,1,90,2,1,0,0,69780
F,90000200,0,90,1,1,0,0,69780
F,90000201,1,0,1,0,0,0,69780
F,90000400,0,0,1,0,0,0,69780
F,90000401,1,90,1,1,0,0,69780
F,90000800,0,90,3,1,0,0,69780
F,90001000,0,0,0,0,0,0,69780
F,90001200,0,0,0,0,0,0,69780
F,90001201,1,0,0,0,0,0,69780
F,90001600,0,0,0,0,0,0,69780
F,90000000,0,90,2,1,0,0,69840
F,90000001,1,90,2,1,0,0,69840
F,90000200,0,90,1,1,0,0,69840
F,90000201,1,0,1,0,0,0,69840
F,90000400,0,0,1,0,0,0,69840
F,90000401,1,90,1,1,0,0,69840
F,90000800,0,90,3,1,0,0,69840
F,90001000,0,0,0,0,0,0,69840
F,90001200,0,0,0,0,0,0,69840
F,90001201,1,0,0,0,0,0,69840
F,90001600,0,0,0,0,0,0,69840
F,90000000,0,90,2,1,0,0,69900
F,90000001,1,90,2,1,0,0,69900
F,90000200,0,90,1,1,0,0,69900
F,90000201,1,0,1,0,0,0,69900
F,90000400,0,0,1,0,0,0,69900
F,90000401,1,90,1,1,0,0,69900
F,90000800,0,90,3,1,0,0,69900
F,90001000,0,0,0,0,0,0,69900
F,90001200,0,0,0,0,0,0,69900
F,90001201,1,0,0,0,0,0,69900
F,90001600,0,0,0,0,0,0,69900
F,90000000,0,90,2,1,0,0,69960
F,90000001,1,90,2,1,0,0,69960
F,90000200,0,90,1,1,0,0,69960
F,90000201,1,0,1,0,0,0,69960
F,90000400,0,0,1,0,0,0,69960
F,90000401,1,90,1,1,0,0,69960
F,90000800,0,90,3,1,0,0,69960
F,90001000,0,0,0,0,0,0,69960
F,90001200,0,0,0,0,0,0,69960
F,90001201,1,0,0,0,0,0,69960
F,90001600,0,0,0,0,0,0,69960
F,90000000,0,90,2,1,0,0,70020
F,90000001,1,90,2,1,0,0,70020
F,90000200,0,90,1,1,0,0,70020
F,90000201,1,0,1,0,0,0,70020
F,90000400,0,0,1,0,0,0,70020
F,90000401,1,90,1,1,0,0,70020
F,90000800,0,90,3,1,0,0,70020
F,90001000,0,0,0,0,0,0,70020
F,90001200,0,0,0,0,0,0,70020
F,90001201,1,0,0,0,0,0,70020
F,90001600,0,0,0,0,0,0,70020
F,90000000,0,90,2,1,0,0,70080
F,90000001,1,90,2,1,0,0,70080
F,90000200,0,90,1,1,0,0,70080
F,90000201,1,0,1,0,0,0,70080
F,90000400,0,0,1,0,0,0,70080
F,90000401,1,90,1,1,0,0,70080
F,90000800,0,90,3,1,0,0,70080
F,90001000,0,0,0,0,0,0,70080
F,90001200,0,0,0,0,0,0,70080
F,90001201,1,0,0,0,0,0,70080
F,90001600,0,0,0,0,0,0,70080
F,90000000,0,90,2,1,0,0,70140
F,90000001,1,90,2,1,0,0,70140
F,90000200,0,90,1,1,0,0,70140
F,90000201,1,0,1,0,0,0,70140
F,90000400,0,0,1,0,0,0,70140
F,90000401,1,90,1,1,0,0,70140
F,90000800,0,90,3,1,0,0,70140
F,90001000,0,0,0,0,0,0,70140
F,90001200,0,0,0,0,0,0,70140
F,90001201,1,0,0,0,0,0,70140
F,90001600,0,0,0,0,0,0,70140
F,90000000,0,90,2,1,0,0,70200
F,90000001,1,90,2,1,0,0,70200
F,90000200,0,90,1,1,0,0,70200
F,90000201,1,0,1,0,0,0,70200
F,90000400,0,0,1,0,0,0,70200
F,90000401,1,90,1,1,0,0,70200
F,90000800,0,90,3,1,0,0,70200
F,90001000,0,0,0,0,0,0,70200
F,90001200,0,0,0,0,0,0,70200
F,90001201,1,0,0,0,0,0,70200
F,90001600,0,0,0,0,0,0,70200
F,90000000,0,0,1,0,0,0,70260
F,90000001,1,90,1,1,0,0,70260
F,90000200,0,90,1,1,0,0,70260
F,90000201,1,0,1,0,0,0,70260
F,90000400,0,0,1,0,0,0,70260
F,90000401,1,90,1,1,0,0,70260
F,90000800,0,90,3,1,0,0,70260
F,90001000,0,0,0,0,0,0,70260
F,90001200,0,0,0,0,0,0,70260
F,90001201,1,0,0,0,0,0,70260
F,90001600,0,0,0,0,0,0,70260
F,90000000,0,0,1,0,0,0,70320
F,90000001,1,90,1,1,0,0,70320
F,90000200,0,90,1,1,0,0,70320
F,90000201,1,0,1,0,0,0,70320
F,90000400,0,0,1,0,0,0,70320
F,90000401,1,90,1,1,0,0,70320
F,90000800,0,90,3,1,0,0,70320
F,90001000,0,0,0,0,0,0,70320
F,90001200,0,0,0,0,0,0,70320
F,90001201,1,0,0,0,0,0,70320
F,90001600,0,0,0,0,0,0,70320
F,90000000,0,0,0,0,0,0,70380
F,90000001,1,0,0,0,0,0,70380
F,90000200,0,90,1,1,0,0,70380
F,90000201,1,0,1,0,0,0,70380
F,90000400,0,0,1,0,0,0,70380
F,90000401,1,90,1,1,0,0,70380
F,90000800,0,90,3,1,0,0,70380
F,90001000,0,0,0,0,0,0,70380
F,90001200,0,0,0,0,0,0,70380
F,90001201,1,0,0,0,0,0,70380
F,90001600,0,0,0,0,0,0,70380
F,90000000,0,0,0,0,0,0,70440
F,90000001,1,0,0,0,0,0,70440
F,90000200,0,90,1,1,0,0,70440
F,90000201,1,0,1,0,0,0,70440
F,90000400,0,0,0,0,0,0,70440
F,90000401,1,0,0,0,0,0,70440
F,90000800,0,90,3,1,0,0,70440
F,90001000,0,0,0,0,0,0,70440
F,90001200,0,0,0,0,0,0,70440
F,90001201,1,0,0,0,0,0,70440
F,90001600,0,0,0,0,0,0,70440
F,90000000,0,0,0,0,0,0,70500
F,90000001,1,0,0,0,0,0,70500
F,90000200,0,0,0,0,0,0,70500
F,90000201,1,0,0,0,0,0,70500
F,90000400,0,0,0,0,0,0,70500
F,90000401,1,0,0,0,0,0,70500
F,90000800,0,90,3,1,0,0,70500
F,90001000,0,0,0,0,0,0,70500
F,90001200,0,0,0,0,0,0,70500
F,90001201,1,0,0,0,0,0,70500
F,90001600,0,0,0,0,0,0,70500
F,90000000,0,0,0,0,0,0,70560
F,90000001,1,0,0,0,0,0,70560
F,90000200,0,0,0,0,0,0,70560
F,90000201,1,0,0,0,0,0,70560
F,90000400,0,0,0,0,0,0,70560
F,90000401,1,0,0,0,0,0,70560
F,90000800,0,90,3,1,0,0,70560
F,90001000,0,0,0,0,0,0,70560
F,90001200,0,0,0,0,0,0,70560
F,90001201,1,0,0,0,0,0,70560
F,90001600,0,0,0,0,0,0,70560
F,90000000,0,0,0,0,0,0,70620
F,90000001,1,0,0,0,0,0,70620
F,90000200,0,0,0,0,0,0,70620
F,90000201,1,0,0,0,0,0,70620
F,90000400,0,0,0,0,0,0,70620
F,90000401,1,0,0,0,0,0,70620
F,90000800,0,90,3,1,0,0,70620
F,90001000,0,0,0,0,0,0,70620
F,90001200,0,0,0,0,0,0,70620
F,90001201,1,0,0,0,0,0,70620
F,90001600,0,0,0,0,0,0,70620
F,90000000,0,0,0,0,0,0,70680
F,90000001,1,0,0,0,0,0,70680
F,90000200,0,0,0,0,0,0,70680
F,90000201,1,0,0,0,0,0,70680
F,90000400,0,0,0,0,0,0,70680
F,90000401,1,0,0,0,0,0,70680
F,90000800,0,90,3,1,0,0,70680
F,90001000,0,0,0,0,0,0,70680
F,90001200,0,0,0,0,0,0,70680
F,90001201,1,0,0,0,0,0,70680
F,90001600,0,0,0,0,0,0,70680
F,90000000,0,0,0,0,0,0,70740
F,90000001,1,0,0,0,0,0,70740
F,90000200,0,0,0,0,0,0,70740
F,90000201,1,0,0,0,0,0,70740
F,90000400,0,0,0,0,0,0,70740
F,90000401,1,0,0,0,0,0,70740
F,90000800,0,90,3,1,0,0,70740
F,90001000,0,0,0,0,0,0,70740
F,90001200,0,0,0,0,0,0,70740
F,90001201,1,0,0,0,0,0,70740
F,90001600,0,0,0,0,0,0,70740
F,90000000,0,90,1,1,0,0,70800
F,90000001,1,0,1,0,0,0,70800
F,90000200,0,0,0,0,0,0,70800
F,90000201,1,0,0,0,0,0,70800
F,90000400,0,0,0,0,0,0,70800
F,90000401,1,0,0,0,0,0,70800
F,90000800,0,90,3,1,0,0,70800
F,90001000,0,0,0,0,0,0,70800
F,90001200,0,0,0,0,0,0,70800
F,90001201,1,0,0,0,0,0,70800
F,90001600,0,0,0,0,0,0,70800
F,90000000,0,90,1,1,0,0,70860
F,90000001,1,0,1,0,0,0,70860
F,90000200,0,0,0,0,0,0,70860
F,90000201,1,0,0,0,0,0,70860
F,90000400,0,0,0,0,0,0,70860
F,90000401,1,0,0,0,0,0,70860
F,90000800,0,90,3,1,0,0,70860
F,90001000,0,0,0,0,0,0,70860
F,90001200,0,0,0,0,0,0,70860
F,90001201,1,0,0,0,0,0,70860
F,90001600,0,0,0,0,0,0,70860
F,90000000,0,90,1,1,0,0,70920
F,90000001,1,0,1,0,0,0,70920
F,90000200,0,0,0,0,0,0,70920
F,90000201,1,0,0,0,0,0,70920
F,90000400,0,0,0,0,0,0,70920
F,90000401,1,0,0,0,0,0,70920
F,90000800,0,90,3,1,0,0,70920
F,90001000,0,0,0,0,0,0,70920
F,90001200,0,0,0,0,0,0,70920
F,90001201,1,0,0,0,0,0,70920
F,90001600,0,0,0,0,0,0,70920
F,90000000,0,90,1,1,0,0,70980
F,90000001,1,0,1,0,0,0,70980
F,90000200,0,0,0,0,0,0,70980
F,90000201,1,0,0,0,0,0,70980
F,90000400,0,0,0,0,0,0,70980
F,90000401,1,0,0,0,0,0,70980
F,90000800,0,90,2,1,0,0,70980
F,90001000,0,0,0,0,0,0,70980
F,90001200,0,0,0,0,0,0,70980
F,90001201,1,0,0,0,0,0,70980
F,90001600,0,0,0,0,0,0,70980
F,90000000,0,90,1,1,0,0,71040
F,90000001,1,0,1,0,0,0,71040
F,90000200,0,0,0,0,0,0,71040
F,90000201,1,0,0,0,0,0,71040
F,90000400,0,0,0,0,0,0,71040
F,90000401,1,0,0,0,0,0,71040
F,90000800,0,90,2,1,0,0,71040
F,90001000,0,0,0,0,0,0,71040
F,90001200,0,0,0,0,0,0,71040
F,90001201,1,0,0,0,0,0,71040
F,90001600,0,0,0,0,0,0,71040
F,90000000,0,90,1,1,0,0,71100
F,90000001,1,0,1,0,0,0,71100
F,90000200,0,0,0,0,0,0,71100
F,90000201,1,0,0,0,0,0,71100
F,90000400,0,0,0,0,0,0,71100
F,90000401,1,0,0,0,0,0,71100
F,90000800,0,90,2,1,0,0,71100
F,90001000,0,0,0,0,0,0,71100
F,90001200,0,0,0,0,0,0,71100
F,90001201,1,0,0,0,0,0,71100
F,90001600,0,0,0,0,0,0,71100
F,90000000,0,90,1,1,0,0,71160
F,90000001,1,0,1,0,0,0,71160
F,90000200,0,0,0,0,0,0,71160
F,90000201,1,0,0,0,0,0,71160
F,90000400,0,0,0,0,0,0,71160
F,90000401,1,0,0,0,0,0,71160
F,90000800,0,90,2,1,0,0,71160
F,90001000,0,0,0,0,0,0,71160
F,90001200,0,0,0,0,0,0,71160
F,90001201,1,0,0,0,0,0,71160
F,90001600,0,0,0,0,0,0,71160
F,90000000,0,90,1,1,0,0,71220
F,90000001,1,0,1,0,0,0,71220
F,90000200,0,0,0,0,0,0,71220
F,90000201,1,0,0,0,0,0,71220
F,90000400,0,0,0,0,0,0,71220
F,90000401,1,0,0,0,0,0,71220
F,90000800,0,90,2,1,0,0,71220
F,90001000,0,0,0,0,0,0,71220
F,90001200,0,0,0,0,0,0,71220
F,90001201,1,0,0,0,0,0,71220
F,90001600,0,0,0,0,0,0,71220
F,90000000,0,90,1,1,0,0,71280
F,90000001,1,0,1,0,0,0,71280
F,90000200,0,0,0,0,0,0,71280
F,90000201,1,0,0,0,0,0,71280
F,90000400,0,0,0,0,0,0,71280
F,90000401,1,0,0,0,0,0,71280
F,90000800,0,90,2,1,0,0,71280
F,90001000,0,0,0,0,0,0,71280
F,90001200,0,0,0,0,0,0,71280
F,90001201,1,0,0,0,0,0,71280
F,90001600,0,0,0,0,0,0,71280
F,90000000,0,90,1,1,0,0,71340
F,90000001,1,0,1,0,0,0,71340
F,90000200,0,0,0,0,0,0,71340
F,90000201,1,0,0,0,0,0,71340
F,90000400,0,0,0,0,0,0,71340
F,90000401,1,0,0,0,0,0,71340
F,90000800,0,90,2,1,0,0,71340
F,90001000,0,0,0,0,0,0,71340
F,90001200,0,0,0,0,0,0,71340
F,90001201,1,0,0,0,0,0,71340
F,90001600,0,0,0,0,0,0,71340
F,90000000,0,90,1,1,0,0,71400
F,90000001,1,0,1,0,0,0,71400
F,90000200,0,0,0,0,0,0,71400
F,90000201,1,0,0,0,0,0,71400
F,90000400,0,0,0,0,0,0,71400
F,90000401,1,0,0,0,0,0,71400
F,90000800,0,90,2,1,0,0,71400
F,90001000,0,0,0,0,0,0,71400
F,90001200,0,0,0,0,0,0,71400
F,90001201,1,0,0,0,0,0,71400
F,90001600,0,0,0,0,0,0,71400
F,90000000,0,90,1,1,0,0,71460
F,90000001,1,0,1,0,0,0,71460
F,90000200,0,0,0,0,0,0,71460
F,90000201,1,0,0,0,0,0,71460
F,90000400,0,0,0,0,0,0,71460
F,90000401,1,0,0,0,0,0,71460
F,90000800,0,90,2,1,0,0,71460
F,90001000,0,0,0,0,0,0,71460
F,90001200,0,0,0,0,0,0,71460
F,90001201,1,0,0,0,0,0,71460
F,90001600,0,0,0,0,0,0,71460
F,90000000,0,90,1,1,0,0,71520
F,90000001,1,0,1,0,0,0,71520
F,90000200,0,0,0,0,0,0,71520
F,90000201,1,0,0,0,0,0,71520
F,90000400,0,0,0,0,0,0,71520
F,90000401,1,0,0,0,0,0,71520
F,90000800,0,90,2,1,0,0,71520
F,90001000,0,0,0,0,0,0,71520
F,90001200,0,0,0,0,0,0,71520
F,90001201,1,0,0,0,0,0,71520
F,90001600,0,0,0,0,0,0,71520
F,90000000,0,90,1,1,0,0,71580
F,90000001,1,0,1,0,0,0,71580
F,90000200,0,0,0,0,0,0,71580
F,90000201,1,0,0,0,0,0,71580
F,90000400,0,0,0,0,0,0,71580
F,90000401,1,0,0,0,0,0,71580
F,90000800,0,90,2,1,0,0,71580
F,90001000,0,0,0,0,0,0,71580
F,90001200,0,0,0,0,0,0,71580
F,90001201,1,0,0,0,0,0,71580
F,90001600,0,0,0,0,0,0,71580
F,90000000,0,90,1,1,0,0,71640
F,90000001,1,0,1,0,0,0,71640
F,90000200,0,0,0,0,0,0,71640
F,90000201,1,0,0,0,0,0,71640
F,90000400,0,0,0,0,0,0,71640
F,90000401,1,0,0,0,0,0,71640
F,90000800,0,90,2,1,0,0,71640
F,90001000,0,0,0,0,0,0,71640
F,90001200,0,0,0,0,0,0,71640
F,90001201,1,0,0,0,0,0,71640
F,90001600,0,0,0,0,0,0,71640
F,90000000,0,90,1,1,0,0,71700
F,90000001,1,0,1,0,0,0,71700
F,90000200,0,0,0,0,0,0,71700
F,90000201,1,0,0,0,0,0,71700
F,90000400,0,0,0,0,0,0,71700
F,90000401,1,0,0,0,0,0,71700
F,90000800,0,90,2,1,0,0,71700
F,90001000,0,0,0,0,0,0,71700
F,90001200,0,0,0,0,0,0,71700
F,90001201,1,0,0,0,0,0,71700
F,90001600,0,0,0,0,0,0,71700
F,90000000,0,90,1,1,0,0,71760
F,90000001,1,0,1,0,0,0,71760
F,90000200,0,0,0,0,0,0,71760
F,90000201,1,0,0,0,0,0,71760
F,90000400,0,0,0,0,0,0,71760
F,90000401,1,0,0,0,0,0,71760
F,90000800,0,90,2,1,0,0,71760
F,90001000,0,0,0,0,0,0,71760
F,90001200,0,0,0,0,0,0,71760
F,90001201,1,0,0,0,0,0,71760
F,90001600,0,0,0,0,0,0,71760
F,90000000,0,90,1,1,0,0,71820
F,90000001,1,0,1,0,0,0,71820
F,90000200,0,0,0,0,0,0,71820
F,90000201,1,0,0,0,0,0,71820
F,90000400,0,90,1,1,0,0,71820
F,90000401,1,0,1,0,0,0,71820
F,90000800,0,90,2,1,0,0,71820
F,90001000,0,0,0,0,0,0,71820
F,90001200,0,0,0,0,0,0,71820
F,90001201,1,0,0,0,0,0,71820
F,90001600,0,0,0,0,0,0,71820
F,90000000,0,90,1,1,0,0,71880
F,90000001,1,0,1,0,0,0,71880
F,90000200,0,0,0,0,0,0,71880
F,90000201,1,0,0,0,0,0,71880
F,90000400,0,90,1,1,0,0,71880
F,90000401,1,0,1,0,0,0,71880
F,90000800,0,90,2,1,0,0,71880
F,90001000,0,0,0,0,0,0,71880
F,90001200,0,0,0,0,0,0,71880
F,90001201,1,0,0,0,0,0,71880
F,90001600,0,0,0,0,0,0,71880
F,90000000,0,90,1,1,0,0,71940
F,90000001,1,0,1,0,0,0,71940
F,90000200,0,0,0,0,0,0,71940
F,90000201,1,0,0,0,0,0,71940
F,90000400,0,90,1,1,0,0,71940
F,90000401,1,0,1,0,0,0,71940
F,90000800,0,90,2,1,0,0,71940
F,90001000,0,0,0,0,0,0,71940
F,90001200,0,0,0,0,0,0,71940
F,90001201,1,0,0,0,0,0,71940
F,90001600,0,0,0,0,0,0,71940
F,90000000,0,90,1,1,0,0,72000
F,90000001,1,0,1,0,0,0,72000
F,90000200,0,0,0,0,0,0,72000
F,90000201,1,0,0,0,0,0,72000
F,90000400,0,90,1,1,0,0,72000
F,90000401,1,0,1,0,0,0,72000
F,90000800,0,90,2,1,0,0,72000
F,90001000,0,0,0,0,0,0,72000
F,90001200,0,0,0,0,0,0,72000
F,90001201,1,0,0,0,0,0,72000
F,90001600,0,0,0,0,0,0,72000
F,90000000,0,90,1,1,0,0,72060
F,90000001,1,0,1,0,0,0,72060
F,90000200,0,0,0,0,0,0,72060
F,90000201,1,0,0,0,0,0,72060
F,90000400,0,90,1,1,0,0,72060
F,90000401,1,0,1,0,0,0,72060
F,90000800,0,90,2,1,0,0,72060
F,90001000,0,0,0,0,0,0,72060
F,90001200,0,0,0,0,0,0,72060
F,90001201,1,0,0,0,0,0,72060
F,90001600,0,0,0,0,0,0,72060
F,90000000,0,90,1,1,0,0,72120
F,90000001,1,0,1,0,0,0,72120
F,90000200,0,0,0,0,0,0,72120
F,90000201,1,0,0,0,0,0,72120
F,90000400,0,90,1,1,0,0,72120
F,90000401,1,0,1,0,0,0,72120
F,90000800,0,90,2,1,0,0,72120
F,90001000,0,0,0,0,0,0,72120
F,90001200,0,0,0,0,0,0,72120
F,90001201,1,0,0,0,0,0,72120
F,90001600,0,0,0,0,0,0,72120
F,90000000,0,90,1,1,0,0,72180
F,90000001,1,0,1,0,0,0,72180
F,90000200,0,0,0,0,0,0,72180
F,90000201,1,0,0,0,0,0,72180
F,90000400,0,90,1,1,0,0,72180
F,90000401,1,0,1,0,0,0,72180
F,90000800,0,90,2,1,0,0,72180
F,90001000,0,0,0,0,0,0,72180
F,90001200,0,0,0,0,0,0,72180
F,90001201,1,0,0,0,0,0,72180
F,90001600,0,0,0,0,0,0,72180
F,90000000,0,0,0,0,0,0,72240
F,90000001,1,0,0,0,0,0,72240
F,90000200,0,0,0,0,0,0,72240
F,90000201,1,0,0,0,0,0,72240
F,90000400,0,90,1,1,0,0,72240
F,90000401,1,0,1,0,0,0,72240
F,90000800,0,90,2,1,0,0,72240
F,90001000,0,0,0,0,0,0,72240
F,90001200,0,0,0,0,0,0,72240
F,90001201,1,0,0,0,0,0,72240
F,90001600,0,0,0,0,0,0,72240
F,90000000,0,0,0,0,0,0,72300
F,90000001,1,0,0,0,0,0,72300
F,90000200,0,0,0,0,0,0,72300
F,90000201,1,0,0,0,0,0,72300
F,90000400,0,90,1,1,0,0,72300
F,90000401,1,0,1,0,0,0,72300
F,90000800,0,90,2,1,0,0,72300
F,90001000,0,0,0,0,0,0,72300
F,90001200,0,0,0,0,0,0,72300
F,90001201,1,0,0,0,0,0,72300
F,90001600,0,0,0,0,0,0,72300
F,90000000,0,0,0,0,0,0,72360
F,90000001,1,0,0,0,0,0,72360
F,90000200,0,0,0,0,0,0,72360
F,90000201,1,0,0,0,0,0,72360
F,90000400,0,90,1,1,0,0,72360
F,90000401,1,0,1,0,0,0,72360
F,90000800,0,90,2,1,0,0,72360
F,90001000,0,0,0,0,0,0,72360
F,90001200,0,0,0,0,0,0,72360
F,90001201,1,0,0,0,0,0,72360
F,90001600,0,0,0,0,0,0,72360
F,90000000,0,0,0,0,0,0,72420
F,90000001,1,0,0,0,0,0,72420
F,90000200,0,0,0,0,0,0,72420
F,90000201,1,0,0,0,0,0,72420
F,90000400,0,90,1,1,0,0,72420
F,90000401,1,0,1,0,0,0,72420
F,90000800,0,90,1,1,0,0,72420
F,90001000,0,0,0,0,0,0,72420
F,90001200,0,0,0,0,0,0,72420
F,90001201,1,0,0,0,0,0,72420
F,90001600,0,0,0,0,0,0,72420
F,90000000,0,0,0,0,0,0,72480
F,90000001,1,0,0,0,0,0,72480
F,90000200,0,0,0,0,0,0,72480
F,90000201,1,0,0,0,0,0,72480
F,90000400,0,90,1,1,0,0,72480
F,90000401,1,0,1,0,0,0,72480
F,90000800,0,90,1,1,0,0,72480
F,90001000,0,0,0,0,0,0,72480
F,90001200,0,0,0,0,0,0,72480
F,90001201,1,0,0,0,0,0,72480
F,90001600,0,0,0,0,0,0,72480
F,90000000,0,0,0,0,0,0,72540
F,90000001,1,0,0,0,0,0,72540
F,90000200,0,0,0,0,0,0,72540
F,90000201,1,0,0,0,0,0,72540
F,90000400,0,90,1,1,0,0,72540
F,90000401,1,0,1,0,0,0,72540
F,90000800,0,90,1,1,0,0,72540
F,90001000,0,0,0,0,0,0,72540
F,90001200,0,0,0,0,0,0,72540
F,90001201,1,0,0,0,0,0,72540
F,90001600,0,0,0,0,0,0,72540
F,90000000,0,0,0,0,0,0,72600
F,90000001,1,0,0,0,0,0,72600
F,90000200,0,0,0,0,0,0,72600
F,90000201,1,0,0,0,0,0,72600
F,90000400,0,90,1,1,0,0,72600
F,90000401,1,0,1,0,0,0,72600
F,90000800,0,90,1,1,0,0,72600
F,90001000,0,0,0,0,0,0,72600
F,90001200,0,0,0,0,0,0,72600
F,90001201,1,0,0,0,0,0,72600
F,90001600,0,0,0,0,0,0,72600
F,90000000,0,0,0,0,0,0,72660
F,90000001,1,0,0,0,0,0,72660
F,90000200,0,0,0,0,0,0,72660
F,90000201,1,0,0,0,0,0,72660
F,90000400,0,90,1,1,0,0,72660
F,90000401,1,0,1,0,0,0,72660
F,90000800,0,90,1,1,0,0,72660
F,90001000,0,0,0,0,0,0,72660
F,90001200,0,0,0,0,0,0,72660
F,90001201,1,0,0,0,0,0,72660
F,90001600,0,0,0,0,0,0,72660
F,90000000,0,0,0,0,0,0,72720
F,90000001,1,0,0,0,0,0,72720
F,90000200,0,0,0,0,0,0,72720
F,90000201,1,0,0,0,0,0,72720
F,90000400,0,90,2,1,0,0,72720
F,90000401,1,90,2,1,0,0,72720
F,90000800,0,90,1,1,0,0,72720
F,90001000,0,0,0,0,0,0,72720
F,90001200,0,0,0,0,0,0,72720
F,90001201,1,0,0,0,0,0,72720
F,90001600,0,0,0,0,0,0,72720
F,90000000,0,0,0,0,0,0,72780
F,90000001,1,0,0,0,0,0,72780
F,90000200,0,0,0,0,0,0,72780
F,90000201,1,0,0,0,0,0,72780
F,90000400,0,90,2,1,0,0,72780
F,90000401,1,90,2,1,0,0,72780
F,90000800,0,90,1,1,0,0,72780
F,90001000,0,0,0,0,0,0,72780
F,90001200,0,0,0,0,0,0,72780
F,90001201,1,0,0,0,0,0,72780
F,90001600,0,0,0,0,0,0,72780
F,90000000,0,0,0,0,0,0,72840
F,90000001,1,0,0,0,0,0,72840
F,90000200,0,0,0,0,0,0,72840
F,90000201,1,0,0,0,0,0,72840
F,90000400,0,90,2,1,0,0,72840
F,90000401,1,90,2,1,0,0,72840
F,90000800,0,90,1,1,0,0,72840
F,90001000,0,0,0,0,0,0,72840
F,90001200,0,0,0,0,0,0,72840
F,90001201,1,0,0,0,0,0,72840
F,90001600,0,0,0,0,0,0,72840
F,90000000,0,0,0,0,0,0,72900
F,90000001,1,0,0,0,0,0,72900
F,90000200,0,0,0,0,0,0,72900
F,90000201,1,0,0,0,0,0,72900
F,90000400,0,90,2,1,0,0,72900
F,90000401,1,90,2,1,0,0,72900
F,90000800,0,90,1,1,0,0,72900
F,90001000,0,0,0,0,0,0,72900
F,90001200,0,0,0,0,0,0,72900
F,90001201,1,0,0,0,0,0,72900
F,90001600,0,0,0,0,0,0,72900
F,90000000,0,0,0,0,0,0,72960
F,90000001,1,0,0,0,0,0,72960
F,90000200,0,0,0,0,0,0,72960
F,90000201,1,0,0,0,0,0,72960
F,90000400,0,90,2,1,0,0,72960
F,90000401,1,90,2,1,0,0,72960
F,90000800,0,90,1,1,0,0,72960
F,90001000,0,0,0,0,0,0,72960
F,90001200,0,0,0,0,0,0,72960
F,90001201,1,0,0,0,0,0,72960
F,90001600,0,0,0,0,0,0,72960
F,90000000,0,0,0,0,0,0,73020
F,90000001,1,0,0,0,0,0,73020
F,90000200,0,0,0,0,0,0,73020
F,90000201,1,0,0,0,0,0,73020
F,90000400,0,90,2,1,0,0,73020
F,90000401,1,90,2,1,0,0,73020
F,90000800,0,90,1,1,0,0,73020
F,90001000,0,0,0,0,0,0,73020
F,90001200,0,0,0,0,0,0,73020
F,90001201,1,0,0,0,0,0,73020
F,90001600,0,0,0,0,0,0,73020
F,90000000,0,0,0,0,0,0,73080
F,90000001,1,0,0,0,0,0,73080
F,90000200,0,0,0,0,0,0,73080
F,90000201,1,0,0,0,0,0,73080
F,90000400,0,90,2,1,0,0,73080
F,90000401,1,90,2,1,0,0,73080
F,90000800,0,90,1,1,0,0,73080
F,90001000,0,0,0,0,0,0,73080
F,90001200,0,0,0,0,0,0,73080
F,90001201,1,0,0,0,0,0,73080
F,90001600,0,0,0,0,0,0,73080
F,90000000,0,0,0,0,0,0,73140
F,90000001,1,0,0,0,0,0,73140
F,90000200,0,0,0,0,0,0,73140
F,90000201,1,0,0,0,0,0,73140
F,90000400,0,90,2,1,0,0,73140
F,90000401,1,90,2,1,0,0,73140
F,90000800,0,90,1,1,0,0,73140
F,90001000,0,0,0,0,0,0,73140
F,90001200,0,0,0,0,0,0,73140
F,90001201,1,0,0,0,0,0,73140
F,90001600,0,0,0,0,0,0,73140
F,90000000,0,0,0,0,0,0,73200
F,90000001,1,0,0,0,0,0,73200
F,90000200,0,0,0,0,0,0,73200
F,90000201,1,0,0,0,0,0,73200
F,90000400,0,90,2,1,0,0,73200
F,90000401,1,90,2,1,0,0,73200
F,90000800,0,90,1,1,0,0,73200
F,90001000,0,0,0,0,0,0,73200
F,90001200,0,0,0,0,0,0,73200
F,90001201,1,0,0,0,0,0,73200
F,90001600,0,0,0,0,0,0,73200
F,90000000,0,0,0,0,0,0,73260
F,90000001,1,0,0,0,0,0,73260
F,90000200,0,0,0,0,0,0,73260
F,90000201,1,0,0,0,0,0,73260
F,90000400,0,0,1,0,0,0,73260
F,90000401,1,90,1,1,0,0,73260
F,90000800,0,90,1,1,0,0,73260
F,90001000,0,0,0,0,0,0,73260
F,90001200,0,0,0,0,0,0,73260
F,90001201,1,0,0,0,0,0,73260
F,90001600,0,0,0,0,0,0,73260
F,90000000,0,0,0,0,0,0,73320
F,90000001,1,0,0,0,0,0,73320
F,90000200,0,0,0,0,0,0,73320
F,90000201,1,0,0,0,0,0,73320
F,90000400,0,0,1,0,0,0,73320
F,90000401,1,90,1,1,0,0,73320
F,90000800,0,90,1,1,0,0,73320
F,90001000,0,0,0,0,0,0,73320
F,90001200,0,0,0,0,0,0,73320
F,90001201,1,0,0,0,0,0,73320
F,90001600,0,0,0,0,0,0,73320
F,90000000,0,0,0,0,0,0,73380
F,90000001,1,0,0,0,0,0,73380
F,90000200,0,0,0,0,0,0,73380
F,90000201,1,0,0,0,0,0,73380
F,90000400,0,0,1,0,0,0,73380
F,90000401,1,90,1,1,0,0,73380
F,90000800,0,90,1,1,0,0,73380
F,90001000,0,0,0,0,0,0,73380
F,90001200,0,0,0,0,0,0,73380
F,90001201,1,0,0,0,0,0,73380
F,90001600,0,0,0,0,0,0,73380
F,90000000,0,0,0,0,0,0,73440
F,90000001,1,0,0,0,0,0,73440
F,90000200,0,0,0,0,0,0,73440
F,90000201,1,0,0,0,0,0,73440
F,90000400,0,90,2,1,0,0,73440
F,90000401,1,90,2,1,0,0,73440
F,90000800,0,90,1,1,0,0,73440
F,90001000,0,0,0,0,0,0,73440
F,90001200,0,0,0,0,0,0,73440
F,90001201,1,0,0,0,0,0,73440
F,90001600,0,0,0,0,0,0,73440
F,90000000,0,0,0,0,0,0,73500
F,90000001,1,0,0,0,0,0,73500
F,90000200,0,0,0,0,0,0,73500
F,90000201,1,0,0,0,0,0,73500
F,90000400,0,90,2,1,0,0,73500
F,90000401,1,90,2,1,0,0,73500
F,90000800,0,90,1,1,0,0,73500
F,90001000,0,0,0,0,0,0,73500
F,90001200,0,0,0,0,0,0,73500
F,90001201,1,0,0,0,0,0,73500
F,90001600,0,0,0,0,0,0,73500
F,90000000,0,0,0,0,0,0,73560
F,90000001,1,0,0,0,0,0,73560
F,90000200,0,0,0,0,0,0,73560
F,90000201,1,0,0,0,0,0,73560
F,90000400,0,90,2,1,0,0,73560
F,90000401,1,90,2,1,0,0,73560
F,90000800,0,90,1,1,0,0,73560
F,90001000,0,0,0,0,0,0,73560
F,90001200,0,0,0,0,0,0,73560
F,90001201,1,0,0,0,0,0,73560
F,90001600,0,0,0,0,0,0,73560
F,90000000,0,0,0,0,0,0,73620
F,90000001,1,0,0,0,0,0,73620
F,90000200,0,0,0,0,0,0,73620
F,90000201,1,0,0,0,0,0,73620
F,90000400,0,90,2,1,0,0,73620
F,90000401,1,90,2,1,0,0,73620
F,90000800,0,90,1,1,0,0,73620
F,90001000,0,0,0,0,0,0,73620
F,90001200,0,0,0,0,0,0,73620
F,90001201,1,0,0,0,0,0,73620
F,90001600,0,0,0,0,0,0,73620
F,90000000,0,0,0,0,0,0,73680
F,90000001,1,0,0,0,0,0,73680
F,90000200,0,0,0,0,0,0,73680
F,90000201,1,0,0,0,0,0,73680
F,90000400,0,90,2,1,0,0,73680
F,90000401,1,90,2,1,0,0,73680
F,90000800,0,90,1,1,0,0,73680
F,90001000,0,0,0,0,0,0,73680
F,90001200,0,0,0,0,0,0,73680
F,90001201,1,0,0,0,0,0,73680
F,90001600,0,0,0,0,0,0,73680
F,90000000,0,90,1,1,0,0,73740
F,90000001,1,0,1,0,0,0,73740
F,90000200,0,0,0,0,0,0,73740
F,90000201,1,0,0,0,0,0,73740
F,90000400,0,90,2,1,0,0,73740
F,90000401,1,90,2,1,0,0,73740
F,90000800,0,90,1,1,0,0,73740
F,90001000,0,0,0,0,0,0,73740
F,90001200,0,0,0,0,0,0,73740
F,90001201,1,0,0,0,0,0,73740
F,90001600,0,0,0,0,0,0,73740
F,90000000,0,90,1,1,0,0,73800
F,90000001,1,0,1,0,0,0,73800
F,90000200,0,0,0,0,0,0,73800
F,90000201,1,0,0,0,0,0,73800
F,90000400,0,90,2,1,0,0,73800
F,90000401,1,90,2,1,0,0,73800
F,90000800,0,90,1,1,0,0,73800
F,90001000,0,0,0,0,0,0,73800
F,90001200,0,0,0,0,0,0,73800
F,90001201,1,0,0,0,0,0,73800
F,90001600,0,0,0,0,0,0,73800
F,90000000,0,90,2,1,0,0,73860
F,90000001,1,90,2,1,0,0,73860
F,90000200,0,0,0,0,0,0,73860
F,90000201,1,0,0,0,0,0,73860
F,90000400,0,90,2,1,0,0,73860
F,90000401,1,90,2,1,0,0,73860
F,90000800,0,0,0,0,0,0,73860
F,90001000,0,0,0,0,0,0,73860
F,90001200,0,0,0,0,0,0,73860
F,90001201,1,0,0,0,0,0,73860
F,90001600,0,0,0,0,0,0,73860
F,90000000,0,90,2,1,0,0,73920
F,90000001,1,90,2,1,0,0,73920
F,90000200,0,0,0,0,0,0,73920
F,90000201,1,0,0,0,0,0,73920
F,90000400,0,90,2,1,0,0,73920
F,90000401,1,90,2,1,0,0,73920
F,90000800,0,0,0,0,0,0,73920
F,90001000,0,0,0,0,0,0,73920
F,90001200,0,0,0,0,0,0,73920
F,90001201,1,0,0,0,0,0,73920
F,90001600,0,0,0,0,0,0,73920
F,90000000,0,90,2,1,0,0,73980
F,90000001,1,90,2,1,0,0,73980
F,90000200,0,0,0,0,0,0,73980
F,90000201,1,0,0,0,0,0,73980
F,90000400,0,90,2,1,0,0,73980
F,90000401,1,90,2,1,0,0,73980
F,90000800,0,0,0,0,0,0,73980
F,90001000,0,0,0,0,0,0,73980
F,90001200,0,0,0,0,0,0,73980
F,90001201,1,0,0,0,0,0,73980
F,90001600,0,0,0,0,0,0,73980
F,90000000,0,90,2,1,0,0,74040
F,90000001,1,90,2,1,0,0,74040
F,90000200,0,0,0,0,0,0,74040
F,90000201,1,0,0,0,0,0,74040
F,90000400,0,90,2,1,0,0,74040
F,90000401,1,90,2,1,0,0,74040
F,90000800,0,0,0,0,0,0,74040
F,90001000,0,0,0,0,0,0,74040
F,90001200,0,0,0,0,0,0,74040
F,90001201,1,0,0,0,0,0,74040
F,90001600,0,0,0,0,0,0,74040
F,90000000,0,90,2,1,0,0,74100
F,90000001,1,90,2,1,0,0,74100
F,90000200,0,0,0,0,0,0,74100
F,90000201,1,0,0,0,0,0,74100
F,90000400,0,90,2,1,0,0,74100
F,90000401,1,90,2,1,0,0,74100
F,90000800,0,0,0,0,0,0,74100
F,90001000,0,0,0,0,0,0,74100
F,90001200,0,0,0,0,0,0,74100
F,90001201,1,0,0,0,0,0,74100
F,90001600,0,0,0,0,0,0,74100
F,90000000,0,90,2,1,0,0,74160
F,90000001,1,90,2,1,0,0,74160
F,90000200,0,90,1,1,0,0,74160
F,90000201,1,0,1,0,0,0,74160
F,90000400,0,90,1,1,0,0,74160
F,90000401,1,0,1,0,0,0,74160
F,90000800,0,0,0,0,0,0,74160
F,90001000,0,0,0,0,0,0,74160
F,90001200,0,0,0,0,0,0,74160
F,90001201,1,0,0,0,0,0,74160
F,90001600,0,0,0,0,0,0,74160
F,90000000,0,90,2,1,0,0,74220
F,90000001,1,90,2,1,0,0,74220
F,90000200,0,90,1,1,0,0,74220
F,90000201,1,0,1,0,0,0,74220
F,90000400,0,90,1,1,0,0,74220
F,90000401,1,0,1,0,0,0,74220
F,90000800,0,0,0,0,0,0,74220
F,90001000,0,0,0,0,0,0,74220
F,90001200,0,0,0,0,0,0,74220
F,90001201,1,0,0,0,0,0,74220
F,90001600,0,0,0,0,0,0,74220
F,90000000,0,90,2,1,0,0,74280
F,90000001,1,90,2,1,0,0,74280
F,90000200,0,90,1,1,0,0,74280
F,90000201,1,0,1,0,0,0,74280
F,90000400,0,90,1,1,0,0,74280
F,90000401,1,0,1,0,0,0,74280
F,90000800,0,0,0,0,0,0,74280
F,90001000,0,0,0,0,0,0,74280
F,90001200,0,0,0,0,0,0,74280
F,90001201,1,0,0,0,0,0,74280
F,90001600,0,0,0,0,0,0,74280
F,90000000,0,90,2,1,0,0,74340
F,90000001,1,90,2,1,0,0,74340
F,90000200,0,90,1,1,0,0,74340
F,90000201,1,0,1,0,0,0,74340
F,90000400,0,90,1,1,0,0,74340
F,90000401,1,0,1,0,0,0,74340
F,90000800,0,0,0,0,0,0,74340
F,90001000,0,0,0,0,0,0,74340
F,90001200,0,0,0,0,0,0,74340
F,90001201,1,0,0,0,0,0,74340
F,90001600,0,0,0,0,0,0,74340
F,90000000,0,90,2,1,0,0,74400
F,90000001,1,90,2,1,0,0,74400
F,90000200,0,90,1,1,0,0,74400
F,90000201,1,0,1,0,0,0,74400
F,90000400,0,90,1,1,0,0,74400
F,90000401,1,0,1,0,0,0,74400
F,90000800,0,0,0,0,0,0,74400
F,90001000,0,0,0,0,0,0,74400
F,90001200,0,0,0,0,0,0,74400
F,90001201,1,0,0,0,0,0,74400
F,90001600,0,0,0,0,0,0,74400
F,90000000,0,90,2,1,0,0,74460
F,90000001,1,90,2,1,0,0,74460
F,90000200,0,90,1,1,0,0,74460
F,90000201,1,0,1,0,0,0,74460
F,90000400,0,90,1,1,0,0,74460
F,90000401,1,0,1,0,0,0,74460
F,90000800,0,0,0,0,0,0,74460
F,90001000,0,0,0,0,0,0,74460
F,90001200,0,0,0,0,0,0,74460
F,90001201,1,0,0,0,0,0,74460
F,90001600,0,0,0,0,0,0,74460
F,90000000,0,90,2,1,0,0,74520
F,90000001,1,90,2,1,0,0,74520
F,90000200,0,90,1,1,0,0,74520
F,90000201,1,0,1,0,0,0,74520
F,90000400,0,90,1,1,0,0,74520
F,90000401,1,0,1,0,0,0,74520
F,90000800,0,0,0,0,0,0,74520
F,90001000,0,0,0,0,0,0,74520
F,90001200,0,0,0,0,0,0,74520
F,90001201,1,0,0,0,0,0,74520
F,90001600,0,0,0,0,0,0,74520
F,90000000,0,90,2,1,0,0,74580
F,90000001,1,90,2,1,0,0,74580
F,90000200,0,90,1,1,0,0,74580
F,90000201,1,0,1,0,0,0,74580
F,90000400,0,90,1,1,0,0,74580
F,90000401,1,0,1,0,0,0,74580
F,90000800,0,0,0,0,0,0,74580
F,90001000,0,0,0,0,0,0,74580
F,90001200,0,0,0,0,0,0,74580
F,90001201,1,0,0,0,0,0,74580
F,90001600,0,0,0,0,0,0,74580
F,90000000,0,90,2,1,0,0,74640
F,90000001,1,90,2,1,0,0,74640
F,90000200,0,90,1,1,0,0,74640
F,90000201,1,0,1,0,0,0,74640
F,90000400,0,90,1,1,0,0,74640
F,90000401,1,0,1,0,0,0,74640
F,90000800,0,0,0,0,0,0,74640
F,90001000,0,0,0,0,0,0,74640
F,90001200,0,0,0,0,0,0,74640
F,90001201,1,0,0,0,0,0,74640
F,90001600,0,0,0,0,0,0,74640
F,90000000,0,90,2,1,0,0,74700
F,90000001,1,90,2,1,0,0,74700
F,90000200,0,90,1,1,0,0,74700
F,90000201,1,0,1,0,0,0,74700
F,90000400,0,90,1,1,0,0,74700
F,90000401,1,0,1,0,0,0,74700
F,90000800,0,0,0,0,0,0,74700
F,90001000,0,0,0,0,0,0,74700
F,90001200,0,0,0,0,0,0,74700
F,90001201,1,0,0,0,0,0,74700
F,90001600,0,0,0,0,0,0,74700
F,90000000,0,90,2,1,0,0,74760
F,90000001,1,90,2,1,0,0,74760
F,90000200,0,90,1,1,0,0,74760
F,90000201,1,0,1,0,0,0,74760
F,90000400,0,90,1,1,0,0,74760
F,90000401,1,0,1,0,0,0,74760
F,90000800,0,0,0,0,0,0,74760
F,90001000,0,0,0,0,0,0,74760
F,90001200,0,0,0,0,0,0,74760
F,90001201,1,0,0,0,0,0,74760
F,90001600,0,0,0,0,0,0,74760
F,90000000,0,90,2,1,0,0,74820
F,90000001,1,90,2,1,0,0,74820
F,90000200,0,90,1,1,0,0,74820
F,90000201,1,0,1,0,0,0,74820
F,90000400,0,90,1,1,0,0,74820
F,90000401,1,0,1,0,0,0,74820
F,90000800,0,0,0,0,0,0,74820
F,90001000,0,0,0,0,0,0,74820
F,90001200,0,0,0,0,0,0,74820
F,90001201,1,0,0,0,0,0,74820
F,90001600,0,0,0,0,0,0,74820
F,90000000,0,90,2,1,0,0,74880
F,90000001,1,90,2,1,0,0,74880
F,90000200,0,90,1,1,0,0,74880
F,90000201,1,0,1,0,0,0,74880
F,90000400,0,0,0,0,0,0,74880
F,90000401,1,0,0,0,0,0,74880
F,90000800,0,0,0,0,0,0,74880
F,90001000,0,0,0,0,0,0,74880
F,90001200,0,0,0,0,0,0,74880
F,90001201,1,0,0,0,0,0,74880
F,90001600,0,0,0,0,0,0,74880
F,90000000,0,90,2,1,0,0,74940
F,90000001,1,90,2,1,0,0,74940
F,90000200,0,90,1,1,0,0,74940
F,90000201,1,0,1,0,0,0,74940
F,90000400,0,0,0,0,0,0,74940
F,90000401,1,0,0,0,0,0,74940
F,90000800,0,0,0,0,0,0,74940
F,90001000,0,0,0,0,0,0,74940
F,90001200,0,0,0,0,0,0,74940
F,90001201,1,0,0,0,0,0,74940
F,90001600,0,0,0,0,0,0,74940
F,90000000,0,90,2,1,0,0,75000
F,90000001,1,90,2,1,0,0,75000
F,90000200,0,90,1,1,0,0,75000
F,90000201,1,0,1,0,0,0,75000
F,90000400,0,0,0,0,0,0,75000
F,90000401,1,0,0,0,0,0,75000
F,90000800,0,0,0,0,0,0,75000
F,90001000,0,0,0,0,0,0,75000
F,90001200,0,0,0,0,0,0,75000
F,90001201,1,0,0,0,0,0,75000
F,90001600,0,0,0,0,0,0,75000
F,90000000,0,90,2,1,0,0,75060
F,90000001,1,90,2,1,0,0,75060
F,90000200,0,90,1,1,0,0,75060
F,90000201,1,0,1,0,0,0,75060
F,90000400,0,0,0,0,0,0,75060
F,90000401,1,0,0,0,0,0,75060
F,90000800,0,0,0,0,0,0,75060
F,90001000,0,0,0,0,0,0,75060
F,90001200,0,0,0,0,0,0,75060
F,90001201,1,0,0,0,0,0,75060
F,90001600,0,0,0,0,0,0,75060
F,90000000,0,90,2,1,0,0,75120
F,90000001,1,90,2,1,0,0,75120
F,90000200,0,90,1,1,0,0,75120
F,90000201,1,0,1,0,0,0,75120
F,90000400,0,0,0,0,0,0,75120
F,90000401,1,0,0,0,0,0,75120
F,90000800,0,0,0,0,0,0,75120
F,90001000,0,0,0,0,0,0,75120
F,90001200,0,0,0,0,0,0,75120
F,90001201,1,0,0,0,0,0,75120
F,90001600,0,0,0,0,0,0,75120
F,90000000,0,0,1,0,0,0,75180
F,90000001,1,90,1,1,0,0,75180
F,90000200,0,90,1,1,0,0,75180
F,90000201,1,0,1,0,0,0,75180
F,90000400,0,0,0,0,0,0,75180
F,90000401,1,0,0,0,0,0,75180
F,90000800,0,0,0,0,0,0,75180
F,90001000,0,0,0,0,0,0,75180
F,90001200,0,0,0,0,0,0,75180
F,90001201,1,0,0,0,0,0,75180
F,90001600,0,0,0,0,0,0,75180
F,90000000,0,0,1,0,0,0,75240
F,90000001,1,90,1,1,0,0,75240
F,90000200,0,90,1,1,0,0,75240
F,90000201,1,0,1,0,0,0,75240
F,90000400,0,0,0,0,0,0,75240
F,90000401,1,0,0,0,0,0,75240
F,90000800,0,0,0,0,0,0,75240
F,90001000,0,0,0,0,0,0,75240
F,90001200,0,0,0,0,0,0,75240
F,90001201,1,0,0,0,0,0,75240
F,90001600,0,0,0,0,0,0,75240
F,90000000,0,0,0,0,0,0,75300
F,90000001,1,0,0,0,0,0,75300
F,90000200,0,90,1,1,0,0,75300
F,90000201,1,0,1,0,0,0,75300
F,90000400,0,0,0,0,0,0,75300
F,90000401,1,0,0,0,0,0,75300
F,90000800,0,0,0,0,0,0,75300
F,90001000,0,0,0,0,0,0,75300
F,90001200,0,0,0,0,0,0,75300
F,90001201,1,0,0,0,0,0,75300
F,90001600,0,0,0,0,0,0,75300
F,90000000,0,0,0,0,0,0,75360
F,90000001,1,0,0,0,0,0,75360
F,90000200,0,90,1,1,0,0,75360
F,90000201,1,0,1,0,0,0,75360
F,90000400,0,0,0,0,0,0,75360
F,90000401,1,0,0,0,0,0,75360
F,90000800,0,0,0,0,0,0,75360
F,90001000,0,0,0,0,0,0,75360
F,90001200,0,0,0,0,0,0,75360
F,90001201,1,0,0,0,0,0,75360
F,90001600,0,0,0,0,0,0,75360
F,90000000,0,0,0,0,0,0,75420
F,90000001,1,0,0,0,0,0,75420
F,90000200,0,90,1,1,0,0,75420
F,90000201,1,0,1,0,0,0,75420
F,90000400,0,0,0,0,0,0,75420
F,90000401,1,0,0,0,0,0,75420
F,90000800,0,0,0,0,0,0,75420
F,90001000,0,0,0,0,0,0,75420
F,90001200,0,0,0,0,0,0,75420
F,90001201,1,0,0,0,0,0,75420
F,90001600,0,0,0,0,0,0,75420
F,90000000,0,0,0,0,0,0,75480
F,90000001,1,0,0,0,0,0,75480
F,90000200,0,90,1,1,0,0,75480
F,90000201,1,0,1,0,0,0,75480
F,90000400,0,0,0,0,0,0,75480
F,90000401,1,0,0,0,0,0,75480
F,90000800,0,0,0,0,0,0,75480
F,90001000,0,0,0,0,0,0,75480
F,90001200,0,0,0,0,0,0,75480
F,90001201,1,0,0,0,0,0,75480
F,90001600,0,0,0,0,0,0,75480
F,90000000,0,0,0,0,0,0,75540
F,90000001,1,0,0,0,0,0,75540
F,90000200,0,90,1,1,0,0,75540
F,90000201,1,0,1,0,0,0,75540
F,90000400,0,0,0,0,0,0,75540
F,90000401,1,0,0,0,0,0,75540
F,90000800,0,0,0,0,0,0,75540
F,90001000,0,0,0,0,0,0,75540
F,90001200,0,0,0,0,0,0,75540
F,90001201,1,0,0,0,0,0,75540
F,90001600,0,0,0,0,0,0,75540
F,90000000,0,0,0,0,0,0,75600
F,90000001,1,0,0,0,0,0,75600
F,90000200,0,0,0,0,0,0,75600
F,90000201,1,0,0,0,0,0,75600
F,90000400,0,0,0,0,0,0,75600
F,90000401,1,0,0,0,0,0,75600
F,90000800,0,0,0,0,0,0,75600
F,90001000,0,0,0,0,0,0,75600
F,90001200,0,0,0,0,0,0,75600
F,90001201,1,0,0,0,0,0,75600
F,90001600,0,0,0,0,0,0,75600
F,90000000,0,0,0,0,0,0,75660
F,90000001,1,0,0,0,0,0,75660
F,90000200,0,0,0,0,0,0,75660
F,90000201,1,0,0,0,0,0,75660
F,90000400,0,0,0,0,0,0,75660
F,90000401,1,0,0,0,0,0,75660
F,90000800,0,0,0,0,0,0,75660
F,90001000,0,0,0,0,0,0,75660
F,90001200,0,0,0,0,0,0,75660
F,90001201,1,0,0,0,0,0,75660
F,90001600,0,0,0,0,0,0,75660
F,90000000,0,0,0,0,0,0,75720
F,90000001,1,0,0,0,0,0,75720
F,90000200,0,0,0,0,0,0,75720
F,90000201,1,0,0,0,0,0,75720
F,90000400,0,0,0,0,0,0,75720
F,90000401,1,0,0,0,0,0,75720
F,90000800,0,0,0,0,0,0,75720
F,90001000,0,0,0,0,0,0,75720
F,90001200,0,0,0,0,0,0,75720
F,90001201,1,0,0,0,0,0,75720
F,90001600,0,0,0,0,0,0,75720
F,90000000,0,0,0,0,0,0,75780
F,90000001,1,0,0,0,0,0,75780
F,90000200,0,0,0,0,0,0,75780
F,90000201,1,0,0,0,0,0,75780
F,90000400,0,0,0,0,0,0,75780
F,90000401,1,0,0,0,0,0,75780
F,90000800,0,0,0,0,0,0,75780
F,90001000,0,0,0,0,0,0,75780
F,90001200,0,0,0,0,0,0,75780
F,90001201,1,0,0,0,0,0,75780
F,90001600,0,0,0,0,0,0,75780
F,90000000,0,0,0,0,0,0,75840
F,90000001,1,0,0,0,0,0,75840
F,90000200,0,0,0,0,0,0,75840
F,90000201,1,0,0,0,0,0,75840
F,90000400,0,0,0,0,0,0,75840
F,90000401,1,0,0,0,0,0,75840
F,90000800,0,0,0,0,0,0,75840
F,90001000,0,0,0,0,0,0,75840
F,90001200,0,0,0,0,0,0,75840
F,90001201,1,0,0,0,0,0,75840
F,90001600,0,0,0,0,0,0,75840
F,90000000,0,0,0,0,0,0,75900
F,90000001,1,0,0,0,0,0,75900
F,90000200,0,0,0,0,0,0,75900
F,90000201,1,0,0,0,0,0,75900
F,90000400,0,0,0,0,0,0,75900
F,90000401,1,0,0,0,0,0,75900
F,90000800,0,0,0,0,0,0,75900
F,90001000,0,0,0,0,0,0,75900
F,90001200,0,0,0,0,0,0,75900
F,90001201,1,0,0,0,0,0,75900
F,90001600,0,0,0,0,0,0,75900
F,90000000,0,0,0,0,0,0,75960
F,90000001,1,0,0,0,0,0,75960
F,90000200,0,0,0,0,0,0,75960
F,90000201,1,0,0,0,0,0,75960
F,90000400,0,0,0,0,0,0,75960
F,90000401,1,0,0,0,0,0,75960
F,90000800,0,0,0,0,0,0,75960
F,90001000,0,0,0,0,0,0,75960
F,90001200,0,0,0,0,0,0,75960
F,90001201,1,0,0,0,0,0,75960
F,90001600,0,0,0,0,0,0,75960
F,90000000,0,0,0,0,0,0,76020
F,90000001,1,0,0,0,0,0,76020
F,90000200,0,0,0,0,0,0,76020
F,90000201,1,0,0,0,0,0,76020
F,90000400,0,0,0,0,0,0,76020
F,90000401,1,0,0,0,0,0,76020
F,90000800,0,0,0,0,0,0,76020
F,90001000,0,0,0,0,0,0,76020
F,90001200,0,0,0,0,0,0,76020
F,90001201,1,0,0,0,0,0,76020
F,90001600,0,0,0,0,0,0,76020
F,90000000,0,0,0,0,0,0,76080
F,90000001,1,0,0,0,0,0,76080
F,90000200,0,0,0,0,0,0,76080
F,90000201,1,0,0,0,0,0,76080
F,90000400,0,0,0,0,0,0,76080
F,90000401,1,0,0,0,0,0,76080
F,90000800,0,0,0,0,0,0,76080
F,90001000,0,0,0,0,0,0,76080
F,90001200,0,0,0,0,0,0,76080
F,90001201,1,0,0,0,0,0,76080
F,90001600,0,0,0,0,0,0,76080
F,90000000,0,0,0,0,0,0,76140
F,90000001,1,0,0,0,0,0,76140
F,90000200,0,0,0,0,0,0,76140
F,90000201,1,0,0,0,0,0,76140
F,90000400,0,0,0,0,0,0,76140
F,90000401,1,0,0,0,0,0,76140
F,90000800,0,0,0,0,0,0,76140
F,90001000,0,0,0,0,0,0,76140
F,90001200,0,0,0,0,0,0,76140
F,90001201,1,0,0,0,0,0,76140
F,90001600,0,0,0,0,0,0,76140
F,90000000,0,0,0,0,0,0,76200
F,90000001,1,0,0,0,0,0,76200
F,90000200,0,0,0,0,0,0,76200
F,90000201,1,0,0,0,0,0,76200
F,90000400,0,0,0,0,0,0,76200
F,90000401,1,0,0,0,0,0,76200
F,90000800,0,0,0,0,0,0,76200
F,90001000,0,0,0,0,0,0,76200
F,90001200,0,0,0,0,0,0,76200
F,90001201,1,0,0,0,0,0,76200
F,90001600,0,0,0,0,0,0,76200
F,90000000,0,0,0,0,0,0,76260
F,90000001,1,0,0,0,0,0,76260
F,90000200,0,0,0,0,0,0,76260
F,90000201,1,0,0,0,0,0,76260
F,90000400,0,0,0,0,0,0,76260
F,90000401,1,0,0,0,0,0,76260
F,90000800,0,0,0,0,0,0,76260
F,90001000,0,0,0,0,0,0,76260
F,90001200,0,0,0,0,0,0,76260
F,90001201,1,0,0,0,0,0,76260
F,90001600,0,0,0,0,0,0,76260
F,90000000,0,0,0,0,0,0,76320
F,90000001,1,0,0,0,0,0,76320
F,90000200,0,0,0,0,0,0,76320
F,90000201,1,0,0,0,0,0,76320
F,90000400,0,0,0,0,0,0,76320
F,90000401,1,0,0,0,0,0,76320
F,90000800,0,0,0,0,0,0,76320
F,90001000,0,0,0,0,0,0,76320
F,90001200,0,0,0,0,0,0,76320
F,90001201,1,0,0,0,0,0,76320
F,90001600,0,0,0,0,0,0,76320
F,90000000,0,0,0,0,0,0,76380
F,90000001,1,0,0,0,0,0,76380
F,90000200,0,0,0,0,0,0,76380
F,90000201,1,0,0,0,0,0,76380
F,90000400,0,0,0,0,0,0,76380
F,90000401,1,0,0,0,0,0,76380
F,90000800,0,0,0,0,0,0,76380
F,90001000,0,0,0,0,0,0,76380
F,90001200,0,0,0,0,0,0,76380
F,90001201,1,0,0,0,0,0,76380
F,90001600,0,0,0,0,0,0,76380
F,90000000,0,0,0,0,0,0,76440
F,90000001,1,0,0,0,0,0,76440
F,90000200,0,0,0,0,0,0,76440
F,90000201,1,0,0,0,0,0,76440
F,90000400,0,0,0,0,0,0,76440
F,90000401,1,0,0,0,0,0,76440
F,90000800,0,0,0,0,0,0,76440
F,90001000,0,0,0,0,0,0,76440
F,90001200,0,0,0,0,0,0,76440
F,90001201,1,0,0,0,0,0,76440
F,90001600,0,0,0,0,0,0,76440
F,90000000,0,0,0,0,0,0,76500
F,90000001,1,0,0,0,0,0,76500
F,90000200,0,0,0,0,0,0,76500
F,90000201,1,0,0,0,0,0,76500
F,90000400,0,0,0,0,0,0,76500
F,90000401,1,0,0,0,0,0,76500
F,90000800,0,0,0,0,0,0,76500
F,90001000,0,0,0,0,0,0,76500
F,90001200,0,0,0,0,0,0,76500
F,90001201,1,0,0,0,0,0,76500
F,90001600,0,0,0,0,0,0,76500
F,90000000,0,0,0,0,0,0,76560
F,90000001,1,0,0,0,0,0,76560
F,90000200,0,0,0,0,0,0,76560
F,90000201,1,0,0,0,0,0,76560
F,90000400,0,0,0,0,0,0,76560
F,90000401,1,0,0,0,0,0,76560
F,90000800,0,0,0,0,0,0,76560
F,90001000,0,0,0,0,0,0,76560
F,90001200,0,0,0,0,0,0,76560
F,90001201,1,0,0,0,0,0,76560
F,90001600,0,0,0,0,0,0,76560
F,90000000,0,90,1,1,0,0,76620
F,90000001,1,0,1,0,0,0,76620
F,90000200,0,0,0,0,0,0,76620
F,90000201,1,0,0,0,0,0,76620
F,90000400,0,0,0,0,0,0,76620
F,90000401,1,0,0,0,0,0,76620
F,90000800,0,0,0,0,0,0,76620
F,90001000,0,0,0,0,0,0,76620
F,90001200,0,0,0,0,0,0,76620
F,90001201,1,0,0,0,0,0,76620
F,90001600,0,0,0,0,0,0,76620
F,90000000,0,90,1,1,0,0,76680
F,90000001,1,0,1,0,0,0,76680
F,90000200,0,0,0,0,0,0,76680
F,90000201,1,0,0,0,0,0,76680
F,90000400,0,0,0,0,0,0,76680
F,90000401,1,0,0,0,0,0,76680
F,90000800,0,0,0,0,0,0,76680
F,90001000,0,0,0,0,0,0,76680
F,90001200,0,0,0,0,0,0,76680
F,90001201,1,0,0,0,0,0,76680
F,90001600,0,0,0,0,0,0,76680
F,90000000,0,90,1,1,0,0,76740
F,90000001,1,0,1,0,0,0,76740
F,90000200,0,0,0,0,0,0,76740
F,90000201,1,0,0,0,0,0,76740
F,90000400,0,0,0,0,0,0,76740
F,90000401,1,0,0,0,0,0,76740
F,90000800,0,0,0,0,0,0,76740
F,90001000,0,0,0,0,0,0,76740
F,90001200,0,0,0,0,0,0,76740
F,90001201,1,0,0,0,0,0,76740
F,90001600,0,0,0,0,0,0,76740
F,90000000,0,90,1,1,0,0,76800
F,90000001,1,0,1,0,0,0,76800
F,90000200,0,90,1,1,0,0,76800
F,90000201,1,0,1,0,0,0,76800
F,90000400,0,0,0,0,0,0,76800
F,90000401,1,0,0,0,0,0,76800
F,90000800,0,0,0,0,0,0,76800
F,90001000,0,0,0,0,0,0,76800
F,90001200,0,0,0,0,0,0,76800
F,90001201,1,0,0,0,0,0,76800
F,90001600,0,0,0,0,0,0,76800
F,90000000,0,90,1,1,0,0,76860
F,90000001,1,0,1,0,0,0,76860
F,90000200,0,90,1,1,0,0,76860
F,90000201,1,0,1,0,0,0,76860
F,90000400,0,0,0,0,0,0,76860
F,90000401,1,0,0,0,0,0,76860
F,90000800,0,0,0,0,0,0,76860
F,90001000,0,0,0,0,0,0,76860
F,90001200,0,0,0,0,0,0,76860
F,90001201,1,0,0,0,0,0,76860
F,90001600,0,0,0,0,0,0,76860
F,90000000,0,90,1,1,0,0,76920
F,90000001,1,0,1,0,0,0,76920
F,90000200,0,90,1,1,0,0,76920
F,90000201,1,0,1,0,0,0,76920
F,90000400,0,0,0,0,0,0,76920
F,90000401,1,0,0,0,0,0,76920
F,90000800,0,0,0,0,0,0,76920
F,90001000,0,0,0,0,0,0,76920
F,90001200,0,0,0,0,0,0,76920
F,90001201,1,0,0,0,0,0,76920
F,90001600,0,0,0,0,0,0,76920
F,90000000,0,90,1,1,0,0,76980
F,90000001,1,0,1,0,0,0,76980
F,90000200,0,90,1,1,0,0,76980
F,90000201,1,0,1,0,0,0,76980
F,90000400,0,0,0,0,0,0,76980
F,90000401,1,0,0,0,0,0,76980
F,90000800,0,0,0,0,0,0,76980
F,90001000,0,0,0,0,0,0,76980
F,90001200,0,0,0,0,0,0,76980
F,90001201,1,0,0,0,0,0,76980
F,90001600,0,0,0,0,0,0,76980
F,90000000,0,90,1,1,0,0,77040
F,90000001,1,0,1,0,0,0,77040
F,90000200,0,90,1,1,0,0,77040
F,90000201,1,0,1,0,0,0,77040
F,90000400,0,0,0,0,0,0,77040
F,90000401,1,0,0,0,0,0,77040
F,90000800,0,0,0,0,0,0,77040
F,90001000,0,0,0,0,0,0,77040
F,90001200,0,0,0,0,0,0,77040
F,90001201,1,0,0,0,0,0,77040
F,90001600,0,0,0,0,0,0,77040
F,90000000,0,90,1,1,0,0,77100
F,90000001,1,0,1,0,0,0,77100
F,90000200,0,90,1,1,0,0,77100
F,90000201,1,0,1,0,0,0,77100
F,90000400,0,0,0,0,0,0,77100
F,90000401,1,0,0,0,0,0,77100
F,90000800,0,0,0,0,0,0,77100
F,90001000,0,0,0,0,0,0,77100
F,90001200,0,0,0,0,0,0,77100
F,90001201,1,0,0,0,0,0,77100
F,90001600,0,0,0,0,0,0,77100
F,90000000,0,90,1,1,0,0,77160
F,90000001,1,0,1,0,0,0,77160
F,90000200,0,90,1,1,0,0,77160
F,90000201,1,0,1,0,0,0,77160
F,90000400,0,0,0,0,0,0,77160
F,90000401,1,0,0,0,0,0,77160
F,90000800,0,0,0,0,0,0,77160
F,90001000,0,0,0,0,0,0,77160
F,90001200,0,0,0,0,0,0,77160
F,90001201,1,0,0,0,0,0,77160
F,90001600,0,0,0,0,0,0,77160
F,90000000,0,90,1,1,0,0,77220
F,90000001,1,0,1,0,0,0,77220
F,90000200,0,90,1,1,0,0,77220
F,90000201,1,0,1,0,0,0,77220
F,90000400,0,0,0,0,0,0,77220
F,90000401,1,0,0,0,0,0,77220
F,90000800,0,0,0,0,0,0,77220
F,90001000,0,0,0,0,0,0,77220
F,90001200,0,0,0,0,0,0,77220
F,90001201,1,0,0,0,0,0,77220
F,90001600,0,0,0,0,0,0,77220
F,90000000,0,90,1,1,0,0,77280
F,90000001,1,0,1,0,0,0,77280
F,90000200,0,90,1,1,0,0,77280
F,90000201,1,0,1,0,0,0,77280
F,90000400,0,0,0,0,0,0,77280
F,90000401,1,0,0,0,0,0,77280
F,90000800,0,0,0,0,0,0,77280
F,90001000,0,0,0,0,0,0,77280
F,90001200,0,0,0,0,0,0,77280
F,90001201,1,0,0,0,0,0,77280
F,90001600,0,0,0,0,0,0,77280
F,90000000,0,90,1,1,0,0,77340
F,90000001,1,0,1,0,0,0,77340
F,90000200,0,90,1,1,0,0,77340
F,90000201,1,0,1,0,0,0,77340
F,90000400,0,0,0,0,0,0,77340
F,90000401,1,0,0,0,0,0,77340
F,90000800,0,0,0,0,0,0,77340
F,90001000,0,0,0,0,0,0,77340
F,90001200,0,0,0,0,0,0,77340
F,90001201,1,0,0,0,0,0,77340
F,90001600,0,0,0,0,0,0,77340
F,90000000,0,90,1,1,0,0,77400
F,90000001,1,0,1,0,0,0,77400
F,90000200,0,90,1,1,0,0,77400
F,90000201,1,0,1,0,0,0,77400
F,90000400,0,0,0,0,0,0,77400
F,90000401,1,0,0,0,0,0,77400
F,90000800,0,0,0,0,0,0,77400
F,90001000,0,0,0,0,0,0,77400
F,90001200,0,0,0,0,0,0,77400
F,90001201,1,0,0,0,0,0,77400
F,90001600,0,0,0,0,0,0,77400
F,90000000,0,90,1,1,0,0,77460
F,90000001,1,0,1,0,0,0,77460
F,90000200,0,90,1,1,0,0,77460
F,90000201,1,0,1,0,0,0,77460
F,90000400,0,0,0,0,0,0,77460
F,90000401,1,0,0,0,0,0,77460
F,90000800,0,0,0,0,0,0,77460
F,90001000,0,0,0,0,0,0,77460
F,90001200,0,0,0,0,0,0,77460
F,90001201,1,0,0,0,0,0,77460
F,90001600,0,0,0,0,0,0,77460
F,90000000,0,90,1,1,0,0,77520
F,90000001,1,0,1,0,0,0,77520
F,90000200,0,90,1,1,0,0,77520
F,90000201,1,0,1,0,0,0,77520
F,90000400,0,0,0,0,0,0,77520
F,90000401,1,0,0,0,0,0,77520
F,90000800,0,0,0,0,0,0,77520
F,90001000,0,0,0,0,0,0,77520
F,90001200,0,0,0,0,0,0,77520
F,90001201,1,0,0,0,0,0,77520
F,90001600,0,0,0,0,0,0,77520
F,90000000,0,90,1,1,0,0,77580
F,90000001,1,0,1,0,0,0,77580
F,90000200,0,90,1,1,0,0,77580
F,90000201,1,0,1,0,0,0,77580
F,90000400,0,0,0,0,0,0,77580
F,90000401,1,0,0,0,0,0,77580
F,90000800,0,0,0,0,0,0,77580
F,90001000,0,0,0,0,0,0,77580
F,90001200,0,0,0,0,0,0,77580
F,90001201,1,0,0,0,0,0,77580
F,90001600,0,0,0,0,0,0,77580
F,90000000,0,90,1,1,0,0,77640
F,90000001,1,0,1,0,0,0,77640
F,90000200,0,90,1,1,0,0,77640
F,90000201,1,0,1,0,0,0,77640
F,90000400,0,0,0,0,0,0,77640
F,90000401,1,0,0,0,0,0,77640
F,90000800,0,0,0,0,0,0,77640
F,90001000,0,0,0,0,0,0,77640
F,90001200,0,0,0,0,0,0,77640
F,90001201,1,0,0,0,0,0,77640
F,90001600,0,0,0,0,0,0,77640
F,90000000,0,90,1,1,0,0,77700
F,90000001,1,0,1,0,0,0,77700
F,90000200,0,90,1,1,0,0,77700
F,90000201,1,0,1,0,0,0,77700
F,90000400,0,0,0,0,0,0,77700
F,90000401,1,0,0,0,0,0,77700
F,90000800,0,0,0,0,0,0,77700
F,90001000,0,0,0,0,0,0,77700
F,90001200,0,0,0,0,0,0,77700
F,90001201,1,0,0,0,0,0,77700
F,90001600,0,0,0,0,0,0,77700
F,90000000,0,90,1,1,0,0,77760
F,90000001,1,0,1,0,0,0,77760
F,90000200,0,90,1,1,0,0,77760
F,90000201,1,0,1,0,0,0,77760
F,90000400,0,0,0,0,0,0,77760
F,90000401,1,0,0,0,0,0,77760
F,90000800,0,0,0,0,0,0,77760
F,90001000,0,0,0,0,0,0,77760
F,90001200,0,0,0,0,0,0,77760
F,90001201,1,0,0,0,0,0,77760
F,90001600,0,0,0,0,0,0,77760
F,90000000,0,90,1,1,0,0,77820
F,90000001,1,0,1,0,0,0,77820
F,90000200,0,90,1,1,0,0,77820
F,90000201,1,0,1,0,0,0,77820
F,90000400,0,0,0,0,0,0,77820
F,90000401,1,0,0,0,0,0,77820
F,90000800,0,0,0,0,0,0,77820
F,90001000,0,0,0,0,0,0,77820
F,90001200,0,0,0,0,0,0,77820
F,90001201,1,0,0,0,0,0,77820
F,90001600,0,0,0,0,0,0,77820
F,90000000,0,90,1,1,0,0,77880
F,90000001,1,0,1,0,0,0,77880
F,90000200,0,90,1,1,0,0,77880
F,90000201,1,0,1,0,0,0,77880
F,90000400,0,0,0,0,0,0,77880
F,90000401,1,0,0,0,0,0,77880
F,90000800,0,0,0,0,0,0,77880
F,90001000,0,0,0,0,0,0,77880
F,90001200,0,0,0,0,0,0,77880
F,90001201,1,0,0,0,0,0,77880
F,90001600,0,0,0,0,0,0,77880
F,90000000,0,90,1,1,0,0,77940
F,90000001,1,0,1,0,0,0,77940
F,90000200,0,90,1,1,0,0,77940
F,90000201,1,0,1,0,0,0,77940
F,90000400,0,0,0,0,0,0,77940
F,90000401,1,0,0,0,0,0,77940
F,90000800,0,0,0,0,0,0,77940
F,90001000,0,0,0,0,0,0,77940
F,90001200,0,0,0,0,0,0,77940
F,90001201,1,0,0,0,0,0,77940
F,90001600,0,0,0,0,0,0,77940
F,90000000,0,90,1,1,0,0,78000
F,90000001,1,0,1,0,0,0,78000
F,90000200,0,90,1,1,0,0,78000
F,90000201,1,0,1,0,0,0,78000
F,90000400,0,0,0,0,0,0,78000
F,90000401,1,0,0,0,0,0,78000
F,90000800,0,0,0,0,0,0,78000
F,90001000,0,0,0,0,0,0,78000
F,90001200,0,0,0,0,0,0,78000
F,90001201,1,0,0,0,0,0,78000
F,90001600,0,0,0,0,0,0,78000
F,90000000,0,0,0,0,0,0,78060
F,90000001,1,0,0,0,0,0,78060
F,90000200,0,90,1,1,0,0,78060
F,90000201,1,0,1,0,0,0,78060
F,90000400,0,0,0,0,0,0,78060
F,90000401,1,0,0,0,0,0,78060
F,90000800,0,0,0,0,0,0,78060
F,90001000,0,0,0,0,0,0,78060
F,90001200,0,0,0,0,0,0,78060
F,90001201,1,0,0,0,0,0,78060
F,90001600,0,0,0,0,0,0,78060
F,90000000,0,0,0,0,0,0,78120
F,90000001,1,0,0,0,0,0,78120
F,90000200,0,90,1,1,0,0,78120
F,90000201,1,0,1,0,0,0,78120
F,90000400,0,0,0,0,0,0,78120
F,90000401,1,0,0,0,0,0,78120
F,90000800,0,0,0,0,0,0,78120
F,90001000,0,0,0,0,0,0,78120
F,90001200,0,0,0,0,0,0,78120
F,90001201,1,0,0,0,0,0,78120
F,90001600,0,0,0,0,0,0,78120
F,90000000,0,0,0,0,0,0,78180
F,90000001,1,0,0,0,0,0,78180
F,90000200,0,90,1,1,0,0,78180
F,90000201,1,0,1,0,0,0,78180
F,90000400,0,0,0,0,0,0,78180
F,90000401,1,0,0,0,0,0,78180
F,90000800,0,0,0,0,0,0,78180
F,90001000,0,0,0,0,0,0,78180
F,90001200,0,0,0,0,0,0,78180
F,90001201,1,0,0,0,0,0,78180
F,90001600,0,0,0,0,0,0,78180
F,90000000,0,0,0,0,0,0,78240
F,90000001,1,0,0,0,0,0,78240
F,90000200,0,0,0,0,0,0,78240
F,90000201,1,0,0,0,0,0,78240
F,90000400,0,0,0,0,0,0,78240
F,90000401,1,0,0,0,0,0,78240
F,90000800,0,0,0,0,0,0,78240
F,90001000,0,0,0,0,0,0,78240
F,90001200,0,0,0,0,0,0,78240
F,90001201,1,0,0,0,0,0,78240
F,90001600,0,0,0,0,0,0,78240
F,90000000,0,0,0,0,0,0,78300
F,90000001,1,0,0,0,0,0,78300
F,90000200,0,0,0,0,0,0,78300
F,90000201,1,0,0,0,0,0,78300
F,90000400,0,0,0,0,0,0,78300
F,90000401,1,0,0,0,0,0,78300
F,90000800,0,0,0,0,0,0,78300
F,90001000,0,0,0,0,0,0,78300
F,90001200,0,0,0,0,0,0,78300
F,90001201,1,0,0,0,0,0,78300
F,90001600,0,0,0,0,0,0,78300
F,90000000,0,0,0,0,0,0,78360
F,90000001,1,0,0,0,0,0,78360
F,90000200,0,0,0,0,0,0,78360
F,90000201,1,0,0,0,0,0,78360
F,90000400,0,0,0,0,0,0,78360
F,90000401,1,0,0,0,0,0,78360
F,90000800,0,0,0,0,0,0,78360
F,90001000,0,0,0,0,0,0,78360
F,90001200,0,0,0,0,0,0,78360
F,90001201,1,0,0,0,0,0,78360
F,90001600,0,0,0,0,0,0,78360
F,90000000,0,0,0,0,0,0,78420
F,90000001,1,0,0,0,0,0,78420
F,90000200,0,0,0,0,0,0,78420
F,90000201,1,0,0,0,0,0,78420
F,90000400,0,0,0,0,0,0,78420
F,90000401,1,0,0,0,0,0,78420
F,90000800,0,0,0,0,0,0,78420
F,90001000,0,0,0,0,0,0,78420
F,90001200,0,0,0,0,0,0,78420
F,90001201,1,0,0,0,0,0,78420
F,90001600,0,0,0,0,0,0,78420
F,90000000,0,0,0,0,0,0,78480
F,90000001,1,0,0,0,0,0,78480
F,90000200,0,0,0,0,0,0,78480
F,90000201,1,0,0,0,0,0,78480
F,90000400,0,0,0,0,0,0,78480
F,90000401,1,0,0,0,0,0,78480
F,90000800,0,0,0,0,0,0,78480
F,90001000,0,0,0,0,0,0,78480
F,90001200,0,0,0,0,0,0,78480
F,90001201,1,0,0,0,0,0,78480
F,90001600,0,0,0,0,0,0,78480
F,90000000,0,0,0,0,0,0,78540
F,90000001,1,0,0,0,0,0,78540
F,90000200,0,0,0,0,0,0,78540
F,90000201,1,0,0,0,0,0,78540
F,90000400,0,0,0,0,0,0,78540
F,90000401,1,0,0,0,0,0,78540
F,90000800,0,0,0,0,0,0,78540
F,90001000,0,0,0,0,0,0,78540
F,90001200,0,0,0,0,0,0,78540
F,90001201,1,0,0,0,0,0,78540
F,90001600,0,0,0,0,0,0,78540
F,90000000,0,0,0,0,0,0,78600
F,90000001,1,0,0,0,0,0,78600
F,90000200,0,0,0,0,0,0,78600
F,90000201,1,0,0,0,0,0,78600
F,90000400,0,0,0,0,0,0,78600
F,90000401,1,0,0,0,0,0,78600
F,90000800,0,0,0,0,0,0,78600
F,90001000,0,0,0,0,0,0,78600
F,90001200,0,0,0,0,0,0,78600
F,90001201,1,0,0,0,0,0,78600
F,90001600,0,0,0,0,0,0,78600
F,90000000,0,0,0,0,0,0,78660
F,90000001,1,0,0,0,0,0,78660
F,90000200,0,0,0,0,0,0,78660
F,90000201,1,0,0,0,0,0,78660
F,90000400,0,0,0,0,0,0,78660
F,90000401,1,0,0,0,0,0,78660
F,90000800,0,0,0,0,0,0,78660
F,90001000,0,0,0,0,0,0,78660
F,90001200,0,0,0,0,0,0,78660
F,90001201,1,0,0,0,0,0,78660
F,90001600,0,0,0,0,0,0,78660
F,90000000,0,0,0,0,0,0,78720
F,90000001,1,0,0,0,0,0,78720
F,90000200,0,0,0,0,0,0,78720
F,90000201,1,0,0,0,0,0,78720
F,90000400,0,0,0,0,0,0,78720
F,90000401,1,0,0,0,0,0,78720
F,90000800,0,0,0,0,0,0,78720
F,90001000,0,0,0,0,0,0,78720
F,90001200,0,0,0,0,0,0,78720
F,90001201,1,0,0,0,0,0,78720
F,90001600,0,0,0,0,0,0,78720
F,90000000,0,0,0,0,0,0,78780
F,90000001,1,0,0,0,0,0,78780
F,90000200,0,0,0,0,0,0,78780
F,90000201,1,0,0,0,0,0,78780
F,90000400,0,0,0,0,0,0,78780
F,90000401,1,0,0,0,0,0,78780
F,90000800,0,0,0,0,0,0,78780
F,90001000,0,0,0,0,0,0,78780
F,90001200,0,0,0,0,0,0,78780
F,90001201,1,0,0,0,0,0,78780
F,90001600,0,0,0,0,0,0,78780
F,90000000,0,0,0,0,0,0,78840
F,90000001,1,0,0,0,0,0,78840
F,90000200,0,0,0,0,0,0,78840
F,90000201,1,0,0,0,0,0,78840
F,90000400,0,0,0,0,0,0,78840
F,90000401,1,0,0,0,0,0,78840
F,90000800,0,0,0,0,0,0,78840
F,90001000,0,0,0,0,0,0,78840
F,90001200,0,0,0,0,0,0,78840
F,90001201,1,0,0,0,0,0,78840
F,90001600,0,0,0,0,0,0,78840
F,90000000,0,0,0,0,0,0,78900
F,90000001,1,0,0,0,0,0,78900
F,90000200,0,0,0,0,0,0,78900
F,90000201,1,0,0,0,0,0,78900
F,90000400,0,0,0,0,0,0,78900
F,90000401,1,0,0,0,0,0,78900
F,90000800,0,0,0,0,0,0,78900
F,90001000,0,0,0,0,0,0,78900
F,90001200,0,0,0,0,0,0,78900
F,90001201,1,0,0,0,0,0,78900
F,90001600,0,0,0,0,0,0,78900
F,90000000,0,0,0,0,0,0,78960
F,90000001,1,0,0,0,0,0,78960
F,90000200,0,0,0,0,0,0,78960
F,90000201,1,0,0,0,0,0,78960
F,90000400,0,0,0,0,0,0,78960
F,90000401,1,0,0,0,0,0,78960
F,90000800,0,0,0,0,0,0,78960
F,90001000,0,0,0,0,0,0,78960
F,90001200,0,0,0,0,0,0,78960
F,90001201,1,0,0,0,0,0,78960
F,90001600,0,0,0,0,0,0,78960
F,90000000,0,0,0,0,0,0,79020
F,90000001,1,0,0,0,0,0,79020
F,90000200,0,0,0,0,0,0,79020
F,90000201,1,0,0,0,0,0,79020
F,90000400,0,0,0,0,0,0,79020
F,90000401,1,0,0,0,0,0,79020
F,90000800,0,0,0,0,0,0,79020
F,90001000,0,0,0,0,0,0,79020
F,90001200,0,0,0,0,0,0,79020
F,90001201,1,0,0,0,0,0,79020
F,90001600,0,0,0,0,0,0,79020
F,90000000,0,0,0,0,0,0,79080
F,90000001,1,0,0,0,0,0,79080
F,90000200,0,0,0,0,0,0,79080
F,90000201,1,0,0,0,0,0,79080
F,90000400,0,0,0,0,0,0,79080
F,90000401,1,0,0,0,0,0,79080
F,90000800,0,0,0,0,0,0,79080
F,90001000,0,0,0,0,0,0,79080
F,90001200,0,0,0,0,0,0,79080
F,90001201,1,0,0,0,0,0,79080
F,90001600,0,0,0,0,0,0,79080
F,90000000,0,0,0,0,0,0,79140
F,90000001,1,0,0,0,0,0,79140
F,90000200,0,0,0,0,0,0,79140
F,90000201,1,0,0,0,0,0,79140
F,90000400,0,0,0,0,0,0,79140
F,90000401,1,0,0,0,0,0,79140
F,90000800,0,0,0,0,0,0,79140
F,90001000,0,0,0,0,0,0,79140
F,90001200,0,0,0,0,0,0,79140
F,90001201,1,0,0,0,0,0,79140
F,90001600,0,0,0,0,0,0,79140
F,90000000,0,0,0,0,0,0,79200
F,90000001,1,0,0,0,0,0,79200
F,90000200,0,0,0,0,0,0,79200
F,90000201,1,0,0,0,0,0,79200
F,90000400,0,0,0,0,0,0,79200
F,90000401,1,0,0,0,0,0,79200
F,90000800,0,0,0,0,0,0,79200
F,90001000,0,0,0,0,0,0,79200
F,90001200,0,0,0,0,0,0,79200
F,90001201,1,0,0,0,0,0,79200
F,90001600,0,0,0,0,0,0,79200
F,90000000,0,0,0,0,0,0,79260
F,90000001,1,0,0,0,0,0,79260
F,90000200,0,0,0,0,0,0,79260
F,90000201,1,0,0,0,0,0,79260
F,90000400,0,0,0,0,0,0,79260
F,90000401,1,0,0,0,0,0,79260
F,90000800,0,0,0,0,0,0,79260
F,90001000,0,0,0,0,0,0,79260
F,90001200,0,0,0,0,0,0,79260
F,90001201,1,0,0,0,0,0,79260
F,90001600,0,0,0,0,0,0,79260
F,90000000,0,0,0,0,0,0,79320
F,90000001,1,0,0,0,0,0,79320
F,90000200,0,0,0,0,0,0,79320
F,90000201,1,0,0,0,0,0,79320
F,90000400,0,0,0,0,0,0,79320
F,90000401,1,0,0,0,0,0,79320
F,90000800,0,0,0,0,0,0,79320
F,90001000,0,0,0,0,0,0,79320
F,90001200,0,0,0,0,0,0,79320
F,90001201,1,0,0,0,0,0,79320
F,90001600,0,0,0,0,0,0,79320
F,90000000,0,0,0,0,0,0,79380
F,90000001,1,0,0,0,0,0,79380
F,90000200,0,0,0,0,0,0,79380
F,90000201,1,0,0,0,0,0,79380
F,90000400,0,0,0,0,0,0,79380
F,90000401,1,0,0,0,0,0,79380
F,90000800,0,0,0,0,0,0,79380
F,90001000,0,0,0,0,0,0,79380
F,90001200,0,0,0,0,0,0,79380
F,90001201,1,0,0,0,0,0,79380
F,90001600,0,0,0,0,0,0,79380
F,90000000,0,0,0,0,0,0,79440
F,90000001,1,0,0,0,0,0,79440
F,90000200,0,0,0,0,0,0,79440
F,90000201,1,0,0,0,0,0,79440
F,90000400,0,0,0,0,0,0,79440
F,90000401,1,0,0,0,0,0,79440
F,90000800,0,0,0,0,0,0,79440
F,90001000,0,0,0,0,0,0,79440
F,90001200,0,0,0,0,0,0,79440
F,90001201,1,0,0,0,0,0,79440
F,90001600,0,0,0,0,0,0,79440
F,90000000,0,0,0,0,0,0,79500
F,90000001,1,0,0,0,0,0,79500
F,90000200,0,0,0,0,0,0,79500
F,90000201,1,0,0,0,0,0,79500
F,90000400,0,0,0,0,0,0,79500
F,90000401,1,0,0,0,0,0,79500
F,90000800,0,0,0,0,0,0,79500
F,90001000,0,0,0,0,0,0,79500
F,90001200,0,0,0,0,0,0,79500
F,90001201,1,0,0,0,0,0,79500
F,90001600,0,0,0,0,0,0,79500
F,90000000,0,0,0,0,0,0,79560
F,90000001,1,0,0,0,0,0,79560
F,90000200,0,0,0,0,0,0,79560
F,90000201,1,0,0,0,0,0,79560
F,90000400,0,0,0,0,0,0,79560
F,90000401,1,0,0,0,0,0,79560
F,90000800,0,0,0,0,0,0,79560
F,90001000,0,0,0,0,0,0,79560
F,90001200,0,0,0,0,0,0,79560
F,90001201,1,0,0,0,0,0,79560
F,90001600,0,0,0,0,0,0,79560
F,90000000,0,0,0,0,0,0,79620
F,90000001,1,0,0,0,0,0,79620
F,90000200,0,0,0,0,0,0,79620
F,90000201,1,0,0,0,0,0,79620
F,90000400,0,0,0,0,0,0,79620
F,90000401,1,0,0,0,0,0,79620
F,90000800,0,0,0,0,0,0,79620
F,90001000,0,0,0,0,0,0,79620
F,90001200,0,0,0,0,0,0,79620
F,90001201,1,0,0,0,0,0,79620
F,90001600,0,0,0,0,0,0,79620
F,90000000,0,0,0,0,0,0,79680
F,90000001,1,0,0,0,0,0,79680
F,90000200,0,0,0,0,0,0,79680
F,90000201,1,0,0,0,0,0,79680
F,90000400,0,0,0,0,0,0,79680
F,90000401,1,0,0,0,0,0,79680
F,90000800,0,0,0,0,0,0,79680
F,90001000,0,0,0,0,0,0,79680
F,90001200,0,0,0,0,0,0,79680
F,90001201,1,0,0,0,0,0,79680
F,90001600,0,0,0,0,0,0,79680
F,90000000,0,0,0,0,0,0,79740
F,90000001,1,0,0,0,0,0,79740
F,90000200,0,0,0,0,0,0,79740
F,90000201,1,0,0,0,0,0,79740
F,90000400,0,0,0,0,0,0,79740
F,90000401,1,0,0,0,0,0,79740
F,90000800,0,0,0,0,0,0,79740
F,90001000,0,0,0,0,0,0,79740
F,90001200,0,0,0,0,0,0,79740
F,90001201,1,0,0,0,0,0,79740
F,90001600,0,0,0,0,0,0,79740
F,90000000,0,0,0,0,0,0,79800
F,90000001,1,0,0,0,0,0,79800
F,90000200,0,0,0,0,0,0,79800
F,90000201,1,0,0,0,0,0,79800
F,90000400,0,0,0,0,0,0,79800
F,90000401,1,0,0,0,0,0,79800
F,90000800,0,0,0,0,0,0,79800
F,90001000,0,0,0,0,0,0,79800
F,90001200,0,0,0,0,0,0,79800
F,90001201,1,0,0,0,0,0,79800
F,90001600,0,0,0,0,0,0,79800
F,90000000,0,0,0,0,0,0,79860
F,90000001,1,0,0,0,0,0,79860
F,90000200,0,0,0,0,0,0,79860
F,90000201,1,0,0,0,0,0,79860
F,90000400,0,0,0,0,0,0,79860
F,90000401,1,0,0,0,0,0,79860
F,90000800,0,0,0,0,0,0,79860
F,90001000,0,0,0,0,0,0,79860
F,90001200,0,0,0,0,0,0,79860
F,90001201,1,0,0,0,0,0,79860
F,90001600,0,0,0,0,0,0,79860
F,90000000,0,0,0,0,0,0,79920
F,90000001,1,0,0,0,0,0,79920
F,90000200,0,0,0,0,0,0,79920
F,90000201,1,0,0,0,0,0,79920
F,90000400,0,90,1,1,0,0,79920
F,90000401,1,0,1,0,0,0,79920
F,90000800,0,0,0,0,0,0,79920
F,90001000,0,0,0,0,0,0,79920
F,90001200,0,0,0,0,0,0,79920
F,90001201,1,0,0,0,0,0,79920
F,90001600,0,0,0,0,0,0,79920
F,90000000,0,0,0,0,0,0,79980
F,90000001,1,0,0,0,0,0,79980
F,90000200,0,0,0,0,0,0,79980
F,90000201,1,0,0,0,0,0,79980
F,90000400,0,90,1,1,0,0,79980
F,90000401,1,0,1,0,0,0,79980
F,90000800,0,0,0,0,0,0,79980
F,90001000,0,0,0,0,0,0,79980
F,90001200,0,0,0,0,0,0,79980
F,90001201,1,0,0,0,0,0,79980
F,90001600,0,0,0,0,0,0,79980
F,90000000,0,0,0,0,0,0,80040
F,90000001,1,0,0,0,0,0,80040
F,90000200,0,0,0,0,0,0,80040
F,90000201,1,0,0,0,0,0,80040
F,90000400,0,90,1,1,0,0,80040
F,90000401,1,0,1,0,0,0,80040
F,90000800,0,0,0,0,0,0,80040
F,90001000,0,0,0,0,0,0,80040
F,90001200,0,0,0,0,0,0,80040
F,90001201,1,0,0,0,0,0,80040
F,90001600,0,0,0,0,0,0,80040
F,90000000,0,0,0,0,0,0,80100
F,90000001,1,0,0,0,0,0,80100
F,90000200,0,0,0,0,0,0,80100
F,90000201,1,0,0,0,0,0,80100
F,90000400,0,90,1,1,0,0,80100
F,90000401,1,0,1,0,0,0,80100
F,90000800,0,0,0,0,0,0,80100
F,90001000,0,0,0,0,0,0,80100
F,90001200,0,0,0,0,0,0,80100
F,90001201,1,0,0,0,0,0,80100
F,90001600,0,0,0,0,0,0,80100
F,90000000,0,0,0,0,0,0,80160
F,90000001,1,0,0,0,0,0,80160
F,90000200,0,0,0,0,0,0,80160
F,90000201,1,0,0,0,0,0,80160
F,90000400,0,90,1,1,0,0,80160
F,90000401,1,0,1,0,0,0,80160
F,90000800,0,0,0,0,0,0,80160
F,90001000,0,0,0,0,0,0,80160
F,90001200,0,0,0,0,0,0,80160
F,90001201,1,0,0,0,0,0,80160
F,90001600,0,0,0,0,0,0,80160
F,90000000,0,0,0,0,0,0,80220
F,90000001,1,0,0,0,0,0,80220
F,90000200,0,0,0,0,0,0,80220
F,90000201,1,0,0,0,0,0,80220
F,90000400,0,90,1,1,0,0,80220
F,90000401,1,0,1,0,0,0,80220
F,90000800,0,0,0,0,0,0,80220
F,90001000,0,0,0,0,0,0,80220
F,90001200,0,0,0,0,0,0,80220
F,90001201,1,0,0,0,0,0,80220
F,90001600,0,0,0,0,0,0,80220
F,90000000,0,0,0,0,0,0,80280
F,90000001,1,0,0,0,0,0,80280
F,90000200,0,0,0,0,0,0,80280
F,90000201,1,0,0,0,0,0,80280
F,90000400,0,90,1,1,0,0,80280
F,90000401,1,0,1,0,0,0,80280
F,90000800,0,0,0,0,0,0,80280
F,90001000,0,0,0,0,0,0,80280
F,90001200,0,0,0,0,0,0,80280
F,90001201,1,0,0,0,0,0,80280
F,90001600,0,0,0,0,0,0,80280
F,90000000,0,0,0,0,0,0,80340
F,90000001,1,0,0,0,0,0,80340
F,90000200,0,0,0,0,0,0,80340
F,90000201,1,0,0,0,0,0,80340
F,90000400,0,90,1,1,0,0,80340
F,90000401,1,0,1,0,0,0,80340
F,90000800,0,0,0,0,0,0,80340
F,90001000,0,0,0,0,0,0,80340
F,90001200,0,0,0,0,0,0,80340
F,90001201,1,0,0,0,0,0,80340
F,90001600,0,0,0,0,0,0,80340
F,90000000,0,0,0,0,0,0,80400
F,90000001,1,0,0,0,0,0,80400
F,90000200,0,0,0,0,0,0,80400
F,90000201,1,0,0,0,0,0,80400
F,90000400,0,90,1,1,0,0,80400
F,90000401,1,0,1,0,0,0,80400
F,90000800,0,0,0,0,0,0,80400
F,90001000,0,0,0,0,0,0,80400
F,90001200,0,0,0,0,0,0,80400
F,90001201,1,0,0,0,0,0,80400
F,90001600,0,0,0,0,0,0,80400
F,90000000,0,0,0,0,0,0,80460
F,90000001,1,0,0,0,0,0,80460
F,90000200,0,0,0,0,0,0,80460
F,90000201,1,0,0,0,0,0,80460
F,90000400,0,90,1,1,0,0,80460
F,90000401,1,0,1,0,0,0,80460
F,90000800,0,0,0,0,0,0,80460
F,90001000,0,0,0,0,0,0,80460
F,90001200,0,0,0,0,0,0,80460
F,90001201,1,0,0,0,0,0,80460
F,90001600,0,0,0,0,0,0,80460
F,90000000,0,0,0,0,0,0,80520
F,90000001,1,0,0,0,0,0,80520
F,90000200,0,0,0,0,0,0,80520
F,90000201,1,0,0,0,0,0,80520
F,90000400,0,90,1,1,0,0,80520
F,90000401,1,0,1,0,0,0,80520
F,90000800,0,0,0,0,0,0,80520
F,90001000,0,0,0,0,0,0,80520
F,90001200,0,0,0,0,0,0,80520
F,90001201,1,0,0,0,0,0,80520
F,90001600,0,0,0,0,0,0,80520
F,90000000,0,0,0,0,0,0,80580
F,90000001,1,0,0,0,0,0,80580
F,90000200,0,0,0,0,0,0,80580
F,90000201,1,0,0,0,0,0,80580
F,90000400,0,90,1,1,0,0,80580
F,90000401,1,0,1,0,0,0,80580
F,90000800,0,0,0,0,0,0,80580
F,90001000,0,0,0,0,0,0,80580
F,90001200,0,0,0,0,0,0,80580
F,90001201,1,0,0,0,0,0,80580
F,90001600,0,0,0,0,0,0,80580
F,90000000,0,0,0,0,0,0,80640
F,90000001,1,0,0,0,0,0,80640
F,90000200,0,0,0,0,0,0,80640
F,90000201,1,0,0,0,0,0,80640
F,90000400,0,90,1,1,0,0,80640
F,90000401,1,0,1,0,0,0,80640
F,90000800,0,0,0,0,0,0,80640
F,90001000,0,0,0,0,0,0,80640
F,90001200,0,0,0,0,0,0,80640
F,90001201,1,0,0,0,0,0,80640
F,90001600,0,0,0,0,0,0,80640
F,90000000,0,0,0,0,0,0,80700
F,90000001,1,0,0,0,0,0,80700
F,90000200,0,0,0,0,0,0,80700
F,90000201,1,0,0,0,0,0,80700
F,90000400,0,90,1,1,0,0,80700
F,90000401,1,0,1,0,0,0,80700
F,90000800,0,0,0,0,0,0,80700
F,90001000,0,0,0,0,0,0,80700
F,90001200,0,0,0,0,0,0,80700
F,90001201,1,0,0,0,0,0,80700
F,90001600,0,0,0,0,0,0,80700
F,90000000,0,90,1,1,0,0,80760
F,90000001,1,0,1,0,0,0,80760
F,90000200,0,0,0,0,0,0,80760
F,90000201,1,0,0,0,0,0,80760
F,90000400,0,90,1,1,0,0,80760
F,90000401,1,0,1,0,0,0,80760
F,90000800,0,0,0,0,0,0,80760
F,90001000,0,0,0,0,0,0,80760
F,90001200,0,0,0,0,0,0,80760
F,90001201,1,0,0,0,0,0,80760
F,90001600,0,0,0,0,0,0,80760
F,90000000,0,90,1,1,0,0,80820
F,90000001,1,0,1,0,0,0,80820
F,90000200,0,0,0,0,0,0,80820
F,90000201,1,0,0,0,0,0,80820
F,90000400,0,90,1,1,0,0,80820
F,90000401,1,0,1,0,0,0,80820
F,90000800,0,0,0,0,0,0,80820
F,90001000,0,0,0,0,0,0,80820
F,90001200,0,0,0,0,0,0,80820
F,90001201,1,0,0,0,0,0,80820
F,90001600,0,0,0,0,0,0,80820
F,90000000,0,90,1,1,0,0,80880
F,90000001,1,0,1,0,0,0,80880
F,90000200,0,0,0,0,0,0,80880
F,90000201,1,0,0,0,0,0,80880
F,90000400,0,90,1,1,0,0,80880
F,90000401,1,0,1,0,0,0,80880
F,90000800,0,0,0,0,0,0,80880
F,90001000,0,0,0,0,0,0,80880
F,90001200,0,0,0,0,0,0,80880
F,90001201,1,0,0,0,0,0,80880
F,90001600,0,0,0,0,0,0,80880
F,90000000,0,90,1,1,0,0,80940
F,90000001,1,0,1,0,0,0,80940
F,90000200,0,0,0,0,0,0,80940
F,90000201,1,0,0,0,0,0,80940
F,90000400,0,90,1,1,0,0,80940
F,90000401,1,0,1,0,0,0,80940
F,90000800,0,0,0,0,0,0,80940
F,90001000,0,0,0,0,0,0,80940
F,90001200,0,0,0,0,0,0,80940
F,90001201,1,0,0,0,0,0,80940
F,90001600,0,0,0,0,0,0,80940
F,90000000,0,90,1,1,0,0,81000
F,90000001,1,0,1,0,0,0,81000
F,90000200,0,0,0,0,0,0,81000
F,90000201,1,0,0,0,0,0,81000
F,90000400,0,90,1,1,0,0,81000
F,90000401,1,0,1,0,0,0,81000
F,90000800,0,0,0,0,0,0,81000
F,90001000,0,0,0,0,0,0,81000
F,90001200,0,0,0,0,0,0,81000
F,90001201,1,0,0,0,0,0,81000
F,90001600,0,0,0,0,0,0,81000
F,90000000,0,90,1,1,0,0,81060
F,90000001,1,0,1,0,0,0,81060
F,90000200,0,0,0,0,0,0,81060
F,90000201,1,0,0,0,0,0,81060
F,90000400,0,90,1,1,0,0,81060
F,90000401,1,0,1,0,0,0,81060
F,90000800,0,0,0,0,0,0,81060
F,90001000,0,0,0,0,0,0,81060
F,90001200,0,0,0,0,0,0,81060
F,90001201,1,0,0,0,0,0,81060
F,90001600,0,0,0,0,0,0,81060
F,90000000,0,90,1,1,0,0,81120
F,90000001,1,0,1,0,0,0,81120
F,90000200,0,0,0,0,0,0,81120
F,90000201,1,0,0,0,0,0,81120
F,90000400,0,90,1,1,0,0,81120
F,90000401,1,0,1,0,0,0,81120
F,90000800,0,0,0,0,0,0,81120
F,90001000,0,0,0,0,0,0,81120
F,90001200,0,0,0,0,0,0,81120
F,90001201,1,0,0,0,0,0,81120
F,90001600,0,0,0,0,0,0,81120
F,90000000,0,90,1,1,0,0,81180
F,90000001,1,0,1,0,0,0,81180
F,90000200,0,0,0,0,0,0,81180
F,90000201,1,0,0,0,0,0,81180
F,90000400,0,90,1,1,0,0,81180
F,90000401,1,0,1,0,0,0,81180
F,90000800,0,0,0,0,0,0,81180
F,90001000,0,0,0,0,0,0,81180
F,90001200,0,0,0,0,0,0,81180
F,90001201,1,0,0,0,0,0,81180
F,90001600,0,0,0,0,0,0,81180
F,90000000,0,90,1,1,0,0,81240
F,90000001,1,0,1,0,0,0,81240
F,90000200,0,0,0,0,0,0,81240
F,90000201,1,0,0,0,0,0,81240
F,90000400,0,90,1,1,0,0,81240
F,90000401,1,0,1,0,0,0,81240
F,90000800,0,0,0,0,0,0,81240
F,90001000,0,0,0,0,0,0,81240
F,90001200,0,0,0,0,0,0,81240
F,90001201,1,0,0,0,0,0,81240
F,90001600,0,0,0,0,0,0,81240
F,90000000,0,90,1,1,0,0,81300
F,90000001,1,0,1,0,0,0,81300
F,90000200,0,0,0,0,0,0,81300
F,90000201,1,0,0,0,0,0,81300
F,90000400,0,90,1,1,0,0,81300
F,90000401,1,0,1,0,0,0,81300
F,90000800,0,0,0,0,0,0,81300
F,90001000,0,0,0,0,0,0,81300
F,90001200,0,0,0,0,0,0,81300
F,90001201,1,0,0,0,0,0,81300
F,90001600,0,0,0,0,0,0,81300
F,90000000,0,90,1,1,0,0,81360
F,90000001,1,0,1,0,0,0,81360
F,90000200,0,0,0,0,0,0,81360
F,90000201,1,0,0,0,0,0,81360
F,90000400,0,0,0,0,0,0,81360
F,90000401,1,0,0,0,0,0,81360
F,90000800,0,0,0,0,0,0,81360
F,90001000,0,0,0,0,0,0,81360
F,90001200,0,0,0,0,0,0,81360
F,90001201,1,0,0,0,0,0,81360
F,90001600,0,0,0,0,0,0,81360
F,90000000,0,90,1,1,0,0,81420
F,90000001,1,0,1,0,0,0,81420
F,90000200,0,0,0,0,0,0,81420
F,90000201,1,0,0,0,0,0,81420
F,90000400,0,0,0,0,0,0,81420
F,90000401,1,0,0,0,0,0,81420
F,90000800,0,0,0,0,0,0,81420
F,90001000,0,0,0,0,0,0,81420
F,90001200,0,0,0,0,0,0,81420
F,90001201,1,0,0,0,0,0,81420
F,90001600,0,0,0,0,0,0,81420
F,90000000,0,90,1,1,0,0,81480
F,90000001,1,0,1,0,0,0,81480
F,90000200,0,0,0,0,0,0,81480
F,90000201,1,0,0,0,0,0,81480
F,90000400,0,0,0,0,0,0,81480
F,90000401,1,0,0,0,0,0,81480
F,90000800,0,0,0,0,0,0,81480
F,90001000,0,0,0,0,0,0,81480
F,90001200,0,0,0,0,0,0,81480
F,90001201,1,0,0,0,0,0,81480
F,90001600,0,0,0,0,0,0,81480
F,90000000,0,90,1,1,0,0,81540
F,90000001,1,0,1,0,0,0,81540
F,90000200,0,0,0,0,0,0,81540
F,90000201,1,0,0,0,0,0,81540
F,90000400,0,0,0,0,0,0,81540
F,90000401,1,0,0,0,0,0,81540
F,90000800,0,0,0,0,0,0,81540
F,90001000,0,0,0,0,0,0,81540
F,90001200,0,0,0,0,0,0,81540
F,90001201,1,0,0,0,0,0,81540
F,90001600,0,0,0,0,0,0,81540
F,90000000,0,90,1,1,0,0,81600
F,90000001,1,0,1,0,0,0,81600
F,90000200,0,0,0,0,0,0,81600
F,90000201,1,0,0,0,0,0,81600
F,90000400,0,0,0,0,0,0,81600
F,90000401,1,0,0,0,0,0,81600
F,90000800,0,0,0,0,0,0,81600
F,90001000,0,0,0,0,0,0,81600
F,90001200,0,0,0,0,0,0,81600
F,90001201,1,0,0,0,0,0,81600
F,90001600,0,0,0,0,0,0,81600
F,90000000,0,90,1,1,0,0,81660
F,90000001,1,0,1,0,0,0,81660
F,90000200,0,0,0,0,0,0,81660
F,90000201,1,0,0,0,0,0,81660
F,90000400,0,0,0,0,0,0,81660
F,90000401,1,0,0,0,0,0,81660
F,90000800,0,0,0,0,0,0,81660
F,90001000,0,0,0,0,0,0,81660
F,90001200,0,0,0,0,0,0,81660
F,90001201,1,0,0,0,0,0,81660
F,90001600,0,0,0,0,0,0,81660
F,90000000,0,90,1,1,0,0,81720
F,90000001,1,0,1,0,0,0,81720
F,90000200,0,0,0,0,0,0,81720
F,90000201,1,0,0,0,0,0,81720
F,90000400,0,0,0,0,0,0,81720
F,90000401,1,0,0,0,0,0,81720
F,90000800,0,0,0,0,0,0,81720
F,90001000,0,0,0,0,0,0,81720
F,90001200,0,0,0,0,0,0,81720
F,90001201,1,0,0,0,0,0,81720
F,90001600,0,0,0,0,0,0,81720
F,90000000,0,90,1,1,0,0,81780
F,90000001,1,0,1,0,0,0,81780
F,90000200,0,0,0,0,0,0,81780
F,90000201,1,0,0,0,0,0,81780
F,90000400,0,0,0,0,0,0,81780
F,90000401,1,0,0,0,0,0,81780
F,90000800,0,0,0,0,0,0,81780
F,90001000,0,0,0,0,0,0,81780
F,90001200,0,0,0,0,0,0,81780
F,90001201,1,0,0,0,0,0,81780
F,90001600,0,0,0,0,0,0,81780
F,90000000,0,90,1,1,0,0,81840
F,90000001,1,0,1,0,0,0,81840
F,90000200,0,0,0,0,0,0,81840
F,90000201,1,0,0,0,0,0,81840
F,90000400,0,0,0,0,0,0,81840
F,90000401,1,0,0,0,0,0,81840
F,90000800,0,0,0,0,0,0,81840
F,90001000,0,0,0,0,0,0,81840
F,90001200,0,0,0,0,0,0,81840
F,90001201,1,0,0,0,0,0,81840
F,90001600,0,0,0,0,0,0,81840
F,90000000,0,90,1,1,0,0,81900
F,90000001,1,0,1,0,0,0,81900
F,90000200,0,0,0,0,0,0,81900
F,90000201,1,0,0,0,0,0,81900
F,90000400,0,0,0,0,0,0,81900
F,90000401,1,0,0,0,0,0,81900
F,90000800,0,0,0,0,0,0,81900
F,90001000,0,0,0,0,0,0,81900
F,90001200,0,0,0,0,0,0,81900
F,90001201,1,0,0,0,0,0,81900
F,90001600,0,0,0,0,0,0,81900
F,90000000,0,90,2,1,0,0,81960
F,90000001,1,90,2,1,0,0,81960
F,90000200,0,0,0,0,0,0,81960
F,90000201,1,0,0,0,0,0,81960
F,90000400,0,0,0,0,0,0,81960
F,90000401,1,0,0,0,0,0,81960
F,90000800,0,0,0,0,0,0,81960
F,90001000,0,0,0,0,0,0,81960
F,90001200,0,0,0,0,0,0,81960
F,90001201,1,0,0,0,0,0,81960
F,90001600,0,0,0,0,0,0,81960
F,90000000,0,90,2,1,0,0,82020
F,90000001,1,90,2,1,0,0,82020
F,90000200,0,0,0,0,0,0,82020
F,90000201,1,0,0,0,0,0,82020
F,90000400,0,0,0,0,0,0,82020
F,90000401,1,0,0,0,0,0,82020
F,90000800,0,0,0,0,0,0,82020
F,90001000,0,0,0,0,0,0,82020
F,90001200,0,0,0,0,0,0,82020
F,90001201,1,0,0,0,0,0,82020
F,90001600,0,0,0,0,0,0,82020
F,90000000,0,90,2,1,0,0,82080
F,90000001,1,90,2,1,0,0,82080
F,90000200,0,0,0,0,0,0,82080
F,90000201,1,0,0,0,0,0,82080
F,90000400,0,0,0,0,0,0,82080
F,90000401,1,0,0,0,0,0,82080
F,90000800,0,0,0,0,0,0,82080
F,90001000,0,0,0,0,0,0,82080
F,90001200,0,0,0,0,0,0,82080
F,90001201,1,0,0,0,0,0,82080
F,90001600,0,0,0,0,0,0,82080
F,90000000,0,90,2,1,0,0,82140
F,90000001,1,90,2,1,0,0,82140
F,90000200,0,0,0,0,0,0,82140
F,90000201,1,0,0,0,0,0,82140
F,90000400,0,90,1,1,0,0,82140
F,90000401,1,0,1,0,0,0,82140
F,90000800,0,0,0,0,0,0,82140
F,90001000,0,0,0,0,0,0,82140
F,90001200,0,0,0,0,0,0,82140
F,90001201,1,0,0,0,0,0,82140
F,90001600,0,0,0,0,0,0,82140
F,90000000,0,0,1,0,0,0,82200
F,90000001,1,90,1,1,0,0,82200
F,90000200,0,0,0,0,0,0,82200
F,90000201,1,0,0,0,0,0,82200
F,90000400,0,90,1,1,0,0,82200
F,90000401,1,0,1,0,0,0,82200
F,90000800,0,0,0,0,0,0,82200
F,90001000,0,0,0,0,0,0,82200
F,90001200,0,0,0,0,0,0,82200
F,90001201,1,0,0,0,0,0,82200
F,90001600,0,0,0,0,0,0,82200
F,90000000,0,0,1,0,0,0,82260
F,90000001,1,90,1,1,0,0,82260
F,90000200,0,0,0,0,0,0,82260
F,90000201,1,0,0,0,0,0,82260
F,90000400,0,90,1,1,0,0,82260
F,90000401,1,0,1,0,0,0,82260
F,90000800,0,0,0,0,0,0,82260
F,90001000,0,0,0,0,0,0,82260
F,90001200,0,0,0,0,0,0,82260
F,90001201,1,0,0,0,0,0,82260
F,90001600,0,0,0,0,0,0,82260
F,90000000,0,0,1,0,0,0,82320
F,90000001,1,90,1,1,0,0,82320
F,90000200,0,0,0,0,0,0,82320
F,90000201,1,0,0,0,0,0,82320
F,90000400,0,90,1,1,0,0,82320
F,90000401,1,0,1,0,0,0,82320
F,90000800,0,0,0,0,0,0,82320
F,90001000,0,0,0,0,0,0,82320
F,90001200,0,0,0,0,0,0,82320
F,90001201,1,0,0,0,0,0,82320
F,90001600,0,0,0,0,0,0,82320
F,90000000,0,0,1,0,0,0,82380
F,90000001,1,90,1,1,0,0,82380
F,90000200,0,0,0,0,0,0,82380
F,90000201,1,0,0,0,0,0,82380
F,90000400,0,90,1,1,0,0,82380
F,90000401,1,0,1,0,0,0,82380
F,90000800,0,0,0,0,0,0,82380
F,90001000,0,0,0,0,0,0,82380
F,90001200,0,0,0,0,0,0,82380
F,90001201,1,0,0,0,0,0,82380
F,90001600,0,0,0,0,0,0,82380
F,90000000,0,0,1,0,0,0,82440
F,90000001,1,90,1,1,0,0,82440
F,90000200,0,0,0,0,0,0,82440
F,90000201,1,0,0,0,0,0,82440
F,90000400,0,90,1,1,0,0,82440
F,90000401,1,0,1,0,0,0,82440
F,90000800,0,0,0,0,0,0,82440
F,90001000,0,0,0,0,0,0,82440
F,90001200,0,0,0,0,0,0,82440
F,90001201,1,0,0,0,0,0,82440
F,90001600,0,0,0,0,0,0,82440
F,90000000,0,0,1,0,0,0,82500
F,90000001,1,90,1,1,0,0,82500
F,90000200,0,0,0,0,0,0,82500
F,90000201,1,0,0,0,0,0,82500
F,90000400,0,90,1,1,0,0,82500
F,90000401,1,0,1,0,0,0,82500
F,90000800,0,0,0,0,0,0,82500
F,90001000,0,0,0,0,0,0,82500
F,90001200,0,0,0,0,0,0,82500
F,90001201,1,0,0,0,0,0,82500
F,90001600,0,0,0,0,0,0,82500
F,90000000,0,0,1,0,0,0,82560
F,90000001,1,90,1,1,0,0,82560
F,90000200,0,90,1,1,0,0,82560
F,90000201,1,0,1,0,0,0,82560
F,90000400,0,90,1,1,0,0,82560
F,90000401,1,0,1,0,0,0,82560
F,90000800,0,0,0,0,0,0,82560
F,90001000,0,0,0,0,0,0,82560
F,90001200,0,0,0,0,0,0,82560
F,90001201,1,0,0,0,0,0,82560
F,90001600,0,0,0,0,0,0,82560
F,90000000,0,0,1,0,0,0,82620
F,90000001,1,90,1,1,0,0,82620
F,90000200,0,90,1,1,0,0,82620
F,90000201,1,0,1,0,0,0,82620
F,90000400,0,90,1,1,0,0,82620
F,90000401,1,0,1,0,0,0,82620
F,90000800,0,0,0,0,0,0,82620
F,90001000,0,0,0,0,0,0,82620
F,90001200,0,0,0,0,0,0,82620
F,90001201,1,0,0,0,0,0,82620
F,90001600,0,0,0,0,0,0,82620
F,90000000,0,0,1,0,0,0,82680
F,90000001,1,90,1,1,0,0,82680
F,90000200,0,90,1,1,0,0,82680
F,90000201,1,0,1,0,0,0,82680
F,90000400,0,90,1,1,0,0,82680
F,90000401,1,0,1,0,0,0,82680
F,90000800,0,0,0,0,0,0,82680
F,90001000,0,0,0,0,0,0,82680
F,90001200,0,0,0,0,0,0,82680
F,90001201,1,0,0,0,0,0,82680
F,90001600,0,0,0,0,0,0,82680
F,90000000,0,0,1,0,0,0,82740
F,90000001,1,90,1,1,0,0,82740
F,90000200,0,90,1,1,0,0,82740
F,90000201,1,0,1,0,0,0,82740
F,90000400,0,90,1,1,0,0,82740
F,90000401,1,0,1,0,0,0,82740
F,90000800,0,0,0,0,0,0,82740
F,90001000,0,0,0,0,0,0,82740
F,90001200,0,0,0,0,0,0,82740
F,90001201,1,0,0,0,0,0,82740
F,90001600,0,0,0,0,0,0,82740
F,90000000,0,0,1,0,0,0,82800
F,90000001,1,90,1,1,0,0,82800
F,90000200,0,90,1,1,0,0,82800
F,90000201,1,0,1,0,0,0,82800
F,90000400,0,90,1,1,0,0,82800
F,90000401,1,0,1,0,0,0,82800
F,90000800,0,0,0,0,0,0,82800
F,90001000,0,0,0,0,0,0,82800
F,90001200,0,0,0,0,0,0,82800
F,90001201,1,0,0,0,0,0,82800
F,90001600,0,0,0,0,0,0,82800
F,90000000,0,0,1,0,0,0,82860
F,90000001,1,90,1,1,0,0,82860
F,90000200,0,90,1,1,0,0,82860
F,90000201,1,0,1,0,0,0,82860
F,90000400,0,90,1,1,0,0,82860
F,90000401,1,0,1,0,0,0,82860
F,90000800,0,0,0,0,0,0,82860
F,90001000,0,0,0,0,0,0,82860
F,90001200,0,0,0,0,0,0,82860
F,90001201,1,0,0,0,0,0,82860
F,90001600,0,0,0,0,0,0,82860
F,90000000,0,0,1,0,0,0,82920
F,90000001,1,90,1,1,0,0,82920
F,90000200,0,90,1,1,0,0,82920
F,90000201,1,0,1,0,0,0,82920
F,90000400,0,90,1,1,0,0,82920
F,90000401,1,0,1,0,0,0,82920
F,90000800,0,0,0,0,0,0,82920
F,90001000,0,0,0,0,0,0,82920
F,90001200,0,0,0,0,0,0,82920
F,90001201,1,0,0,0,0,0,82920
F,90001600,0,0,0,0,0,0,82920
F,90000000,0,0,1,0,0,0,82980
F,90000001,1,90,1,1,0,0,82980
F,90000200,0,90,1,1,0,0,82980
F,90000201,1,0,1,0,0,0,82980
F,90000400,0,90,1,1,0,0,82980
F,90000401,1,0,1,0,0,0,82980
F,90000800,0,0,0,0,0,0,82980
F,90001000,0,0,0,0,0,0,82980
F,90001200,0,0,0,0,0,0,82980
F,90001201,1,0,0,0,0,0,82980
F,90001600,0,0,0,0,0,0,82980
F,90000000,0,0,1,0,0,0,83040
F,90000001,1,90,1,1,0,0,83040
F,90000200,0,90,1,1,0,0,83040
F,90000201,1,0,1,0,0,0,83040
F,90000400,0,90,1,1,0,0,83040
F,90000401,1,0,1,0,0,0,83040
F,90000800,0,0,0,0,0,0,83040
F,90001000,0,0,0,0,0,0,83040
F,90001200,0,0,0,0,0,0,83040
F,90001201,1,0,0,0,0,0,83040
F,90001600,0,0,0,0,0,0,83040
F,90000000,0,90,2,1,0,0,83100
F,90000001,1,90,2,1,0,0,83100
F,90000200,0,90,1,1,0,0,83100
F,90000201,1,0,1,0,0,0,83100
F,90000400,0,90,1,1,0,0,83100
F,90000401,1,0,1,0,0,0,83100
F,90000800,0,0,0,0,0,0,83100
F,90001000,0,0,0,0,0,0,83100
F,90001200,0,0,0,0,0,0,83100
F,90001201,1,0,0,0,0,0,83100
F,90001600,0,0,0,0,0,0,83100
F,90000000,0,90,2,1,0,0,83160
F,90000001,1,90,2,1,0,0,83160
F,90000200,0,90,1,1,0,0,83160
F,90000201,1,0,1,0,0,0,83160
F,90000400,0,90,1,1,0,0,83160
F,90000401,1,0,1,0,0,0,83160
F,90000800,0,0,0,0,0,0,83160
F,90001000,0,0,0,0,0,0,83160
F,90001200,0,0,0,0,0,0,83160
F,90001201,1,0,0,0,0,0,83160
F,90001600,0,0,0,0,0,0,83160
F,90000000,0,90,2,1,0,0,83220
F,90000001,1,90,2,1,0,0,83220
F,90000200,0,90,1,1,0,0,83220
F,90000201,1,0,1,0,0,0,83220
F,90000400,0,90,1,1,0,0,83220
F,90000401,1,0,1,0,0,0,83220
F,90000800,0,0,0,0,0,0,83220
F,90001000,0,0,0,0,0,0,83220
F,90001200,0,0,0,0,0,0,83220
F,90001201,1,0,0,0,0,0,83220
F,90001600,0,0,0,0,0,0,83220
F,90000000,0,90,2,1,0,0,83280
F,90000001,1,90,2,1,0,0,83280
F,90000200,0,90,1,1,0,0,83280
F,90000201,1,0,1,0,0,0,83280
F,90000400,0,90,1,1,0,0,83280
F,90000401,1,0,1,0,0,0,83280
F,90000800,0,0,0,0,0,0,83280
F,90001000,0,0,0,0,0,0,83280
F,90001200,0,0,0,0,0,0,83280
F,90001201,1,0,0,0,0,0,83280
F,90001600,0,0,0,0,0,0,83280
F,90000000,0,90,2,1,0,0,83340
F,90000001,1,90,2,1,0,0,83340
F,90000200,0,90,1,1,0,0,83340
F,90000201,1,0,1,0,0,0,83340
F,90000400,0,90,1,1,0,0,83340
F,90000401,1,0,1,0,0,0,83340
F,90000800,0,0,0,0,0,0,83340
F,90001000,0,0,0,0,0,0,83340
F,90001200,0,0,0,0,0,0,83340
F,90001201,1,0,0,0,0,0,83340
F,90001600,0,0,0,0,0,0,83340
F,90000000,0,90,1,1,0,0,83400
F,90000001,1,0,1,0,0,0,83400
F,90000200,0,90,1,1,0,0,83400
F,90000201,1,0,1,0,0,0,83400
F,90000400,0,90,1,1,0,0,83400
F,90000401,1,0,1,0,0,0,83400
F,90000800,0,0,0,0,0,0,83400
F,90001000,0,0,0,0,0,0,83400
F,90001200,0,0,0,0,0,0,83400
F,90001201,1,0,0,0,0,0,83400
F,90001600,0,0,0,0,0,0,83400
F,90000000,0,90,1,1,0,0,83460
F,90000001,1,0,1,0,0,0,83460
F,90000200,0,90,1,1,0,0,83460
F,90000201,1,0,1,0,0,0,83460
F,90000400,0,90,1,1,0,0,83460
F,90000401,1,0,1,0,0,0,83460
F,90000800,0,0,0,0,0,0,83460
F,90001000,0,0,0,0,0,0,83460
F,90001200,0,0,0,0,0,0,83460
F,90001201,1,0,0,0,0,0,83460
F,90001600,0,0,0,0,0,0,83460
F,90000000,0,90,1,1,0,0,83520
F,90000001,1,0,1,0,0,0,83520
F,90000200,0,90,1,1,0,0,83520
F,90000201,1,0,1,0,0,0,83520
F,90000400,0,90,1,1,0,0,83520
F,90000401,1,0,1,0,0,0,83520
F,90000800,0,0,0,0,0,0,83520
F,90001000,0,0,0,0,0,0,83520
F,90001200,0,0,0,0,0,0,83520
F,90001201,1,0,0,0,0,0,83520
F,90001600,0,0,0,0,0,0,83520
F,90000000,0,90,1,1,0,0,83580
F,90000001,1,0,1,0,0,0,83580
F,90000200,0,90,1,1,0,0,83580
F,90000201,1,0,1,0,0,0,83580
F,90000400,0,90,1,1,0,0,83580
F,90000401,1,0,1,0,0,0,83580
F,90000800,0,0,0,0,0,0,83580
F,90001000,0,0,0,0,0,0,83580
F,90001200,0,0,0,0,0,0,83580
F,90001201,1,0,0,0,0,0,83580
F,90001600,0,0,0,0,0,0,83580
F,90000000,0,90,1,1,0,0,83640
F,90000001,1,0,1,0,0,0,83640
F,90000200,0,90,1,1,0,0,83640
F,90000201,1,0,1,0,0,0,83640
F,90000400,0,0,0,0,0,0,83640
F,90000401,1,0,0,0,0,0,83640
F,90000800,0,0,0,0,0,0,83640
F,90001000,0,0,0,0,0,0,83640
F,90001200,0,0,0,0,0,0,83640
F,90001201,1,0,0,0,0,0,83640
F,90001600,0,0,0,0,0,0,83640
F,90000000,0,90,1,1,0,0,83700
F,90000001,1,0,1,0,0,0,83700
F,90000200,0,90,1,1,0,0,83700
F,90000201,1,0,1,0,0,0,83700
F,90000400,0,0,0,0,0,0,83700
F,90000401,1,0,0,0,0,0,83700
F,90000800,0,0,0,0,0,0,83700
F,90001000,0,0,0,0,0,0,83700
F,90001200,0,0,0,0,0,0,83700
F,90001201,1,0,0,0,0,0,83700
F,90001600,0,0,0,0,0,0,83700
F,90000000,0,90,1,1,0,0,83760
F,90000001,1,0,1,0,0,0,83760
F,90000200,0,90,1,1,0,0,83760
F,90000201,1,0,1,0,0,0,83760
F,90000400,0,0,0,0,0,0,83760
F,90000401,1,0,0,0,0,0,83760
F,90000800,0,0,0,0,0,0,83760
F,90001000,0,0,0,0,0,0,83760
F,90001200,0,0,0,0,0,0,83760
F,90001201,1,0,0,0,0,0,83760
F,90001600,0,0,0,0,0,0,83760
F,90000000,0,90,1,1,0,0,83820
F,90000001,1,0,1,0,0,0,83820
F,90000200,0,90,1,1,0,0,83820
F,90000201,1,0,1,0,0,0,83820
F,90000400,0,0,0,0,0,0,83820
F,90000401,1,0,0,0,0,0,83820
F,90000800,0,0,0,0,0,0,83820
F,90001000,0,0,0,0,0,0,83820
F,90001200,0,0,0,0,0,0,83820
F,90001201,1,0,0,0,0,0,83820
F,90001600,0,0,0,0,0,0,83820
F,90000000,0,90,1,1,0,0,83880
F,90000001,1,0,1,0,0,0,83880
F,90000200,0,90,1,1,0,0,83880
F,90000201,1,0,1,0,0,0,83880
F,90000400,0,0,0,0,0,0,83880
F,90000401,1,0,0,0,0,0,83880
F,90000800,0,0,0,0,0,0,83880
F,90001000,0,0,0,0,0,0,83880
F,90001200,0,0,0,0,0,0,83880
F,90001201,1,0,0,0,0,0,83880
F,90001600,0,0,0,0,0,0,83880
F,90000000,0,90,1,1,0,0,83940
F,90000001,1,0,1,0,0,0,83940
F,90000200,0,90,1,1,0,0,83940
F,90000201,1,0,1,0,0,0,83940
F,90000400,0,0,0,0,0,0,83940
F,90000401,1,0,0,0,0,0,83940
F,90000800,0,0,0,0,0,0,83940
F,90001000,0,0,0,0,0,0,83940
F,90001200,0,0,0,0,0,0,83940
F,90001201,1,0,0,0,0,0,83940
F,90001600,0,0,0,0,0,0,83940
F,90000000,0,90,1,1,0,0,84000
F,90000001,1,0,1,0,0,0,84000
F,90000200,0,0,0,0,0,0,84000
F,90000201,1,0,0,0,0,0,84000
F,90000400,0,0,0,0,0,0,84000
F,90000401,1,0,0,0,0,0,84000
F,90000800,0,0,0,0,0,0,84000
F,90001000,0,0,0,0,0,0,84000
F,90001200,0,0,0,0,0,0,84000
F,90001201,1,0,0,0,0,0,84000
F,90001600,0,0,0,0,0,0,84000
F,90000000,0,90,1,1,0,0,84060
F,90000001,1,0,1,0,0,0,84060
F,90000200,0,0,0,0,0,0,84060
F,90000201,1,0,0,0,0,0,84060
F,90000400,0,0,0,0,0,0,84060
F,90000401,1,0,0,0,0,0,84060
F,90000800,0,0,0,0,0,0,84060
F,90001000,0,0,0,0,0,0,84060
F,90001200,0,0,0,0,0,0,84060
F,90001201,1,0,0,0,0,0,84060
F,90001600,0,0,0,0,0,0,84060
F,90000000,0,90,1,1,0,0,84120
F,90000001,1,0,1,0,0,0,84120
F,90000200,0,0,0,0,0,0,84120
F,90000201,1,0,0,0,0,0,84120
F,90000400,0,0,0,0,0,0,84120
F,90000401,1,0,0,0,0,0,84120
F,90000800,0,0,0,0,0,0,84120
F,90001000,0,0,0,0,0,0,84120
F,90001200,0,0,0,0,0,0,84120
F,90001201,1,0,0,0,0,0,84120
F,90001600,0,0,0,0,0,0,84120
F,90000000,0,90,1,1,0,0,84180
F,90000001,1,0,1,0,0,0,84180
F,90000200,0,0,0,0,0,0,84180
F,90000201,1,0,0,0,0,0,84180
F,90000400,0,0,0,0,0,0,84180
F,90000401,1,0,0,0,0,0,84180
F,90000800,0,0,0,0,0,0,84180
F,90001000,0,0,0,0,0,0,84180
F,90001200,0,0,0,0,0,0,84180
F,90001201,1,0,0,0,0,0,84180
F,90001600,0,0,0,0,0,0,84180
F,90000000,0,90,1,1,0,0,84240
F,90000001,1,0,1,0,0,0,84240
F,90000200,0,0,0,0,0,0,84240
F,90000201,1,0,0,0,0,0,84240
F,90000400,0,0,0,0,0,0,84240
F,90000401,1,0,0,0,0,0,84240
F,90000800,0,0,0,0,0,0,84240
F,90001000,0,0,0,0,0,0,84240
F,90001200,0,0,0,0,0,0,84240
F,90001201,1,0,0,0,0,0,84240
F,90001600,0,0,0,0,0,0,84240
F,90000000,0,90,1,1,0,0,84300
F,90000001,1,0,1,0,0,0,84300
F,90000200,0,0,0,0,0,0,84300
F,90000201,1,0,0,0,0,0,84300
F,90000400,0,0,0,0,0,0,84300
F,90000401,1,0,0,0,0,0,84300
F,90000800,0,0,0,0,0,0,84300
F,90001000,0,0,0,0,0,0,84300
F,90001200,0,0,0,0,0,0,84300
F,90001201,1,0,0,0,0,0,84300
F,90001600,0,0,0,0,0,0,84300
F,90000000,0,90,1,1,0,0,84360
F,90000001,1,0,1,0,0,0,84360
F,90000200,0,0,0,0,0,0,84360
F,90000201,1,0,0,0,0,0,84360
F,90000400,0,0,0,0,0,0,84360
F,90000401,1,0,0,0,0,0,84360
F,90000800,0,0,0,0,0,0,84360
F,90001000,0,0,0,0,0,0,84360
F,90001200,0,0,0,0,0,0,84360
F,90001201,1,0,0,0,0,0,84360
F,90001600,0,0,0,0,0,0,84360
F,90000000,0,90,1,1,0,0,84420
F,90000001,1,0,1,0,0,0,84420
F,90000200,0,0,0,0,0,0,84420
F,90000201,1,0,0,0,0,0,84420
F,90000400,0,0,0,0,0,0,84420
F,90000401,1,0,0,0,0,0,84420
F,90000800,0,0,0,0,0,0,84420
F,90001000,0,0,0,0,0,0,84420
F,90001200,0,0,0,0,0,0,84420
F,90001201,1,0,0,0,0,0,84420
F,90001600,0,0,0,0,0,0,84420
F,90000000,0,90,2,1,0,0,84480
F,90000001,1,90,2,1,0,0,84480
F,90000200,0,0,0,0,0,0,84480
F,90000201,1,0,0,0,0,0,84480
F,90000400,0,0,0,0,0,0,84480
F,90000401,1,0,0,0,0,0,84480
F,90000800,0,0,0,0,0,0,84480
F,90001000,0,0,0,0,0,0,84480
F,90001200,0,0,0,0,0,0,84480
F,90001201,1,0,0,0,0,0,84480
F,90001600,0,0,0,0,0,0,84480
F,90000000,0,0,1,0,0,0,84540
F,90000001,1,90,1,1,0,0,84540
F,90000200,0,0,0,0,0,0,84540
F,90000201,1,0,0,0,0,0,84540
F,90000400,0,0,0,0,0,0,84540
F,90000401,1,0,0,0,0,0,84540
F,90000800,0,0,0,0,0,0,84540
F,90001000,0,0,0,0,0,0,84540
F,90001200,0,0,0,0,0,0,84540
F,90001201,1,0,0,0,0,0,84540
F,90001600,0,0,0,0,0,0,84540
F,90000000,0,0,1,0,0,0,84600
F,90000001,1,90,1,1,0,0,84600
F,90000200,0,0,0,0,0,0,84600
F,90000201,1,0,0,0,0,0,84600
F,90000400,0,0,0,0,0,0,84600
F,90000401,1,0,0,0,0,0,84600
F,90000800,0,0,0,0,0,0,84600
F,90001000,0,0,0,0,0,0,84600
F,90001200,0,0,0,0,0,0,84600
F,90001201,1,0,0,0,0,0,84600
F,90001600,0,0,0,0,0,0,84600
F,90000000,0,0,1,0,0,0,84660
F,90000001,1,90,1,1,0,0,84660
F,90000200,0,0,0,0,0,0,84660
F,90000201,1,0,0,0,0,0,84660
F,90000400,0,0,0,0,0,0,84660
F,90000401,1,0,0,0,0,0,84660
F,90000800,0,0,0,0,0,0,84660
F,90001000,0,0,0,0,0,0,84660
F,90001200,0,0,0,0,0,0,84660
F,90001201,1,0,0,0,0,0,84660
F,90001600,0,0,0,0,0,0,84660
F,90000000,0,0,1,0,0,0,84720
F,90000001,1,90,1,1,0,0,84720
F,90000200,0,0,0,0,0,0,84720
F,90000201,1,0,0,0,0,0,84720
F,90000400,0,0,0,0,0,0,84720
F,90000401,1,0,0,0,0,0,84720
F,90000800,0,0,0,0,0,0,84720
F,90001000,0,0,0,0,0,0,84720
F,90001200,0,0,0,0,0,0,84720
F,90001201,1,0,0,0,0,0,84720
F,90001600,0,0,0,0,0,0,84720
F,90000000,0,0,1,0,0,0,84780
F,90000001,1,90,1,1,0,0,84780
F,90000200,0,0,0,0,0,0,84780
F,90000201,1,0,0,0,0,0,84780
F,90000400,0,0,0,0,0,0,84780
F,90000401,1,0,0,0,0,0,84780
F,90000800,0,0,0,0,0,0,84780
F,90001000,0,0,0,0,0,0,84780
F,90001200,0,0,0,0,0,0,84780
F,90001201,1,0,0,0,0,0,84780
F,90001600,0,0,0,0,0,0,84780
F,90000000,0,0,1,0,0,0,84840
F,90000001,1,90,1,1,0,0,84840
F,90000200,0,0,0,0,0,0,84840
F,90000201,1,0,0,0,0,0,84840
F,90000400,0,0,0,0,0,0,84840
F,90000401,1,0,0,0,0,0,84840
F,90000800,0,0,0,0,0,0,84840
F,90001000,0,0,0,0,0,0,84840
F,90001200,0,0,0,0,0,0,84840
F,90001201,1,0,0,0,0,0,84840
F,90001600,0,0,0,0,0,0,84840
F,90000000,0,0,1,0,0,0,84900
F,90000001,1,90,1,1,0,0,84900
F,90000200,0,0,0,0,0,0,84900
F,90000201,1,0,0,0,0,0,84900
F,90000400,0,0,0,0,0,0,84900
F,90000401,1,0,0,0,0,0,84900
F,90000800,0,0,0,0,0,0,84900
F,90001000,0,0,0,0,0,0,84900
F,90001200,0,0,0,0,0,0,84900
F,90001201,1,0,0,0,0,0,84900
F,90001600,0,0,0,0,0,0,84900
F,90000000,0,0,1,0,0,0,84960
F,90000001,1,90,1,1,0,0,84960
F,90000200,0,0,0,0,0,0,84960
F,90000201,1,0,0,0,0,0,84960
F,90000400,0,0,0,0,0,0,84960
F,90000401,1,0,0,0,0,0,84960
F,90000800,0,0,0,0,0,0,84960
F,90001000,0,0,0,0,0,0,84960
F,90001200,0,0,0,0,0,0,84960
F,90001201,1,0,0,0,0,0,84960
F,90001600,0,0,0,0,0,0,84960
F,90000000,0,0,1,0,0,0,85020
F,90000001,1,90,1,1,0,0,85020
F,90000200,0,0,0,0,0,0,85020
F,90000201,1,0,0,0,0,0,85020
F,90000400,0,0,0,0,0,0,85020
F,90000401,1,0,0,0,0,0,85020
F,90000800,0,0,0,0,0,0,85020
F,90001000,0,0,0,0,0,0,85020
F,90001200,0,0,0,0,0,0,85020
F,90001201,1,0,0,0,0,0,85020
F,90001600,0,0,0,0,0,0,85020
F,90000000,0,0,1,0,0,0,85080
F,90000001,1,90,1,1,0,0,85080
F,90000200,0,0,0,0,0,0,85080
F,90000201,1,0,0,0,0,0,85080
F,90000400,0,0,0,0,0,0,85080
F,90000401,1,0,0,0,0,0,85080
F,90000800,0,0,0,0,0,0,85080
F,90001000,0,0,0,0,0,0,85080
F,90001200,0,0,0,0,0,0,85080
F,90001201,1,0,0,0,0,0,85080
F,90001600,0,0,0,0,0,0,85080
F,90000000,0,0,1,0,0,0,85140
F,90000001,1,90,1,1,0,0,85140
F,90000200,0,0,0,0,0,0,85140
F,90000201,1,0,0,0,0,0,85140
F,90000400,0,0,0,0,0,0,85140
F,90000401,1,0,0,0,0,0,85140
F,90000800,0,0,0,0,0,0,85140
F,90001000,0,0,0,0,0,0,85140
F,90001200,0,0,0,0,0,0,85140
F,90001201,1,0,0,0,0,0,85140
F,90001600,0,0,0,0,0,0,85140
F,90000000,0,0,1,0,0,0,85200
F,90000001,1,90,1,1,0,0,85200
F,90000200,0,0,0,0,0,0,85200
F,90000201,1,0,0,0,0,0,85200
F,90000400,0,0,0,0,0,0,85200
F,90000401,1,0,0,0,0,0,85200
F,90000800,0,0,0,0,0,0,85200
F,90001000,0,0,0,0,0,0,85200
F,90001200,0,0,0,0,0,0,85200
F,90001201,1,0,0,0,0,0,85200
F,90001600,0,0,0,0,0,0,85200
F,90000000,0,0,1,0,0,0,85260
F,90000001,1,90,1,1,0,0,85260
F,90000200,0,0,0,0,0,0,85260
F,90000201,1,0,0,0,0,0,85260
F,90000400,0,0,0,0,0,0,85260
F,90000401,1,0,0,0,0,0,85260
F,90000800,0,0,0,0,0,0,85260
F,90001000,0,0,0,0,0,0,85260
F,90001200,0,0,0,0,0,0,85260
F,90001201,1,0,0,0,0,0,85260
F,90001600,0,0,0,0,0,0,85260
F,90000000,0,0,1,0,0,0,85320
F,90000001,1,90,1,1,0,0,85320
F,90000200,0,0,0,0,0,0,85320
F,90000201,1,0,0,0,0,0,85320
F,90000400,0,0,0,0,0,0,85320
F,90000401,1,0,0,0,0,0,85320
F,90000800,0,0,0,0,0,0,85320
F,90001000,0,0,0,0,0,0,85320
F,90001200,0,0,0,0,0,0,85320
F,90001201,1,0,0,0,0,0,85320
F,90001600,0,0,0,0,0,0,85320
F,90000000,0,0,1,0,0,0,85380
F,90000001,1,90,1,1,0,0,85380
F,90000200,0,0,0,0,0,0,85380
F,90000201,1,0,0,0,0,0,85380
F,90000400,0,0,0,0,0,0,85380
F,90000401,1,0,0,0,0,0,85380
F,90000800,0,0,0,0,0,0,85380
F,90001000,0,0,0,0,0,0,85380
F,90001200,0,0,0,0,0,0,85380
F,90001201,1,0,0,0,0,0,85380
F,90001600,0,0,0,0,0,0,85380
F,90000000,0,0,1,0,0,0,85440
F,90000001,1,90,1,1,0,0,85440
F,90000200,0,0,0,0,0,0,85440
F,90000201,1,0,0,0,0,0,85440
F,90000400,0,0,0,0,0,0,85440
F,90000401,1,0,0,0,0,0,85440
F,90000800,0,0,0,0,0,0,85440
F,90001000,0,0,0,0,0,0,85440
F,90001200,0,0,0,0,0,0,85440
F,90001201,1,0,0,0,0,0,85440
F,90001600,0,0,0,0,0,0,85440
F,90000000,0,0,1,0,0,0,85500
F,90000001,1,90,1,1,0,0,85500
F,90000200,0,0,0,0,0,0,85500
F,90000201,1,0,0,0,0,0,85500
F,90000400,0,0,0,0,0,0,85500
F,90000401,1,0,0,0,0,0,85500
F,90000800,0,0,0,0,0,0,85500
F,90001000,0,0,0,0,0,0,85500
F,90001200,0,0,0,0,0,0,85500
F,90001201,1,0,0,0,0,0,85500
F,90001600,0,0,0,0,0,0,85500
F,90000000,0,0,1,0,0,0,85560
F,90000001,1,90,1,1,0,0,85560
F,90000200,0,0,0,0,0,0,85560
F,90000201,1,0,0,0,0,0,85560
F,90000400,0,0,0,0,0,0,85560
F,90000401,1,0,0,0,0,0,85560
F,90000800,0,0,0,0,0,0,85560
F,90001000,0,0,0,0,0,0,85560
F,90001200,0,0,0,0,0,0,85560
F,90001201,1,0,0,0,0,0,85560
F,90001600,0,0,0,0,0,0,85560
F,90000000,0,0,1,0,0,0,85620
F,90000001,1,90,1,1,0,0,85620
F,90000200,0,0,0,0,0,0,85620
F,90000201,1,0,0,0,0,0,85620
F,90000400,0,0,0,0,0,0,85620
F,90000401,1,0,0,0,0,0,85620
F,90000800,0,0,0,0,0,0,85620
F,90001000,0,0,0,0,0,0,85620
F,90001200,0,0,0,0,0,0,85620
F,90001201,1,0,0,0,0,0,85620
F,90001600,0,0,0,0,0,0,85620
F,90000000,0,0,1,0,0,0,85680
F,90000001,1,90,1,1,0,0,85680
F,90000200,0,0,0,0,0,0,85680
F,90000201,1,0,0,0,0,0,85680
F,90000400,0,0,0,0,0,0,85680
F,90000401,1,0,0,0,0,0,85680
F,90000800,0,0,0,0,0,0,85680
F,90001000,0,0,0,0,0,0,85680
F,90001200,0,0,0,0,0,0,85680
F,90001201,1,0,0,0,0,0,85680
F,90001600,0,0,0,0,0,0,85680
F,90000000,0,0,1,0,0,0,85740
F,90000001,1,90,1,1,0,0,85740
F,90000200,0,0,0,0,0,0,85740
F,90000201,1,0,0,0,0,0,85740
F,90000400,0,0,0,0,0,0,85740
F,90000401,1,0,0,0,0,0,85740
F,90000800,0,0,0,0,0,0,85740
F,90001000,0,0,0,0,0,0,85740
F,90001200,0,0,0,0,0,0,85740
F,90001201,1,0,0,0,0,0,85740
F,90001600,0,0,0,0,0,0,85740
F,90000000,0,0,1,0,0,0,85800
F,90000001,1,90,1,1,0,0,85800
F,90000200,0,0,0,0,0,0,85800
F,90000201,1,0,0,0,0,0,85800
F,90000400,0,0,0,0,0,0,85800
F,90000401,1,0,0,0,0,0,85800
F,90000800,0,0,0,0,0,0,85800
F,90001000,0,0,0,0,0,0,85800
F,90001200,0,0,0,0,0,0,85800
F,90001201,1,0,0,0,0,0,85800
F,90001600,0,0,0,0,0,0,85800
F,90000000,0,0,1,0,0,0,85860
F,90000001,1,90,1,1,0,0,85860
F,90000200,0,0,0,0,0,0,85860
F,90000201,1,0,0,0,0,0,85860
F,90000400,0,0,0,0,0,0,85860
F,90000401,1,0,0,0,0,0,85860
F,90000800,0,90,1,1,0,0,85860
F,90001000,0,0,0,0,0,0,85860
F,90001200,0,0,0,0,0,0,85860
F,90001201,1,0,0,0,0,0,85860
F,90001600,0,0,0,0,0,0,85860
F,90000000,0,0,0,0,0,0,85920
F,90000001,1,0,0,0,0,0,85920
F,90000200,0,0,0,0,0,0,85920
F,90000201,1,0,0,0,0,0,85920
F,90000400,0,0,0,0,0,0,85920
F,90000401,1,0,0,0,0,0,85920
F,90000800,0,90,1,1,0,0,85920
F,90001000,0,0,0,0,0,0,85920
F,90001200,0,0,0,0,0,0,85920
F,90001201,1,0,0,0,0,0,85920
F,90001600,0,0,0,0,0,0,85920
F,90000000,0,0,0,0,0,0,85980
F,90000001,1,0,0,0,0,0,85980
F,90000200,0,0,0,0,0,0,85980
F,90000201,1,0,0,0,0,0,85980
F,90000400,0,0,0,0,0,0,85980
F,90000401,1,0,0,0,0,0,85980
F,90000800,0,90,1,1,0,0,85980
F,90001000,0,0,0,0,0,0,85980
F,90001200,0,0,0,0,0,0,85980
F,90001201,1,0,0,0,0,0,85980
F,90001600,0,0,0,0,0,0,85980
F,90000000,0,0,0,0,0,0,86040
F,90000001,1,0,0,0,0,0,86040
F,90000200,0,0,0,0,0,0,86040
F,90000201,1,0,0,0,0,0,86040
F,90000400,0,0,0,0,0,0,86040
F,90000401,1,0,0,0,0,0,86040
F,90000800,0,90,1,1,0,0,86040
F,90001000,0,0,0,0,0,0,86040
F,90001200,0,0,0,0,0,0,86040
F,90001201,1,0,0,0,0,0,86040
F,90001600,0,0,0,0,0,0,86040
F,90000000,0,0,0,0,0,0,86100
F,90000001,1,0,0,0,0,0,86100
F,90000200,0,0,0,0,0,0,86100
F,90000201,1,0,0,0,0,0,86100
F,90000400,0,0,0,0,0,0,86100
F,90000401,1,0,0,0,0,0,86100
F,90000800,0,90,1,1,0,0,86100
F,90001000,0,0,0,0,0,0,86100
F,90001200,0,0,0,0,0,0,86100
F,90001201,1,0,0,0,0,0,86100
F,90001600,0,0,0,0,0,0,86100
F,90000000,0,0,0,0,0,0,86160
F,90000001,1,0,0,0,0,0,86160
F,90000200,0,0,0,0,0,0,86160
F,90000201,1,0,0,0,0,0,86160
F,90000400,0,0,0,0,0,0,86160
F,90000401,1,0,0,0,0,0,86160
F,90000800,0,90,1,1,0,0,86160
F,90001000,0,0,0,0,0,0,86160
F,90001200,0,0,0,0,0,0,86160
F,90001201,1,0,0,0,0,0,86160
F,90001600,0,0,0,0,0,0,86160
F,90000000,0,0,0,0,0,0,86220
F,90000001,1,0,0,0,0,0,86220
F,90000200,0,0,0,0,0,0,86220
F,90000201,1,0,0,0,0,0,86220
F,90000400,0,0,0,0,0,0,86220
F,90000401,1,0,0,0,0,0,86220
F,90000800,0,90,1,1,0,0,86220
F,90001000,0,0,0,0,0,0,86220
F,90001200,0,0,0,0,0,0,86220
F,90001201,1,0,0,0,0,0,86220
F,90001600,0,0,0,0,0,0,86220
F,90000000,0,0,0,0,0,0,86280
F,90000001,1,0,0,0,0,0,86280
F,90000200,0,0,0,0,0,0,86280
F,90000201,1,0,0,0,0,0,86280
F,90000400,0,0,0,0,0,0,86280
F,90000401,1,0,0,0,0,0,86280
F,90000800,0,90,1,1,0,0,86280
F,90001000,0,0,0,0,0,0,86280
F,90001200,0,0,0,0,0,0,86280
F,90001201,1,0,0,0,0,0,86280
F,90001600,0,0,0,0,0,0,86280
F,90000000,0,0,0,0,0,0,86340
F,90000001,1,0,0,0,0,0,86340
F,90000200,0,0,0,0,0,0,86340
F,90000201,1,0,0,0,0,0,86340
F,90000400,0,0,0,0,0,0,86340
F,90000401,1,0,0,0,0,0,86340
F,90000800,0,90,1,1,0,0,86340
F,90001000,0,0,0,0,0,0,86340
F,90001200,0,0,0,0,0,0,86340
F,90001201,1,0,0,0,0,0,86340
F,90001600,0,0,0,0,0,0,86340
F,90000000,0,0,0,0,0,0,86400
F,90000001,1,0,0,0,0,0,86400
F,90000200,0,0,0,0,0,0,86400
F,90000201,1,0,0,0,0,0,86400
F,90000400,0,0,0,0,0,0,86400
F,90000401,1,0,0,0,0,0,86400
F,90000800,0,90,1,1,0,0,86400
F,90001000,0,0,0,0,0,0,86400
F,90001200,0,0,0,0,0,0,86400
F,90001201,1,0,0,0,0,0,86400
F,90001600,0,0,0,0,0,0,86400
